job_id,time_submitted,status,walltime,competition_sd,immigration_rate,replicate,daisie_version,ddmodel,params_i
23529667,NA,COMPLETED,14:46:27,0.091,1e-4,1,IW,11,1
23529668,NA,COMPLETED,12:27:23,0.091,1e-4,2,IW,11,1
23529669,NA,COMPLETED,18:56:46,0.091,1e-4,3,IW,11,1
23529675,NA,COMPLETED,1-07:20:06,0.091,1e-4,9,IW,11,1
23529672,NA,COMPLETED,18:28:12,0.091,1e-4,6,IW,11,1
23529671,NA,COMPLETED,12:45:42,0.091,1e-4,5,IW,11,1
23529680,NA,COMPLETED,16:30:32,0.091,1e-4,14,IW,11,1
23529681,NA,COMPLETED,08:12:42,0.091,1e-4,15,IW,11,1
23529682,NA,COMPLETED,09:33:07,0.091,1e-4,16,IW,11,1
23529674,NA,COMPLETED,13:44:56,0.091,1e-4,8,IW,11,1
23529679,NA,COMPLETED,11:21:25,0.091,1e-4,13,IW,11,1
23529678,NA,COMPLETED,14:51:45,0.091,1e-4,12,IW,11,1
23529676,NA,COMPLETED,14:09:16,0.091,1e-4,10,IW,11,1
23529673,NA,COMPLETED,10:53:36,0.091,1e-4,7,IW,11,1
23529677,NA,COMPLETED,10:29:22,0.091,1e-4,11,IW,11,1
23529683,NA,COMPLETED,16:31:21,0.091,1e-4,17,IW,11,1
23529670,NA,COMPLETED,10:40:05,0.091,1e-4,4,IW,11,1
23529684,NA,COMPLETED,12:54:18,0.091,1e-4,18,IW,11,1
23529685,NA,COMPLETED,14:46:20,0.091,1e-4,19,IW,11,1
23529686,NA,COMPLETED,00:08:20,0.091,1e-4,20,IW,11,1
23529687,NA,COMPLETED,08:19:12,0.091,1e-4,21,IW,11,1
23529688,NA,COMPLETED,11:34:59,0.091,1e-4,22,IW,11,1
23529689,NA,COMPLETED,08:53:59,0.091,1e-4,23,IW,11,1
23529691,NA,COMPLETED,12:44:53,0.091,1e-4,25,IW,11,1
23529690,NA,COMPLETED,11:24:49,0.091,1e-4,24,IW,11,1
23529692,NA,COMPLETED,08:57:32,0.091,1e-4,26,IW,11,1
23529693,NA,COMPLETED,18:04:13,0.091,1e-4,27,IW,11,1
23529694,NA,COMPLETED,00:09:01,0.091,1e-4,28,IW,11,1
23529695,NA,COMPLETED,09:30:44,0.091,1e-4,29,IW,11,1
23529696,NA,COMPLETED,11:03:19,0.091,1e-4,30,IW,11,1
23529697,NA,COMPLETED,19:21:50,0.091,1e-4,31,IW,11,1
23529698,NA,COMPLETED,00:07:27,0.091,1e-4,32,IW,11,1
23529699,NA,COMPLETED,00:08:41,0.091,1e-4,33,IW,11,1
23529700,NA,COMPLETED,09:30:28,0.091,1e-4,34,IW,11,1
23529701,NA,COMPLETED,00:08:14,0.091,1e-4,35,IW,11,1
23529702,NA,COMPLETED,12:40:22,0.091,1e-4,36,IW,11,1
23529703,NA,COMPLETED,17:18:03,0.091,1e-4,37,IW,11,1
23529704,NA,COMPLETED,16:28:23,0.091,1e-4,38,IW,11,1
23529705,NA,COMPLETED,12:18:48,0.091,1e-4,39,IW,11,1
23529706,NA,COMPLETED,00:08:26,0.091,1e-4,40,IW,11,1
23529707,NA,COMPLETED,13:42:33,0.091,1e-4,41,IW,11,1
23529708,NA,COMPLETED,12:49:46,0.091,1e-4,42,IW,11,1
23529709,NA,COMPLETED,10:03:38,0.091,1e-4,43,IW,11,1
23529710,NA,COMPLETED,11:39:47,0.091,1e-4,44,IW,11,1
23529711,NA,COMPLETED,07:49:07,0.091,1e-4,45,IW,11,1
23529712,NA,COMPLETED,07:58:40,0.091,1e-4,46,IW,11,1
23529713,NA,COMPLETED,14:20:20,0.091,1e-4,47,IW,11,1
23529714,NA,COMPLETED,09:16:56,0.091,1e-4,48,IW,11,1
23529715,NA,COMPLETED,11:06:51,0.091,1e-4,49,IW,11,1
23529716,NA,COMPLETED,00:08:47,0.091,1e-4,50,IW,11,1
23529717,NA,COMPLETED,09:13:54,0.091,1e-4,51,IW,11,1
23529718,NA,COMPLETED,12:11:09,0.091,1e-4,52,IW,11,1
23529719,NA,COMPLETED,00:07:54,0.091,1e-4,53,IW,11,1
23529720,NA,COMPLETED,00:07:17,0.091,1e-4,54,IW,11,1
23529721,NA,COMPLETED,11:08:43,0.091,1e-4,55,IW,11,1
23529722,NA,COMPLETED,09:37:59,0.091,1e-4,56,IW,11,1
23529725,NA,COMPLETED,09:16:53,0.091,1e-4,59,IW,11,1
23529724,NA,COMPLETED,12:26:56,0.091,1e-4,58,IW,11,1
23529723,NA,COMPLETED,10:56:33,0.091,1e-4,57,IW,11,1
23529726,NA,COMPLETED,09:29:01,0.091,1e-4,60,IW,11,1
23529727,NA,COMPLETED,10:43:57,0.091,1e-4,61,IW,11,1
23529728,NA,COMPLETED,09:23:36,0.091,1e-4,62,IW,11,1
23529729,NA,COMPLETED,00:00:08,0.091,1e-4,63,IW,11,1
23529730,NA,COMPLETED,09:46:18,0.091,1e-4,64,IW,11,1
23529731,NA,COMPLETED,1-04:02:28,0.091,1e-4,65,IW,11,1
23529732,NA,COMPLETED,11:20:57,0.091,1e-4,66,IW,11,1
23529733,NA,COMPLETED,10:40:31,0.091,1e-4,67,IW,11,1
23529734,NA,COMPLETED,09:19:53,0.091,1e-4,68,IW,11,1
23529735,NA,COMPLETED,07:15:00,0.091,1e-4,69,IW,11,1
23529736,NA,COMPLETED,09:57:36,0.091,1e-4,70,IW,11,1
23529737,NA,COMPLETED,12:23:23,0.091,1e-4,71,IW,11,1
23529738,NA,COMPLETED,00:07:31,0.091,1e-4,72,IW,11,1
23529739,NA,COMPLETED,08:02:52,0.091,1e-4,73,IW,11,1
23529740,NA,COMPLETED,13:32:05,0.091,1e-4,74,IW,11,1
23529741,NA,COMPLETED,09:12:04,0.091,1e-4,75,IW,11,1
23529742,NA,COMPLETED,11:54:50,0.091,1e-4,76,IW,11,1
23529743,NA,COMPLETED,14:46:16,0.091,1e-4,77,IW,11,1
23529744,NA,COMPLETED,06:53:03,0.091,1e-4,78,IW,11,1
23529745,NA,COMPLETED,00:06:56,0.091,1e-4,79,IW,11,1
23529746,NA,COMPLETED,00:07:53,0.091,1e-4,80,IW,11,1
23529747,NA,COMPLETED,16:03:30,0.091,1e-4,81,IW,11,1
23529748,NA,COMPLETED,10:05:07,0.091,1e-4,82,IW,11,1
23529749,NA,FAILED,06:03:02,0.091,1e-4,83,IW,11,1
23529750,NA,COMPLETED,00:07:40,0.091,1e-4,84,IW,11,1
23529751,NA,COMPLETED,00:07:19,0.091,1e-4,85,IW,11,1
23529752,NA,COMPLETED,10:53:32,0.091,1e-4,86,IW,11,1
23529753,NA,COMPLETED,00:07:34,0.091,1e-4,87,IW,11,1
23529754,NA,COMPLETED,12:53:22,0.091,1e-4,88,IW,11,1
23529755,NA,COMPLETED,14:33:28,0.091,1e-4,89,IW,11,1
23529756,NA,COMPLETED,12:17:46,0.091,1e-4,90,IW,11,1
23529757,NA,COMPLETED,10:59:27,0.091,1e-4,91,IW,11,1
23529758,NA,COMPLETED,12:07:23,0.091,1e-4,92,IW,11,1
23529759,NA,COMPLETED,09:25:12,0.091,1e-4,93,IW,11,1
23529760,NA,COMPLETED,00:08:06,0.091,1e-4,94,IW,11,1
23529762,NA,COMPLETED,00:06:37,0.091,1e-4,96,IW,11,1
23529761,NA,COMPLETED,00:07:25,0.091,1e-4,95,IW,11,1
23529763,NA,COMPLETED,09:10:48,0.091,1e-4,97,IW,11,1
23529764,NA,COMPLETED,14:14:05,0.091,1e-4,98,IW,11,1
23529765,NA,COMPLETED,09:33:32,0.091,1e-4,99,IW,11,1
23529766,NA,COMPLETED,00:07:41,0.091,1e-4,100,IW,11,1
23529767,NA,RUNNING,NA,0.091,0.01,1,IW,11,1
23529768,NA,OUT_OF_MEMORY,NA,0.091,0.01,2,IW,11,1
23529769,NA,RUNNING,NA,0.091,0.01,3,IW,11,1
23529770,NA,OUT_OF_MEMORY,NA,0.091,0.01,4,IW,11,1
23529771,NA,OUT_OF_MEMORY,NA,0.091,0.01,5,IW,11,1
23529773,NA,RUNNING,NA,0.091,0.01,7,IW,11,1
23529772,NA,RUNNING,NA,0.091,0.01,6,IW,11,1
23529775,NA,OUT_OF_MEMORY,NA,0.091,0.01,9,IW,11,1
23529774,NA,OUT_OF_MEMORY,NA,0.091,0.01,8,IW,11,1
23529776,NA,RUNNING,NA,0.091,0.01,10,IW,11,1
23529777,NA,RUNNING,NA,0.091,0.01,11,IW,11,1
23529778,NA,OUT_OF_MEMORY,NA,0.091,0.01,12,IW,11,1
23529779,NA,RUNNING,NA,0.091,0.01,13,IW,11,1
23529781,NA,RUNNING,NA,0.091,0.01,15,IW,11,1
23529782,NA,OUT_OF_MEMORY,NA,0.091,0.01,16,IW,11,1
23529780,NA,RUNNING,NA,0.091,0.01,14,IW,11,1
23529784,NA,OUT_OF_MEMORY,NA,0.091,0.01,18,IW,11,1
23529783,NA,OUT_OF_MEMORY,NA,0.091,0.01,17,IW,11,1
23529785,NA,OUT_OF_MEMORY,NA,0.091,0.01,19,IW,11,1
23529787,NA,COMPLETED,NA,0.091,0.01,21,IW,11,1
23529786,NA,OUT_OF_MEMORY,NA,0.091,0.01,20,IW,11,1
23529788,NA,OUT_OF_MEMORY,NA,0.091,0.01,22,IW,11,1
23529789,NA,RUNNING,NA,0.091,0.01,23,IW,11,1
23529791,NA,OUT_OF_MEMORY,NA,0.091,0.01,25,IW,11,1
23529792,NA,RUNNING,NA,0.091,0.01,26,IW,11,1
23529793,NA,RUNNING,NA,0.091,0.01,27,IW,11,1
23529795,NA,RUNNING,NA,0.091,0.01,29,IW,11,1
23529796,NA,COMPLETED,NA,0.091,0.01,30,IW,11,1
23529797,NA,RUNNING,NA,0.091,0.01,31,IW,11,1
23529798,NA,OUT_OF_MEMORY,NA,0.091,0.01,32,IW,11,1
23529799,NA,OUT_OF_MEMORY,NA,0.091,0.01,33,IW,11,1
23529800,NA,OUT_OF_MEMORY,NA,0.091,0.01,34,IW,11,1
23529801,NA,OUT_OF_MEMORY,NA,0.091,0.01,35,IW,11,1
23529802,NA,OUT_OF_MEMORY,NA,0.091,0.01,36,IW,11,1
23529794,NA,OUT_OF_MEMORY,NA,0.091,0.01,28,IW,11,1
23529790,NA,COMPLETED,NA,0.091,0.01,24,IW,11,1
23529803,NA,RUNNING,NA,0.091,0.01,37,IW,11,1
23529804,NA,RUNNING,NA,0.091,0.01,38,IW,11,1
23529805,NA,RUNNING,NA,0.091,0.01,39,IW,11,1
23529807,NA,OUT_OF_MEMORY,NA,0.091,0.01,41,IW,11,1
23529806,NA,COMPLETED,NA,0.091,0.01,40,IW,11,1
23529808,NA,OUT_OF_MEMORY,NA,0.091,0.01,42,IW,11,1
23529809,NA,RUNNING,NA,0.091,0.01,43,IW,11,1
23529810,NA,RUNNING,NA,0.091,0.01,44,IW,11,1
23529811,NA,RUNNING,NA,0.091,0.01,45,IW,11,1
23529812,NA,RUNNING,NA,0.091,0.01,46,IW,11,1
23529813,NA,OUT_OF_MEMORY,NA,0.091,0.01,47,IW,11,1
23529814,NA,RUNNING,NA,0.091,0.01,48,IW,11,1
23529815,NA,RUNNING,NA,0.091,0.01,49,IW,11,1
23529816,NA,OUT_OF_MEMORY,NA,0.091,0.01,50,IW,11,1
23529817,NA,OUT_OF_MEMORY,NA,0.091,0.01,51,IW,11,1
23529818,NA,RUNNING,NA,0.091,0.01,52,IW,11,1
23529820,NA,COMPLETED,NA,0.091,0.01,54,IW,11,1
23529819,NA,OUT_OF_MEMORY,NA,0.091,0.01,53,IW,11,1
23529821,NA,RUNNING,NA,0.091,0.01,55,IW,11,1
23529822,NA,OUT_OF_MEMORY,NA,0.091,0.01,56,IW,11,1
23529823,NA,FAILED,NA,0.091,0.01,57,IW,11,1
23529825,NA,COMPLETED,NA,0.091,0.01,59,IW,11,1
23529824,NA,RUNNING,NA,0.091,0.01,58,IW,11,1
23529827,NA,OUT_OF_MEMORY,NA,0.091,0.01,61,IW,11,1
23529828,NA,OUT_OF_MEMORY,NA,0.091,0.01,62,IW,11,1
23529829,NA,OUT_OF_MEMORY,NA,0.091,0.01,63,IW,11,1
23529830,NA,RUNNING,NA,0.091,0.01,64,IW,11,1
23529831,NA,RUNNING,NA,0.091,0.01,65,IW,11,1
23529826,NA,RUNNING,NA,0.091,0.01,60,IW,11,1
23529832,NA,OUT_OF_MEMORY,NA,0.091,0.01,66,IW,11,1
23529833,NA,OUT_OF_MEMORY,NA,0.091,0.01,67,IW,11,1
23529834,NA,COMPLETED,NA,0.091,0.01,68,IW,11,1
23529836,NA,OUT_OF_MEMORY,NA,0.091,0.01,70,IW,11,1
23529835,NA,RUNNING,NA,0.091,0.01,69,IW,11,1
23529837,NA,OUT_OF_MEMORY,NA,0.091,0.01,71,IW,11,1
23529838,NA,OUT_OF_MEMORY,NA,0.091,0.01,72,IW,11,1
23529839,NA,OUT_OF_MEMORY,NA,0.091,0.01,73,IW,11,1
23529840,NA,OUT_OF_MEMORY,NA,0.091,0.01,74,IW,11,1
23529843,NA,OUT_OF_MEMORY,NA,0.091,0.01,77,IW,11,1
23529842,NA,OUT_OF_MEMORY,NA,0.091,0.01,76,IW,11,1
23529841,NA,OUT_OF_MEMORY,NA,0.091,0.01,75,IW,11,1
23529845,NA,OUT_OF_MEMORY,NA,0.091,0.01,79,IW,11,1
23529844,NA,OUT_OF_MEMORY,NA,0.091,0.01,78,IW,11,1
23529846,NA,RUNNING,NA,0.091,0.01,80,IW,11,1
23529848,NA,OUT_OF_MEMORY,NA,0.091,0.01,82,IW,11,1
23529847,NA,RUNNING,NA,0.091,0.01,81,IW,11,1
23529849,NA,OUT_OF_MEMORY,NA,0.091,0.01,83,IW,11,1
23529850,NA,OUT_OF_MEMORY,NA,0.091,0.01,84,IW,11,1
23529851,NA,OUT_OF_MEMORY,NA,0.091,0.01,85,IW,11,1
23529853,NA,RUNNING,NA,0.091,0.01,87,IW,11,1
23529852,NA,OUT_OF_MEMORY,NA,0.091,0.01,86,IW,11,1
23529855,NA,COMPLETED,NA,0.091,0.01,89,IW,11,1
23529856,NA,RUNNING,NA,0.091,0.01,90,IW,11,1
23529857,NA,OUT_OF_MEMORY,NA,0.091,0.01,91,IW,11,1
23529858,NA,OUT_OF_MEMORY,NA,0.091,0.01,92,IW,11,1
23529859,NA,RUNNING,NA,0.091,0.01,93,IW,11,1
23529860,NA,RUNNING,NA,0.091,0.01,94,IW,11,1
23529861,NA,RUNNING,NA,0.091,0.01,95,IW,11,1
23529862,NA,RUNNING,NA,0.091,0.01,96,IW,11,1
23529863,NA,RUNNING,NA,0.091,0.01,97,IW,11,1
23529864,NA,RUNNING,NA,0.091,0.01,98,IW,11,1
23529865,NA,RUNNING,NA,0.091,0.01,99,IW,11,1
23529866,NA,RUNNING,NA,0.091,0.01,100,IW,11,1
23529867,NA,COMPLETED,01:16:51,0.369,1e-4,1,IW,11,1
23529868,NA,COMPLETED,06:50:56,0.369,1e-4,2,IW,11,1
23529869,NA,COMPLETED,05:48:47,0.369,1e-4,3,IW,11,1
23529870,NA,COMPLETED,17:20:39,0.369,1e-4,4,IW,11,1
23529871,NA,COMPLETED,06:58:24,0.369,1e-4,5,IW,11,1
23529872,NA,COMPLETED,09:54:32,0.369,1e-4,6,IW,11,1
23529873,NA,COMPLETED,06:15:44,0.369,1e-4,7,IW,11,1
23529874,NA,COMPLETED,15:31:37,0.369,1e-4,8,IW,11,1
23529875,NA,COMPLETED,01:27:48,0.369,1e-4,9,IW,11,1
23529876,NA,COMPLETED,02:01:31,0.369,1e-4,10,IW,11,1
23529878,NA,COMPLETED,12:34:14,0.369,1e-4,12,IW,11,1
23529877,NA,COMPLETED,03:04:30,0.369,1e-4,11,IW,11,1
23529879,NA,COMPLETED,01:13:15,0.369,1e-4,13,IW,11,1
23529880,NA,COMPLETED,15:16:27,0.369,1e-4,14,IW,11,1
23529881,NA,COMPLETED,02:20:43,0.369,1e-4,15,IW,11,1
23529882,NA,COMPLETED,08:29:41,0.369,1e-4,16,IW,11,1
23529883,NA,COMPLETED,08:41:29,0.369,1e-4,17,IW,11,1
23529884,NA,COMPLETED,10:24:59,0.369,1e-4,18,IW,11,1
23529885,NA,COMPLETED,05:16:36,0.369,1e-4,19,IW,11,1
23529886,NA,COMPLETED,08:36:46,0.369,1e-4,20,IW,11,1
23529887,NA,COMPLETED,02:15:18,0.369,1e-4,21,IW,11,1
23529888,NA,COMPLETED,02:06:19,0.369,1e-4,22,IW,11,1
23529889,NA,COMPLETED,10:11:31,0.369,1e-4,23,IW,11,1
23529854,NA,OUT_OF_MEMORY,NA,0.091,0.01,88,IW,11,1
23529891,NA,COMPLETED,19:12:33,0.369,1e-4,25,IW,11,1
23529890,NA,COMPLETED,02:00:24,0.369,1e-4,24,IW,11,1
23529893,NA,COMPLETED,09:32:38,0.369,1e-4,27,IW,11,1
23529892,NA,COMPLETED,00:39:09,0.369,1e-4,26,IW,11,1
23529894,NA,COMPLETED,10:14:40,0.369,1e-4,28,IW,11,1
23529896,NA,COMPLETED,06:04:19,0.369,1e-4,30,IW,11,1
23529897,NA,COMPLETED,00:39:20,0.369,1e-4,31,IW,11,1
23529895,NA,COMPLETED,11:02:57,0.369,1e-4,29,IW,11,1
23529898,NA,COMPLETED,02:25:35,0.369,1e-4,32,IW,11,1
23529899,NA,COMPLETED,21:11:19,0.369,1e-4,33,IW,11,1
23529900,NA,COMPLETED,12:10:14,0.369,1e-4,34,IW,11,1
23529901,NA,COMPLETED,06:49:55,0.369,1e-4,35,IW,11,1
23529903,NA,COMPLETED,10:11:30,0.369,1e-4,37,IW,11,1
23529904,NA,COMPLETED,03:43:53,0.369,1e-4,38,IW,11,1
23529905,NA,COMPLETED,00:00:26,0.369,1e-4,39,IW,11,1
23529906,NA,COMPLETED,10:48:37,0.369,1e-4,40,IW,11,1
23529908,NA,COMPLETED,10:16:06,0.369,1e-4,42,IW,11,1
23529902,NA,COMPLETED,01:45:47,0.369,1e-4,36,IW,11,1
23529909,NA,COMPLETED,01:14:44,0.369,1e-4,43,IW,11,1
23529910,NA,COMPLETED,00:00:10,0.369,1e-4,44,IW,11,1
23529911,NA,COMPLETED,2-05:20:56,0.369,1e-4,45,IW,11,1
23529912,NA,COMPLETED,03:53:32,0.369,1e-4,46,IW,11,1
23529913,NA,COMPLETED,09:03:34,0.369,1e-4,47,IW,11,1
23529917,NA,COMPLETED,17:51:31,0.369,1e-4,51,IW,11,1
23529918,NA,COMPLETED,18:35:08,0.369,1e-4,52,IW,11,1
23529919,NA,COMPLETED,03:11:30,0.369,1e-4,53,IW,11,1
23529916,NA,COMPLETED,17:53:29,0.369,1e-4,50,IW,11,1
23529921,NA,COMPLETED,03:16:57,0.369,1e-4,55,IW,11,1
23529925,NA,COMPLETED,04:46:34,0.369,1e-4,59,IW,11,1
23529924,NA,COMPLETED,07:59:58,0.369,1e-4,58,IW,11,1
23529926,NA,COMPLETED,16:09:46,0.369,1e-4,60,IW,11,1
23529929,NA,COMPLETED,08:49:44,0.369,1e-4,63,IW,11,1
23529928,NA,COMPLETED,02:03:47,0.369,1e-4,62,IW,11,1
23529930,NA,COMPLETED,06:18:21,0.369,1e-4,64,IW,11,1
23529931,NA,COMPLETED,1-12:28:08,0.369,1e-4,65,IW,11,1
23529932,NA,COMPLETED,06:13:32,0.369,1e-4,66,IW,11,1
23529934,NA,COMPLETED,18:24:30,0.369,1e-4,68,IW,11,1
23529935,NA,COMPLETED,13:23:03,0.369,1e-4,69,IW,11,1
23529920,NA,COMPLETED,2-04:47:39,0.369,1e-4,54,IW,11,1
23529936,NA,COMPLETED,16:31:46,0.369,1e-4,70,IW,11,1
23529937,NA,COMPLETED,08:55:14,0.369,1e-4,71,IW,11,1
23529933,NA,COMPLETED,06:43:58,0.369,1e-4,67,IW,11,1
23529927,NA,COMPLETED,03:28:36,0.369,1e-4,61,IW,11,1
23529939,NA,COMPLETED,00:36:05,0.369,1e-4,73,IW,11,1
23529922,NA,COMPLETED,2-04:02:25,0.369,1e-4,56,IW,11,1
23529923,NA,COMPLETED,03:40:52,0.369,1e-4,57,IW,11,1
23529940,NA,COMPLETED,00:08:17,0.369,1e-4,74,IW,11,1
23529941,NA,COMPLETED,07:19:11,0.369,1e-4,75,IW,11,1
23529938,NA,COMPLETED,19:46:33,0.369,1e-4,72,IW,11,1
23529942,NA,COMPLETED,15:04:41,0.369,1e-4,76,IW,11,1
23529943,NA,COMPLETED,05:54:07,0.369,1e-4,77,IW,11,1
23529944,NA,COMPLETED,01:41:31,0.369,1e-4,78,IW,11,1
23529915,NA,COMPLETED,08:32:43,0.369,1e-4,49,IW,11,1
23529914,NA,COMPLETED,08:19:33,0.369,1e-4,48,IW,11,1
23529907,NA,COMPLETED,01:28:04,0.369,1e-4,41,IW,11,1
23529946,NA,COMPLETED,03:56:25,0.369,1e-4,80,IW,11,1
23529945,NA,COMPLETED,18:47:10,0.369,1e-4,79,IW,11,1
23529947,NA,COMPLETED,13:06:27,0.369,1e-4,81,IW,11,1
23529948,NA,COMPLETED,03:13:19,0.369,1e-4,82,IW,11,1
23529949,NA,COMPLETED,10:18:29,0.369,1e-4,83,IW,11,1
23529950,NA,COMPLETED,2-03:04:17,0.369,1e-4,84,IW,11,1
23529951,NA,COMPLETED,11:04:39,0.369,1e-4,85,IW,11,1
23529952,NA,COMPLETED,03:49:03,0.369,1e-4,86,IW,11,1
23529953,NA,COMPLETED,00:00:22,0.369,1e-4,87,IW,11,1
23529955,NA,COMPLETED,03:00:48,0.369,1e-4,89,IW,11,1
23529954,NA,COMPLETED,12:37:28,0.369,1e-4,88,IW,11,1
23529956,NA,COMPLETED,01:02:18,0.369,1e-4,90,IW,11,1
23529957,NA,COMPLETED,2-02:31:07,0.369,1e-4,91,IW,11,1
23529958,NA,COMPLETED,09:26:06,0.369,1e-4,92,IW,11,1
23529959,NA,COMPLETED,10:36:22,0.369,1e-4,93,IW,11,1
23529960,NA,COMPLETED,01:41:19,0.369,1e-4,94,IW,11,1
23529961,NA,COMPLETED,07:14:58,0.369,1e-4,95,IW,11,1
23529962,NA,COMPLETED,10:31:17,0.369,1e-4,96,IW,11,1
23529963,NA,COMPLETED,00:00:23,0.369,1e-4,97,IW,11,1
23529964,NA,COMPLETED,08:34:21,0.369,1e-4,98,IW,11,1
23529965,NA,COMPLETED,07:27:10,0.369,1e-4,99,IW,11,1
23529966,NA,COMPLETED,04:47:08,0.369,1e-4,100,IW,11,1
23529969,NA,OUT_OF_MEMORY,NA,0.369,0.01,3,IW,11,1
23529968,NA,OUT_OF_MEMORY,NA,0.369,0.01,2,IW,11,1
23529967,NA,OUT_OF_MEMORY,NA,0.369,0.01,1,IW,11,1
23529970,NA,OUT_OF_MEMORY,NA,0.369,0.01,4,IW,11,1
23529971,NA,OUT_OF_MEMORY,NA,0.369,0.01,5,IW,11,1
23529973,NA,OUT_OF_MEMORY,NA,0.369,0.01,7,IW,11,1
23529972,NA,COMPLETED,NA,0.369,0.01,6,IW,11,1
23529974,NA,OUT_OF_MEMORY,NA,0.369,0.01,8,IW,11,1
23529975,NA,OUT_OF_MEMORY,NA,0.369,0.01,9,IW,11,1
23529976,NA,OUT_OF_MEMORY,NA,0.369,0.01,10,IW,11,1
23529977,NA,OUT_OF_MEMORY,NA,0.369,0.01,11,IW,11,1
23529978,NA,OUT_OF_MEMORY,NA,0.369,0.01,12,IW,11,1
23529979,NA,OUT_OF_MEMORY,NA,0.369,0.01,13,IW,11,1
23529981,NA,OUT_OF_MEMORY,NA,0.369,0.01,15,IW,11,1
23529980,NA,OUT_OF_MEMORY,NA,0.369,0.01,14,IW,11,1
23529982,NA,OUT_OF_MEMORY,NA,0.369,0.01,16,IW,11,1
23529983,NA,OUT_OF_MEMORY,NA,0.369,0.01,17,IW,11,1
23529984,NA,OUT_OF_MEMORY,NA,0.369,0.01,18,IW,11,1
23529985,NA,COMPLETED,NA,0.369,0.01,19,IW,11,1
23529986,NA,OUT_OF_MEMORY,NA,0.369,0.01,20,IW,11,1
23529987,NA,OUT_OF_MEMORY,NA,0.369,0.01,21,IW,11,1
23529988,NA,OUT_OF_MEMORY,NA,0.369,0.01,22,IW,11,1
23529989,NA,OUT_OF_MEMORY,NA,0.369,0.01,23,IW,11,1
23529990,NA,OUT_OF_MEMORY,NA,0.369,0.01,24,IW,11,1
23529991,NA,OUT_OF_MEMORY,NA,0.369,0.01,25,IW,11,1
23529992,NA,OUT_OF_MEMORY,NA,0.369,0.01,26,IW,11,1
23529993,NA,OUT_OF_MEMORY,NA,0.369,0.01,27,IW,11,1
23529994,NA,OUT_OF_MEMORY,NA,0.369,0.01,28,IW,11,1
23529995,NA,OUT_OF_MEMORY,NA,0.369,0.01,29,IW,11,1
23529996,NA,COMPLETED,NA,0.369,0.01,30,IW,11,1
23529997,NA,COMPLETED,NA,0.369,0.01,31,IW,11,1
23529998,NA,OUT_OF_MEMORY,NA,0.369,0.01,32,IW,11,1
23529999,NA,COMPLETED,NA,0.369,0.01,33,IW,11,1
23530000,NA,OUT_OF_MEMORY,NA,0.369,0.01,34,IW,11,1
23530001,NA,OUT_OF_MEMORY,NA,0.369,0.01,35,IW,11,1
23530002,NA,OUT_OF_MEMORY,NA,0.369,0.01,36,IW,11,1
23530003,NA,OUT_OF_MEMORY,NA,0.369,0.01,37,IW,11,1
23530004,NA,OUT_OF_MEMORY,NA,0.369,0.01,38,IW,11,1
23530005,NA,OUT_OF_MEMORY,NA,0.369,0.01,39,IW,11,1
23530006,NA,OUT_OF_MEMORY,NA,0.369,0.01,40,IW,11,1
23530008,NA,OUT_OF_MEMORY,NA,0.369,0.01,42,IW,11,1
23530007,NA,OUT_OF_MEMORY,NA,0.369,0.01,41,IW,11,1
23530010,NA,COMPLETED,NA,0.369,0.01,44,IW,11,1
23530011,NA,OUT_OF_MEMORY,NA,0.369,0.01,45,IW,11,1
23530012,NA,OUT_OF_MEMORY,NA,0.369,0.01,46,IW,11,1
23530009,NA,OUT_OF_MEMORY,NA,0.369,0.01,43,IW,11,1
23530014,NA,OUT_OF_MEMORY,NA,0.369,0.01,48,IW,11,1
23530013,NA,OUT_OF_MEMORY,NA,0.369,0.01,47,IW,11,1
23530015,NA,OUT_OF_MEMORY,NA,0.369,0.01,49,IW,11,1
23530016,NA,OUT_OF_MEMORY,NA,0.369,0.01,50,IW,11,1
23530017,NA,OUT_OF_MEMORY,NA,0.369,0.01,51,IW,11,1
23530018,NA,OUT_OF_MEMORY,NA,0.369,0.01,52,IW,11,1
23530019,NA,OUT_OF_MEMORY,NA,0.369,0.01,53,IW,11,1
23530020,NA,OUT_OF_MEMORY,NA,0.369,0.01,54,IW,11,1
23530023,NA,OUT_OF_MEMORY,NA,0.369,0.01,57,IW,11,1
23530022,NA,OUT_OF_MEMORY,NA,0.369,0.01,56,IW,11,1
23530021,NA,OUT_OF_MEMORY,NA,0.369,0.01,55,IW,11,1
23530024,NA,OUT_OF_MEMORY,NA,0.369,0.01,58,IW,11,1
23530025,NA,OUT_OF_MEMORY,NA,0.369,0.01,59,IW,11,1
23530027,NA,COMPLETED,NA,0.369,0.01,61,IW,11,1
23530026,NA,OUT_OF_MEMORY,NA,0.369,0.01,60,IW,11,1
23530029,NA,OUT_OF_MEMORY,NA,0.369,0.01,63,IW,11,1
23530030,NA,OUT_OF_MEMORY,NA,0.369,0.01,64,IW,11,1
23530028,NA,OUT_OF_MEMORY,NA,0.369,0.01,62,IW,11,1
23530031,NA,OUT_OF_MEMORY,NA,0.369,0.01,65,IW,11,1
23530032,NA,OUT_OF_MEMORY,NA,0.369,0.01,66,IW,11,1
23530035,NA,OUT_OF_MEMORY,NA,0.369,0.01,69,IW,11,1
23530036,NA,OUT_OF_MEMORY,NA,0.369,0.01,70,IW,11,1
23530038,NA,OUT_OF_MEMORY,NA,0.369,0.01,72,IW,11,1
23530037,NA,OUT_OF_MEMORY,NA,0.369,0.01,71,IW,11,1
23530040,NA,OUT_OF_MEMORY,NA,0.369,0.01,74,IW,11,1
23530041,NA,OUT_OF_MEMORY,NA,0.369,0.01,75,IW,11,1
23530039,NA,OUT_OF_MEMORY,NA,0.369,0.01,73,IW,11,1
23530043,NA,OUT_OF_MEMORY,NA,0.369,0.01,77,IW,11,1
23530042,NA,OUT_OF_MEMORY,NA,0.369,0.01,76,IW,11,1
23530044,NA,OUT_OF_MEMORY,NA,0.369,0.01,78,IW,11,1
23530046,NA,OUT_OF_MEMORY,NA,0.369,0.01,80,IW,11,1
23530047,NA,OUT_OF_MEMORY,NA,0.369,0.01,81,IW,11,1
23530045,NA,OUT_OF_MEMORY,NA,0.369,0.01,79,IW,11,1
23530048,NA,OUT_OF_MEMORY,NA,0.369,0.01,82,IW,11,1
23530049,NA,OUT_OF_MEMORY,NA,0.369,0.01,83,IW,11,1
23530051,NA,OUT_OF_MEMORY,NA,0.369,0.01,85,IW,11,1
23530050,NA,OUT_OF_MEMORY,NA,0.369,0.01,84,IW,11,1
23530052,NA,OUT_OF_MEMORY,NA,0.369,0.01,86,IW,11,1
23530055,NA,OUT_OF_MEMORY,NA,0.369,0.01,89,IW,11,1
23530054,NA,OUT_OF_MEMORY,NA,0.369,0.01,88,IW,11,1
23530053,NA,OUT_OF_MEMORY,NA,0.369,0.01,87,IW,11,1
23530058,NA,OUT_OF_MEMORY,NA,0.369,0.01,92,IW,11,1
23530056,NA,OUT_OF_MEMORY,NA,0.369,0.01,90,IW,11,1
23530057,NA,OUT_OF_MEMORY,NA,0.369,0.01,91,IW,11,1
23530060,NA,OUT_OF_MEMORY,NA,0.369,0.01,94,IW,11,1
23530059,NA,OUT_OF_MEMORY,NA,0.369,0.01,93,IW,11,1
23530061,NA,OUT_OF_MEMORY,NA,0.369,0.01,95,IW,11,1
23530062,NA,OUT_OF_MEMORY,NA,0.369,0.01,96,IW,11,1
23530064,NA,OUT_OF_MEMORY,NA,0.369,0.01,98,IW,11,1
23530063,NA,OUT_OF_MEMORY,NA,0.369,0.01,97,IW,11,1
23530065,NA,OUT_OF_MEMORY,NA,0.369,0.01,99,IW,11,1
23530066,NA,OUT_OF_MEMORY,NA,0.369,0.01,100,IW,11,1
23530033,NA,OUT_OF_MEMORY,NA,0.369,0.01,67,IW,11,1
23530034,NA,COMPLETED,NA,0.369,0.01,68,IW,11,1
23631797,NA,NA,NA,0.369,1e-4,1,CS,11,1
23632003,NA,NA,NA,0.369,1e-4,24,CS,11,1
23632001,NA,NA,NA,0.369,1e-4,22,CS,11,1
23631997,NA,NA,NA,0.369,1e-4,18,CS,11,1
23631998,NA,NA,NA,0.369,1e-4,19,CS,11,1
23631995,NA,NA,NA,0.369,1e-4,16,CS,11,1
23631994,NA,NA,NA,0.369,1e-4,15,CS,11,1
23632000,NA,NA,NA,0.369,1e-4,21,CS,11,1
23632004,NA,NA,NA,0.369,1e-4,25,CS,11,1
23631999,NA,NA,NA,0.369,1e-4,20,CS,11,1
23632002,NA,NA,NA,0.369,1e-4,23,CS,11,1
23631996,NA,NA,NA,0.369,1e-4,17,CS,11,1
23631993,NA,NA,NA,0.369,1e-4,14,CS,11,1
23631991,NA,NA,NA,0.369,1e-4,12,CS,11,1
23631984,NA,NA,NA,0.369,1e-4,5,CS,11,1
23631985,NA,NA,NA,0.369,1e-4,6,CS,11,1
23631981,NA,NA,NA,0.369,1e-4,2,CS,11,1
23631989,NA,NA,NA,0.369,1e-4,10,CS,11,1
23631988,NA,NA,NA,0.369,1e-4,9,CS,11,1
23631983,NA,NA,NA,0.369,1e-4,4,CS,11,1
23631986,NA,NA,NA,0.369,1e-4,7,CS,11,1
23631982,NA,NA,NA,0.369,1e-4,3,CS,11,1
23631990,NA,NA,NA,0.369,1e-4,11,CS,11,1
23631992,NA,NA,NA,0.369,1e-4,13,CS,11,1
23631987,NA,NA,NA,0.369,1e-4,8,CS,11,1
23632019,NA,NA,NA,0.369,1e-4,40,CS,11,1
23632023,NA,NA,NA,0.369,1e-4,44,CS,11,1
23632021,NA,NA,NA,0.369,1e-4,42,CS,11,1
23632024,NA,NA,NA,0.369,1e-4,45,CS,11,1
23632028,NA,NA,NA,0.369,1e-4,49,CS,11,1
23632018,NA,NA,NA,0.369,1e-4,39,CS,11,1
23632010,NA,NA,NA,0.369,1e-4,31,CS,11,1
23632020,NA,NA,NA,0.369,1e-4,41,CS,11,1
23632005,NA,NA,NA,0.369,1e-4,26,CS,11,1
23632027,NA,NA,NA,0.369,1e-4,48,CS,11,1
23632012,NA,NA,NA,0.369,1e-4,33,CS,11,1
23632022,NA,NA,NA,0.369,1e-4,43,CS,11,1
23632025,NA,NA,NA,0.369,1e-4,46,CS,11,1
23632013,NA,NA,NA,0.369,1e-4,34,CS,11,1
23632026,NA,NA,NA,0.369,1e-4,47,CS,11,1
23632015,NA,NA,NA,0.369,1e-4,36,CS,11,1
23632016,NA,NA,NA,0.369,1e-4,37,CS,11,1
23632006,NA,NA,NA,0.369,1e-4,27,CS,11,1
23632007,NA,NA,NA,0.369,1e-4,28,CS,11,1
23632014,NA,NA,NA,0.369,1e-4,35,CS,11,1
23632017,NA,NA,NA,0.369,1e-4,38,CS,11,1
23632011,NA,NA,NA,0.369,1e-4,32,CS,11,1
23632008,NA,NA,NA,0.369,1e-4,29,CS,11,1
23632009,NA,NA,NA,0.369,1e-4,30,CS,11,1
23632070,NA,NA,NA,0.369,1e-4,91,CS,11,1
23632032,NA,NA,NA,0.369,1e-4,53,CS,11,1
23632045,NA,NA,NA,0.369,1e-4,66,CS,11,1
23632044,NA,NA,NA,0.369,1e-4,65,CS,11,1
23632035,NA,NA,NA,0.369,1e-4,56,CS,11,1
23632043,NA,NA,NA,0.369,1e-4,64,CS,11,1
23632062,NA,NA,NA,0.369,1e-4,83,CS,11,1
23632063,NA,NA,NA,0.369,1e-4,84,CS,11,1
23632056,NA,NA,NA,0.369,1e-4,77,CS,11,1
23632046,NA,NA,NA,0.369,1e-4,67,CS,11,1
23632051,NA,NA,NA,0.369,1e-4,72,CS,11,1
23632052,NA,NA,NA,0.369,1e-4,73,CS,11,1
23632030,NA,NA,NA,0.369,1e-4,51,CS,11,1
23632036,NA,NA,NA,0.369,1e-4,57,CS,11,1
23632037,NA,NA,NA,0.369,1e-4,58,CS,11,1
23632033,NA,NA,NA,0.369,1e-4,54,CS,11,1
23632064,NA,NA,NA,0.369,1e-4,85,CS,11,1
23632066,NA,NA,NA,0.369,1e-4,87,CS,11,1
23632065,NA,NA,NA,0.369,1e-4,86,CS,11,1
23632061,NA,NA,NA,0.369,1e-4,82,CS,11,1
23632031,NA,NA,NA,0.369,1e-4,52,CS,11,1
23632050,NA,NA,NA,0.369,1e-4,71,CS,11,1
23632034,NA,NA,NA,0.369,1e-4,55,CS,11,1
23632039,NA,NA,NA,0.369,1e-4,60,CS,11,1
23632042,NA,NA,NA,0.369,1e-4,63,CS,11,1
23632057,NA,NA,NA,0.369,1e-4,78,CS,11,1
23632058,NA,NA,NA,0.369,1e-4,79,CS,11,1
23632047,NA,NA,NA,0.369,1e-4,68,CS,11,1
23632029,NA,NA,NA,0.369,1e-4,50,CS,11,1
23632068,NA,NA,NA,0.369,1e-4,89,CS,11,1
23632067,NA,NA,NA,0.369,1e-4,88,CS,11,1
23632069,NA,NA,NA,0.369,1e-4,90,CS,11,1
23632060,NA,NA,NA,0.369,1e-4,81,CS,11,1
23632048,NA,NA,NA,0.369,1e-4,69,CS,11,1
23632054,NA,NA,NA,0.369,1e-4,75,CS,11,1
23632038,NA,NA,NA,0.369,1e-4,59,CS,11,1
23632041,NA,NA,NA,0.369,1e-4,62,CS,11,1
23632059,NA,NA,NA,0.369,1e-4,80,CS,11,1
23632055,NA,NA,NA,0.369,1e-4,76,CS,11,1
23632049,NA,NA,NA,0.369,1e-4,70,CS,11,1
23632040,NA,NA,NA,0.369,1e-4,61,CS,11,1
23632053,NA,NA,NA,0.369,1e-4,74,CS,11,1
23632072,NA,NA,NA,0.369,1e-4,93,CS,11,1
23632073,NA,NA,NA,0.369,1e-4,94,CS,11,1
23632071,NA,NA,NA,0.369,1e-4,92,CS,11,1
23632082,NA,NA,NA,0.369,0.01,3,CS,11,1
23632080,NA,NA,NA,0.369,0.01,1,CS,11,1
23632081,NA,NA,NA,0.369,0.01,2,CS,11,1
23632076,NA,NA,NA,0.369,1e-4,97,CS,11,1
23632077,NA,NA,NA,0.369,1e-4,98,CS,11,1
23632078,NA,NA,NA,0.369,1e-4,99,CS,11,1
23632079,NA,NA,NA,0.369,1e-4,100,CS,11,1
23632074,NA,NA,NA,0.369,1e-4,95,CS,11,1
23632075,NA,NA,NA,0.369,1e-4,96,CS,11,1
23632083,NA,NA,NA,0.369,0.01,4,CS,11,1
23632090,NA,NA,NA,0.369,0.01,11,CS,11,1
23632084,NA,NA,NA,0.369,0.01,5,CS,11,1
23632089,NA,NA,NA,0.369,0.01,10,CS,11,1
23632092,NA,NA,NA,0.369,0.01,13,CS,11,1
23632091,NA,NA,NA,0.369,0.01,12,CS,11,1
23632088,NA,NA,NA,0.369,0.01,9,CS,11,1
23632087,NA,NA,NA,0.369,0.01,8,CS,11,1
23632086,NA,NA,NA,0.369,0.01,7,CS,11,1
23632085,NA,NA,NA,0.369,0.01,6,CS,11,1
23632095,NA,NA,NA,0.369,0.01,16,CS,11,1
23632096,NA,NA,NA,0.369,0.01,17,CS,11,1
23632093,NA,NA,NA,0.369,0.01,14,CS,11,1
23632094,NA,NA,NA,0.369,0.01,15,CS,11,1
23632097,NA,NA,NA,0.369,0.01,18,CS,11,1
23632120,NA,NA,NA,0.369,0.01,41,CS,11,1
23632121,NA,NA,NA,0.369,0.01,42,CS,11,1
23632119,NA,NA,NA,0.369,0.01,40,CS,11,1
23632116,NA,NA,NA,0.369,0.01,37,CS,11,1
23632110,NA,NA,NA,0.369,0.01,31,CS,11,1
23632114,NA,NA,NA,0.369,0.01,35,CS,11,1
23632113,NA,NA,NA,0.369,0.01,34,CS,11,1
23632112,NA,NA,NA,0.369,0.01,33,CS,11,1
23632117,NA,NA,NA,0.369,0.01,38,CS,11,1
23632115,NA,NA,NA,0.369,0.01,36,CS,11,1
23632118,NA,NA,NA,0.369,0.01,39,CS,11,1
23632111,NA,NA,NA,0.369,0.01,32,CS,11,1
23632103,NA,NA,NA,0.369,0.01,24,CS,11,1
23632107,NA,NA,NA,0.369,0.01,28,CS,11,1
23632102,NA,NA,NA,0.369,0.01,23,CS,11,1
23632109,NA,NA,NA,0.369,0.01,30,CS,11,1
23632108,NA,NA,NA,0.369,0.01,29,CS,11,1
23632104,NA,NA,NA,0.369,0.01,25,CS,11,1
23632101,NA,NA,NA,0.369,0.01,22,CS,11,1
23632098,NA,NA,NA,0.369,0.01,19,CS,11,1
23632105,NA,NA,NA,0.369,0.01,26,CS,11,1
23632106,NA,NA,NA,0.369,0.01,27,CS,11,1
23632100,NA,NA,NA,0.369,0.01,21,CS,11,1
23632099,NA,NA,NA,0.369,0.01,20,CS,11,1
23632139,NA,NA,NA,0.369,0.01,60,CS,11,1
23632127,NA,NA,NA,0.369,0.01,48,CS,11,1
23632143,NA,NA,NA,0.369,0.01,64,CS,11,1
23632132,NA,NA,NA,0.369,0.01,53,CS,11,1
23632131,NA,NA,NA,0.369,0.01,52,CS,11,1
23632144,NA,NA,NA,0.369,0.01,65,CS,11,1
23632124,NA,NA,NA,0.369,0.01,45,CS,11,1
23632135,NA,NA,NA,0.369,0.01,56,CS,11,1
23632126,NA,NA,NA,0.369,0.01,47,CS,11,1
23632128,NA,NA,NA,0.369,0.01,49,CS,11,1
23632122,NA,NA,NA,0.369,0.01,43,CS,11,1
23632137,NA,NA,NA,0.369,0.01,58,CS,11,1
23632129,NA,NA,NA,0.369,0.01,50,CS,11,1
23632136,NA,NA,NA,0.369,0.01,57,CS,11,1
23632123,NA,NA,NA,0.369,0.01,44,CS,11,1
23632125,NA,NA,NA,0.369,0.01,46,CS,11,1
23632133,NA,NA,NA,0.369,0.01,54,CS,11,1
23632138,NA,NA,NA,0.369,0.01,59,CS,11,1
23632140,NA,NA,NA,0.369,0.01,61,CS,11,1
23632142,NA,NA,NA,0.369,0.01,63,CS,11,1
23632130,NA,NA,NA,0.369,0.01,51,CS,11,1
23632134,NA,NA,NA,0.369,0.01,55,CS,11,1
23632141,NA,NA,NA,0.369,0.01,62,CS,11,1
23632156,NA,NA,NA,0.369,0.01,77,CS,11,1
23632157,NA,NA,NA,0.369,0.01,78,CS,11,1
23632152,NA,NA,NA,0.369,0.01,73,CS,11,1
23632158,NA,NA,NA,0.369,0.01,79,CS,11,1
23632153,NA,NA,NA,0.369,0.01,74,CS,11,1
23632155,NA,NA,NA,0.369,0.01,76,CS,11,1
23632154,NA,NA,NA,0.369,0.01,75,CS,11,1
23632151,NA,NA,NA,0.369,0.01,72,CS,11,1
23632145,NA,NA,NA,0.369,0.01,66,CS,11,1
23632146,NA,NA,NA,0.369,0.01,67,CS,11,1
23632148,NA,NA,NA,0.369,0.01,69,CS,11,1
23632150,NA,NA,NA,0.369,0.01,71,CS,11,1
23632147,NA,NA,NA,0.369,0.01,68,CS,11,1
23632149,NA,NA,NA,0.369,0.01,70,CS,11,1
23632162,NA,NA,NA,0.369,0.01,83,CS,11,1
23632159,NA,NA,NA,0.369,0.01,80,CS,11,1
23632160,NA,NA,NA,0.369,0.01,81,CS,11,1
23632161,NA,NA,NA,0.369,0.01,82,CS,11,1
23632163,NA,NA,NA,0.369,0.01,84,CS,11,1
23632164,NA,NA,NA,0.369,0.01,85,CS,11,1
23632165,NA,NA,NA,0.369,0.01,86,CS,11,1
23632166,NA,NA,NA,0.369,0.01,87,CS,11,1
23632169,NA,NA,NA,0.369,0.01,90,CS,11,1
23632167,NA,NA,NA,0.369,0.01,88,CS,11,1
23632168,NA,NA,NA,0.369,0.01,89,CS,11,1
23632171,NA,NA,NA,0.369,0.01,92,CS,11,1
23632170,NA,NA,NA,0.369,0.01,91,CS,11,1
23632172,NA,NA,NA,0.369,0.01,93,CS,11,1
23632173,NA,NA,NA,0.369,0.01,94,CS,11,1
23632174,NA,NA,NA,0.369,0.01,95,CS,11,1
23632176,NA,NA,NA,0.369,0.01,97,CS,11,1
23632175,NA,NA,NA,0.369,0.01,96,CS,11,1
23632177,NA,NA,NA,0.369,0.01,98,CS,11,1
23632179,NA,NA,NA,0.369,0.01,100,CS,11,1
23632178,NA,NA,NA,0.369,0.01,99,CS,11,1
23633059,NA,NA,NA,0.091,0.01,2,IW,11,1
23633060,NA,NA,NA,0.091,0.01,4,IW,11,1
23633061,NA,NA,NA,0.091,0.01,5,IW,11,1
23633062,NA,NA,NA,0.091,0.01,9,IW,11,1
23633063,NA,NA,NA,0.091,0.01,8,IW,11,1
23633064,NA,NA,NA,0.091,0.01,12,IW,11,1
23633065,NA,NA,NA,0.091,0.01,16,IW,11,1
23633066,NA,NA,NA,0.091,0.01,18,IW,11,1
23633067,NA,NA,NA,0.091,0.01,17,IW,11,1
23633068,NA,NA,NA,0.091,0.01,19,IW,11,1
23633069,NA,NA,NA,0.091,0.01,20,IW,11,1
23633070,NA,NA,NA,0.091,0.01,22,IW,11,1
23633075,NA,NA,NA,0.091,0.01,35,IW,11,1
23633074,NA,NA,NA,0.091,0.01,34,IW,11,1
23633077,NA,NA,NA,0.091,0.01,28,IW,11,1
23633076,NA,NA,NA,0.091,0.01,36,IW,11,1
23633072,NA,NA,NA,0.091,0.01,32,IW,11,1
23633071,NA,NA,NA,0.091,0.01,25,IW,11,1
23633073,NA,NA,NA,0.091,0.01,33,IW,11,1
23633082,NA,NA,NA,0.091,0.01,51,IW,11,1
23633084,NA,NA,NA,0.091,0.01,56,IW,11,1
23633083,NA,NA,NA,0.091,0.01,53,IW,11,1
23633080,NA,NA,NA,0.091,0.01,47,IW,11,1
23633081,NA,NA,NA,0.091,0.01,50,IW,11,1
23633079,NA,NA,NA,0.091,0.01,42,IW,11,1
23633078,NA,NA,NA,0.091,0.01,41,IW,11,1
23633086,NA,NA,NA,0.091,0.01,62,IW,11,1
23633085,NA,NA,NA,0.091,0.01,61,IW,11,1
23633087,NA,NA,NA,0.091,0.01,63,IW,11,1
23633088,NA,NA,NA,0.091,0.01,66,IW,11,1
23633089,NA,NA,NA,0.091,0.01,67,IW,11,1
23633090,NA,NA,NA,0.091,0.01,70,IW,11,1
23633091,NA,NA,NA,0.091,0.01,71,IW,11,1
23633092,NA,NA,NA,0.091,0.01,72,IW,11,1
23633093,NA,NA,NA,0.091,0.01,73,IW,11,1
23633094,NA,NA,NA,0.091,0.01,74,IW,11,1
23633095,NA,NA,NA,0.091,0.01,77,IW,11,1
23633096,NA,NA,NA,0.091,0.01,76,IW,11,1
23633097,NA,NA,NA,0.091,0.01,75,IW,11,1
23633098,NA,NA,NA,0.091,0.01,79,IW,11,1
23633099,NA,NA,NA,0.091,0.01,78,IW,11,1
23633100,NA,NA,NA,0.091,0.01,82,IW,11,1
23633101,NA,NA,NA,0.091,0.01,83,IW,11,1
23633102,NA,NA,NA,0.091,0.01,84,IW,11,1
23633103,NA,NA,NA,0.091,0.01,85,IW,11,1
23633104,NA,NA,NA,0.091,0.01,86,IW,11,1
23633105,NA,NA,NA,0.091,0.01,91,IW,11,1
23633106,NA,NA,NA,0.091,0.01,92,IW,11,1
23633107,NA,NA,NA,0.091,0.01,88,IW,11,1
23633108,NA,NA,NA,0.369,0.01,3,IW,11,1
23633109,NA,NA,NA,0.369,0.01,2,IW,11,1
23633110,NA,NA,NA,0.369,0.01,1,IW,11,1
23633114,NA,NA,NA,0.369,0.01,8,IW,11,1
23633113,NA,NA,NA,0.369,0.01,7,IW,11,1
23633112,NA,NA,NA,0.369,0.01,5,IW,11,1
23633115,NA,NA,NA,0.369,0.01,9,IW,11,1
23633111,NA,NA,NA,0.369,0.01,4,IW,11,1
23633116,NA,NA,NA,0.369,0.01,10,IW,11,1
23633118,NA,NA,NA,0.369,0.01,12,IW,11,1
23633117,NA,NA,NA,0.369,0.01,11,IW,11,1
23633121,NA,NA,NA,0.369,0.01,14,IW,11,1
23633120,NA,NA,NA,0.369,0.01,15,IW,11,1
23633119,NA,NA,NA,0.369,0.01,13,IW,11,1
23633123,NA,NA,NA,0.369,0.01,17,IW,11,1
23633122,NA,NA,NA,0.369,0.01,16,IW,11,1
23633124,NA,NA,NA,0.369,0.01,18,IW,11,1
23633125,NA,NA,NA,0.369,0.01,20,IW,11,1
23633126,NA,NA,NA,0.369,0.01,21,IW,11,1
23633127,NA,NA,NA,0.369,0.01,22,IW,11,1
23633128,NA,NA,NA,0.369,0.01,23,IW,11,1
23633129,NA,NA,NA,0.369,0.01,24,IW,11,1
23633130,NA,NA,NA,0.369,0.01,25,IW,11,1
23633132,NA,NA,NA,0.369,0.01,27,IW,11,1
23633131,NA,NA,NA,0.369,0.01,26,IW,11,1
23633133,NA,NA,NA,0.369,0.01,28,IW,11,1
23633134,NA,NA,NA,0.369,0.01,29,IW,11,1
23633135,NA,NA,NA,0.369,0.01,32,IW,11,1
23633136,NA,NA,NA,0.369,0.01,34,IW,11,1
23633137,NA,NA,NA,0.369,0.01,35,IW,11,1
23633138,NA,NA,NA,0.369,0.01,36,IW,11,1
23633139,NA,NA,NA,0.369,0.01,37,IW,11,1
23633140,NA,NA,NA,0.369,0.01,38,IW,11,1
23633141,NA,NA,NA,0.369,0.01,39,IW,11,1
23633142,NA,NA,NA,0.369,0.01,40,IW,11,1
23633143,NA,NA,NA,0.369,0.01,42,IW,11,1
23633144,NA,NA,NA,0.369,0.01,41,IW,11,1
23633145,NA,NA,NA,0.369,0.01,45,IW,11,1
23633146,NA,NA,NA,0.369,0.01,46,IW,11,1
23633147,NA,NA,NA,0.369,0.01,43,IW,11,1
23633148,NA,NA,NA,0.369,0.01,48,IW,11,1
23633149,NA,NA,NA,0.369,0.01,47,IW,11,1
23633150,NA,NA,NA,0.369,0.01,49,IW,11,1
23633151,NA,NA,NA,0.369,0.01,50,IW,11,1
23633152,NA,NA,NA,0.369,0.01,51,IW,11,1
23633153,NA,NA,NA,0.369,0.01,52,IW,11,1
23633154,NA,NA,NA,0.369,0.01,53,IW,11,1
23633155,NA,NA,NA,0.369,0.01,54,IW,11,1
23633156,NA,NA,NA,0.369,0.01,57,IW,11,1
23633157,NA,NA,NA,0.369,0.01,56,IW,11,1
23633158,NA,NA,NA,0.369,0.01,55,IW,11,1
23633159,NA,NA,NA,0.369,0.01,58,IW,11,1
23633160,NA,NA,NA,0.369,0.01,59,IW,11,1
23633162,NA,NA,NA,0.369,0.01,63,IW,11,1
23633161,NA,NA,NA,0.369,0.01,60,IW,11,1
23633163,NA,NA,NA,0.369,0.01,64,IW,11,1
23633164,NA,NA,NA,0.369,0.01,62,IW,11,1
23633165,NA,NA,NA,0.369,0.01,65,IW,11,1
23633166,NA,NA,NA,0.369,0.01,66,IW,11,1
23633167,NA,NA,NA,0.369,0.01,69,IW,11,1
23633169,NA,NA,NA,0.369,0.01,72,IW,11,1
23633168,NA,NA,NA,0.369,0.01,70,IW,11,1
23633170,NA,NA,NA,0.369,0.01,71,IW,11,1
23633171,NA,NA,NA,0.369,0.01,74,IW,11,1
23633172,NA,NA,NA,0.369,0.01,75,IW,11,1
23633173,NA,NA,NA,0.369,0.01,73,IW,11,1
23633174,NA,NA,NA,0.369,0.01,77,IW,11,1
23633175,NA,NA,NA,0.369,0.01,76,IW,11,1
23633176,NA,NA,NA,0.369,0.01,78,IW,11,1
23633177,NA,NA,NA,0.369,0.01,80,IW,11,1
23633178,NA,NA,NA,0.369,0.01,81,IW,11,1
23633179,NA,NA,NA,0.369,0.01,79,IW,11,1
23633180,NA,NA,NA,0.369,0.01,82,IW,11,1
23633181,NA,NA,NA,0.369,0.01,83,IW,11,1
23633182,NA,NA,NA,0.369,0.01,85,IW,11,1
23633183,NA,NA,NA,0.369,0.01,84,IW,11,1
23633184,NA,NA,NA,0.369,0.01,86,IW,11,1
23633185,NA,NA,NA,0.369,0.01,89,IW,11,1
23633186,NA,NA,NA,0.369,0.01,88,IW,11,1
23633187,NA,NA,NA,0.369,0.01,87,IW,11,1
23633188,NA,NA,NA,0.369,0.01,92,IW,11,1
23633189,NA,NA,NA,0.369,0.01,90,IW,11,1
23633190,NA,NA,NA,0.369,0.01,91,IW,11,1
23633191,NA,NA,NA,0.369,0.01,94,IW,11,1
23633192,NA,NA,NA,0.369,0.01,93,IW,11,1
23633193,NA,NA,NA,0.369,0.01,95,IW,11,1
23633195,NA,NA,NA,0.369,0.01,98,IW,11,1
23633194,NA,NA,NA,0.369,0.01,96,IW,11,1
23633196,NA,NA,NA,0.369,0.01,97,IW,11,1
23633197,NA,NA,NA,0.369,0.01,99,IW,11,1
23633198,NA,NA,NA,0.369,0.01,100,IW,11,1
23633199,NA,NA,NA,0.369,0.01,67,IW,11,1
23658995,NA,NA,NA,0.369,1e-4,4,CS,11,1
23659012,NA,NA,NA,0.369,1e-4,21,CS,11,1
23659013,NA,NA,NA,0.369,1e-4,22,CS,11,1
23659014,NA,NA,NA,0.369,1e-4,23,CS,11,1
23659002,NA,NA,NA,0.369,1e-4,11,CS,11,1
23659001,NA,NA,NA,0.369,1e-4,10,CS,11,1
23659020,NA,NA,NA,0.369,1e-4,29,CS,11,1
23659019,NA,NA,NA,0.369,1e-4,28,CS,11,1
23659026,NA,NA,NA,0.369,1e-4,35,CS,11,1
23659025,NA,NA,NA,0.369,1e-4,34,CS,11,1
23659040,NA,NA,NA,0.369,1e-4,49,CS,11,1
23659039,NA,NA,NA,0.369,1e-4,48,CS,11,1
23659038,NA,NA,NA,0.369,1e-4,47,CS,11,1
23659016,NA,NA,NA,0.369,1e-4,25,CS,11,1
23659017,NA,NA,NA,0.369,1e-4,26,CS,11,1
23659004,NA,NA,NA,0.369,1e-4,13,CS,11,1
23659003,NA,NA,NA,0.369,1e-4,12,CS,11,1
23659024,NA,NA,NA,0.369,1e-4,33,CS,11,1
23659018,NA,NA,NA,0.369,1e-4,27,CS,11,1
23659015,NA,NA,NA,0.369,1e-4,24,CS,11,1
23659005,NA,NA,NA,0.369,1e-4,14,CS,11,1
23659006,NA,NA,NA,0.369,1e-4,15,CS,11,1
23659009,NA,NA,NA,0.369,1e-4,18,CS,11,1
23659008,NA,NA,NA,0.369,1e-4,17,CS,11,1
23659036,NA,NA,NA,0.369,1e-4,45,CS,11,1
23659022,NA,NA,NA,0.369,1e-4,31,CS,11,1
23659021,NA,NA,NA,0.369,1e-4,30,CS,11,1
23659023,NA,NA,NA,0.369,1e-4,32,CS,11,1
23658999,NA,NA,NA,0.369,1e-4,8,CS,11,1
23658998,NA,NA,NA,0.369,1e-4,7,CS,11,1
23658996,NA,NA,NA,0.369,1e-4,5,CS,11,1
23659000,NA,NA,NA,0.369,1e-4,9,CS,11,1
23658997,NA,NA,NA,0.369,1e-4,6,CS,11,1
23659011,NA,NA,NA,0.369,1e-4,20,CS,11,1
23658994,NA,NA,NA,0.369,1e-4,3,CS,11,1
23659037,NA,NA,NA,0.369,1e-4,46,CS,11,1
23658993,NA,NA,NA,0.369,1e-4,2,CS,11,1
23659010,NA,NA,NA,0.369,1e-4,19,CS,11,1
23658992,NA,NA,NA,0.369,1e-4,1,CS,11,1
23659031,NA,NA,NA,0.369,1e-4,40,CS,11,1
23659033,NA,NA,NA,0.369,1e-4,42,CS,11,1
23659034,NA,NA,NA,0.369,1e-4,43,CS,11,1
23659032,NA,NA,NA,0.369,1e-4,41,CS,11,1
23659007,NA,NA,NA,0.369,1e-4,16,CS,11,1
23659027,NA,NA,NA,0.369,1e-4,36,CS,11,1
23659035,NA,NA,NA,0.369,1e-4,44,CS,11,1
23659029,NA,NA,NA,0.369,1e-4,38,CS,11,1
23659030,NA,NA,NA,0.369,1e-4,39,CS,11,1
23659041,NA,NA,NA,0.369,1e-4,50,CS,11,1
23659028,NA,NA,NA,0.369,1e-4,37,CS,11,1
23659196,NA,NA,NA,0.369,1e-4,4,CS,11,1
23659203,NA,NA,NA,0.369,1e-4,11,CS,11,1
23659204,NA,NA,NA,0.369,1e-4,12,CS,11,1
23659219,NA,NA,NA,0.369,1e-4,27,CS,11,1
23659218,NA,NA,NA,0.369,1e-4,26,CS,11,1
23659225,NA,NA,NA,0.369,1e-4,33,CS,11,1
23659224,NA,NA,NA,0.369,1e-4,32,CS,11,1
23659237,NA,NA,NA,0.369,1e-4,45,CS,11,1
23659239,NA,NA,NA,0.369,1e-4,47,CS,11,1
23659238,NA,NA,NA,0.369,1e-4,46,CS,11,1
23659216,NA,NA,NA,0.369,1e-4,24,CS,11,1
23659215,NA,NA,NA,0.369,1e-4,23,CS,11,1
23659217,NA,NA,NA,0.369,1e-4,25,CS,11,1
23659205,NA,NA,NA,0.369,1e-4,13,CS,11,1
23659206,NA,NA,NA,0.369,1e-4,14,CS,11,1
23659223,NA,NA,NA,0.369,1e-4,31,CS,11,1
23659207,NA,NA,NA,0.369,1e-4,15,CS,11,1
23659208,NA,NA,NA,0.369,1e-4,16,CS,11,1
23659214,NA,NA,NA,0.369,1e-4,22,CS,11,1
23659211,NA,NA,NA,0.369,1e-4,19,CS,11,1
23659210,NA,NA,NA,0.369,1e-4,18,CS,11,1
23659235,NA,NA,NA,0.369,1e-4,43,CS,11,1
23659220,NA,NA,NA,0.369,1e-4,28,CS,11,1
23659221,NA,NA,NA,0.369,1e-4,29,CS,11,1
23659222,NA,NA,NA,0.369,1e-4,30,CS,11,1
23659236,NA,NA,NA,0.369,1e-4,44,CS,11,1
23659209,NA,NA,NA,0.369,1e-4,17,CS,11,1
23659199,NA,NA,NA,0.369,1e-4,7,CS,11,1
23659202,NA,NA,NA,0.369,1e-4,10,CS,11,1
23659212,NA,NA,NA,0.369,1e-4,20,CS,11,1
23659197,NA,NA,NA,0.369,1e-4,5,CS,11,1
23659213,NA,NA,NA,0.369,1e-4,21,CS,11,1
23659200,NA,NA,NA,0.369,1e-4,8,CS,11,1
23659242,NA,NA,NA,0.369,1e-4,50,CS,11,1
23659241,NA,NA,NA,0.369,1e-4,49,CS,11,1
23659201,NA,NA,NA,0.369,1e-4,9,CS,11,1
23659232,NA,NA,NA,0.369,1e-4,40,CS,11,1
23659233,NA,NA,NA,0.369,1e-4,41,CS,11,1
23659230,NA,NA,NA,0.369,1e-4,38,CS,11,1
23659198,NA,NA,NA,0.369,1e-4,6,CS,11,1
23659194,NA,NA,NA,0.369,1e-4,2,CS,11,1
23659195,NA,NA,NA,0.369,1e-4,3,CS,11,1
23659193,NA,NA,NA,0.369,1e-4,1,CS,11,1
23659231,NA,NA,NA,0.369,1e-4,39,CS,11,1
23659234,NA,NA,NA,0.369,1e-4,42,CS,11,1
23659226,NA,NA,NA,0.369,1e-4,34,CS,11,1
23659228,NA,NA,NA,0.369,1e-4,36,CS,11,1
23659229,NA,NA,NA,0.369,1e-4,37,CS,11,1
23659240,NA,NA,NA,0.369,1e-4,48,CS,11,1
23659227,NA,NA,NA,0.369,1e-4,35,CS,11,1
23659244,NA,NA,NA,0.369,1e-4,52,CS,11,1
23659243,NA,NA,NA,0.369,1e-4,51,CS,11,1
23659246,NA,NA,NA,0.369,1e-4,54,CS,11,1
23659247,NA,NA,NA,0.369,1e-4,55,CS,11,1
23659248,NA,NA,NA,0.369,1e-4,56,CS,11,1
23659249,NA,NA,NA,0.369,1e-4,57,CS,11,1
23659245,NA,NA,NA,0.369,1e-4,53,CS,11,1
23659260,NA,NA,NA,0.369,1e-4,68,CS,11,1
23659259,NA,NA,NA,0.369,1e-4,67,CS,11,1
23659257,NA,NA,NA,0.369,1e-4,65,CS,11,1
23659255,NA,NA,NA,0.369,1e-4,63,CS,11,1
23659254,NA,NA,NA,0.369,1e-4,62,CS,11,1
23659250,NA,NA,NA,0.369,1e-4,58,CS,11,1
23659251,NA,NA,NA,0.369,1e-4,59,CS,11,1
23659256,NA,NA,NA,0.369,1e-4,64,CS,11,1
23659258,NA,NA,NA,0.369,1e-4,66,CS,11,1
23659252,NA,NA,NA,0.369,1e-4,60,CS,11,1
23659253,NA,NA,NA,0.369,1e-4,61,CS,11,1
23659266,NA,NA,NA,0.369,1e-4,74,CS,11,1
23659265,NA,NA,NA,0.369,1e-4,73,CS,11,1
23659269,NA,NA,NA,0.369,1e-4,77,CS,11,1
23659267,NA,NA,NA,0.369,1e-4,75,CS,11,1
23659264,NA,NA,NA,0.369,1e-4,72,CS,11,1
23659262,NA,NA,NA,0.369,1e-4,70,CS,11,1
23659268,NA,NA,NA,0.369,1e-4,76,CS,11,1
23659263,NA,NA,NA,0.369,1e-4,71,CS,11,1
23659261,NA,NA,NA,0.369,1e-4,69,CS,11,1
23659270,NA,NA,NA,0.369,1e-4,78,CS,11,1
23659283,NA,NA,NA,0.369,1e-4,91,CS,11,1
23659274,NA,NA,NA,0.369,1e-4,82,CS,11,1
23659292,NA,NA,NA,0.369,1e-4,100,CS,11,1
23659293,NA,NA,NA,0.369,0.01,1,CS,11,1
23659277,NA,NA,NA,0.369,1e-4,85,CS,11,1
23659281,NA,NA,NA,0.369,1e-4,89,CS,11,1
23659275,NA,NA,NA,0.369,1e-4,83,CS,11,1
23659276,NA,NA,NA,0.369,1e-4,84,CS,11,1
23659290,NA,NA,NA,0.369,1e-4,98,CS,11,1
23659280,NA,NA,NA,0.369,1e-4,88,CS,11,1
23659279,NA,NA,NA,0.369,1e-4,87,CS,11,1
23659295,NA,NA,NA,0.369,0.01,3,CS,11,1
23659273,NA,NA,NA,0.369,1e-4,81,CS,11,1
23659288,NA,NA,NA,0.369,1e-4,96,CS,11,1
23659291,NA,NA,NA,0.369,1e-4,99,CS,11,1
23659294,NA,NA,NA,0.369,0.01,2,CS,11,1
23659271,NA,NA,NA,0.369,1e-4,79,CS,11,1
23659278,NA,NA,NA,0.369,1e-4,86,CS,11,1
23659287,NA,NA,NA,0.369,1e-4,95,CS,11,1
23659289,NA,NA,NA,0.369,1e-4,97,CS,11,1
23659282,NA,NA,NA,0.369,1e-4,90,CS,11,1
23659284,NA,NA,NA,0.369,1e-4,92,CS,11,1
23659272,NA,NA,NA,0.369,1e-4,80,CS,11,1
23659286,NA,NA,NA,0.369,1e-4,94,CS,11,1
23659285,NA,NA,NA,0.369,1e-4,93,CS,11,1
23659300,NA,NA,NA,0.369,0.01,8,CS,11,1
23659298,NA,NA,NA,0.369,0.01,6,CS,11,1
23659299,NA,NA,NA,0.369,0.01,7,CS,11,1
23659296,NA,NA,NA,0.369,0.01,4,CS,11,1
23659297,NA,NA,NA,0.369,0.01,5,CS,11,1
23659301,NA,NA,NA,0.369,0.01,9,CS,11,1
23659313,NA,NA,NA,0.369,0.01,21,CS,11,1
23659304,NA,NA,NA,0.369,0.01,12,CS,11,1
23659308,NA,NA,NA,0.369,0.01,16,CS,11,1
23659309,NA,NA,NA,0.369,0.01,17,CS,11,1
23659316,NA,NA,NA,0.369,0.01,24,CS,11,1
23659311,NA,NA,NA,0.369,0.01,19,CS,11,1
23659310,NA,NA,NA,0.369,0.01,18,CS,11,1
23659318,NA,NA,NA,0.369,0.01,26,CS,11,1
23659306,NA,NA,NA,0.369,0.01,14,CS,11,1
23659305,NA,NA,NA,0.369,0.01,13,CS,11,1
23659307,NA,NA,NA,0.369,0.01,15,CS,11,1
23659303,NA,NA,NA,0.369,0.01,11,CS,11,1
23659321,NA,NA,NA,0.369,0.01,29,CS,11,1
23659320,NA,NA,NA,0.369,0.01,28,CS,11,1
23659323,NA,NA,NA,0.369,0.01,31,CS,11,1
23659325,NA,NA,NA,0.369,0.01,33,CS,11,1
23659314,NA,NA,NA,0.369,0.01,22,CS,11,1
23659315,NA,NA,NA,0.369,0.01,23,CS,11,1
23659302,NA,NA,NA,0.369,0.01,10,CS,11,1
23659322,NA,NA,NA,0.369,0.01,30,CS,11,1
23659317,NA,NA,NA,0.369,0.01,25,CS,11,1
23659324,NA,NA,NA,0.369,0.01,32,CS,11,1
23659312,NA,NA,NA,0.369,0.01,20,CS,11,1
23659319,NA,NA,NA,0.369,0.01,27,CS,11,1
23659332,NA,NA,NA,0.369,0.01,40,CS,11,1
23659328,NA,NA,NA,0.369,0.01,36,CS,11,1
23659331,NA,NA,NA,0.369,0.01,39,CS,11,1
23659329,NA,NA,NA,0.369,0.01,37,CS,11,1
23659330,NA,NA,NA,0.369,0.01,38,CS,11,1
23659334,NA,NA,NA,0.369,0.01,42,CS,11,1
23659326,NA,NA,NA,0.369,0.01,34,CS,11,1
23659327,NA,NA,NA,0.369,0.01,35,CS,11,1
23659333,NA,NA,NA,0.369,0.01,41,CS,11,1
23659338,NA,NA,NA,0.369,0.01,46,CS,11,1
23659337,NA,NA,NA,0.369,0.01,45,CS,11,1
23659342,NA,NA,NA,0.369,0.01,50,CS,11,1
23659345,NA,NA,NA,0.369,0.01,53,CS,11,1
23659344,NA,NA,NA,0.369,0.01,52,CS,11,1
23659350,NA,NA,NA,0.369,0.01,58,CS,11,1
23659346,NA,NA,NA,0.369,0.01,54,CS,11,1
23659343,NA,NA,NA,0.369,0.01,51,CS,11,1
23659336,NA,NA,NA,0.369,0.01,44,CS,11,1
23659340,NA,NA,NA,0.369,0.01,48,CS,11,1
23659349,NA,NA,NA,0.369,0.01,57,CS,11,1
23659348,NA,NA,NA,0.369,0.01,56,CS,11,1
23659347,NA,NA,NA,0.369,0.01,55,CS,11,1
23659341,NA,NA,NA,0.369,0.01,49,CS,11,1
23659335,NA,NA,NA,0.369,0.01,43,CS,11,1
23659339,NA,NA,NA,0.369,0.01,47,CS,11,1
23659351,NA,NA,NA,0.369,0.01,59,CS,11,1
23659352,NA,NA,NA,0.369,0.01,60,CS,11,1
23659366,NA,NA,NA,0.369,0.01,74,CS,11,1
23659367,NA,NA,NA,0.369,0.01,75,CS,11,1
23659368,NA,NA,NA,0.369,0.01,76,CS,11,1
23659369,NA,NA,NA,0.369,0.01,77,CS,11,1
23659364,NA,NA,NA,0.369,0.01,72,CS,11,1
23659363,NA,NA,NA,0.369,0.01,71,CS,11,1
23659365,NA,NA,NA,0.369,0.01,73,CS,11,1
23659359,NA,NA,NA,0.369,0.01,67,CS,11,1
23659358,NA,NA,NA,0.369,0.01,66,CS,11,1
23659372,NA,NA,NA,0.369,0.01,80,CS,11,1
23659361,NA,NA,NA,0.369,0.01,69,CS,11,1
23659360,NA,NA,NA,0.369,0.01,68,CS,11,1
23659357,NA,NA,NA,0.369,0.01,65,CS,11,1
23659370,NA,NA,NA,0.369,0.01,78,CS,11,1
23659354,NA,NA,NA,0.369,0.01,62,CS,11,1
23659355,NA,NA,NA,0.369,0.01,63,CS,11,1
23659371,NA,NA,NA,0.369,0.01,79,CS,11,1
23659356,NA,NA,NA,0.369,0.01,64,CS,11,1
23659353,NA,NA,NA,0.369,0.01,61,CS,11,1
23659362,NA,NA,NA,0.369,0.01,70,CS,11,1
23659375,NA,NA,NA,0.369,0.01,83,CS,11,1
23659374,NA,NA,NA,0.369,0.01,82,CS,11,1
23659377,NA,NA,NA,0.369,0.01,85,CS,11,1
23659378,NA,NA,NA,0.369,0.01,86,CS,11,1
23659376,NA,NA,NA,0.369,0.01,84,CS,11,1
23659373,NA,NA,NA,0.369,0.01,81,CS,11,1
23659379,NA,NA,NA,0.369,0.01,87,CS,11,1
23659383,NA,NA,NA,0.369,0.01,91,CS,11,1
23659381,NA,NA,NA,0.369,0.01,89,CS,11,1
23659384,NA,NA,NA,0.369,0.01,92,CS,11,1
23659380,NA,NA,NA,0.369,0.01,88,CS,11,1
23659382,NA,NA,NA,0.369,0.01,90,CS,11,1
23659385,NA,NA,NA,0.369,0.01,93,CS,11,1
23659391,NA,NA,NA,0.369,0.01,99,CS,11,1
23659392,NA,NA,NA,0.369,0.01,100,CS,11,1
23659390,NA,NA,NA,0.369,0.01,98,CS,11,1
23659387,NA,NA,NA,0.369,0.01,95,CS,11,1
23659388,NA,NA,NA,0.369,0.01,96,CS,11,1
23659389,NA,NA,NA,0.369,0.01,97,CS,11,1
23659386,NA,NA,NA,0.369,0.01,94,CS,11,1
23673028,,NA,NA,0.369,1e-04,2,IW,11,1
23673030,,NA,NA,0.369,1e-04,4,IW,11,1
23673029,,NA,NA,0.369,1e-04,3,IW,11,1
23673032,,NA,NA,0.369,1e-04,6,IW,11,1
23673034,,NA,NA,0.369,1e-04,8,IW,11,1
23673040,,NA,NA,0.369,1e-04,14,IW,11,1
23673044,,NA,NA,0.369,1e-04,18,IW,11,1
23673045,,NA,NA,0.369,1e-04,19,IW,11,1
23673043,,NA,NA,0.369,1e-04,17,IW,11,1
23673042,,NA,NA,0.369,1e-04,16,IW,11,1
23673039,,NA,NA,0.369,1e-04,13,IW,11,1
23673031,,NA,NA,0.369,1e-04,5,IW,11,1
23673035,,NA,NA,0.369,1e-04,9,IW,11,1
23673033,,NA,NA,0.369,1e-04,7,IW,11,1
23673036,,NA,NA,0.369,1e-04,10,IW,11,1
23673038,,NA,NA,0.369,1e-04,12,IW,11,1
23673027,,NA,NA,0.369,1e-04,1,IW,11,1
23673041,,NA,NA,0.369,1e-04,15,IW,11,1
23673037,,NA,NA,0.369,1e-04,11,IW,11,1
23673046,,NA,NA,0.369,1e-04,20,IW,11,1
23673055,,NA,NA,0.369,1e-04,29,IW,11,1
23673056,,NA,NA,0.369,1e-04,30,IW,11,1
23673057,,NA,NA,0.369,1e-04,31,IW,11,1
23673048,,NA,NA,0.369,1e-04,22,IW,11,1
23673049,,NA,NA,0.369,1e-04,23,IW,11,1
23673050,,NA,NA,0.369,1e-04,24,IW,11,1
23673054,,NA,NA,0.369,1e-04,28,IW,11,1
23673058,,NA,NA,0.369,1e-04,32,IW,11,1
23673053,,NA,NA,0.369,1e-04,27,IW,11,1
23673051,,NA,NA,0.369,1e-04,25,IW,11,1
23673052,,NA,NA,0.369,1e-04,26,IW,11,1
23673047,,NA,NA,0.369,1e-04,21,IW,11,1
23673059,,NA,NA,0.369,1e-04,33,IW,11,1
23673060,,NA,NA,0.369,1e-04,34,IW,11,1
23673061,,NA,NA,0.369,1e-04,35,IW,11,1
23673062,,NA,NA,0.369,1e-04,36,IW,11,1
23673063,,NA,NA,0.369,1e-04,37,IW,11,1
23673064,,NA,NA,0.369,1e-04,38,IW,11,1
23673067,,NA,NA,0.369,1e-04,41,IW,11,1
23673066,,NA,NA,0.369,1e-04,40,IW,11,1
23673065,,NA,NA,0.369,1e-04,39,IW,11,1
23673069,,NA,NA,0.369,1e-04,43,IW,11,1
23673070,,NA,NA,0.369,1e-04,44,IW,11,1
23673068,,NA,NA,0.369,1e-04,42,IW,11,1
23673071,,NA,NA,0.369,1e-04,45,IW,11,1
23673072,,NA,NA,0.369,1e-04,46,IW,11,1
23673077,,NA,NA,0.369,1e-04,51,IW,11,1
23673074,,NA,NA,0.369,1e-04,48,IW,11,1
23673073,,NA,NA,0.369,1e-04,47,IW,11,1
23673075,,NA,NA,0.369,1e-04,49,IW,11,1
23673076,,NA,NA,0.369,1e-04,50,IW,11,1
23673078,,NA,NA,0.369,1e-04,52,IW,11,1
23673079,,NA,NA,0.369,1e-04,53,IW,11,1
23673080,,NA,NA,0.369,1e-04,54,IW,11,1
23673081,,NA,NA,0.369,1e-04,55,IW,11,1
23673082,,NA,NA,0.369,1e-04,56,IW,11,1
23673083,,NA,NA,0.369,1e-04,57,IW,11,1
23673092,,NA,NA,0.369,1e-04,66,IW,11,1
23673085,,NA,NA,0.369,1e-04,59,IW,11,1
23673093,,NA,NA,0.369,1e-04,67,IW,11,1
23673087,,NA,NA,0.369,1e-04,61,IW,11,1
23673086,,NA,NA,0.369,1e-04,60,IW,11,1
23673090,,NA,NA,0.369,1e-04,64,IW,11,1
23673084,,NA,NA,0.369,1e-04,58,IW,11,1
23673089,,NA,NA,0.369,1e-04,63,IW,11,1
23673088,,NA,NA,0.369,1e-04,62,IW,11,1
23673091,,NA,NA,0.369,1e-04,65,IW,11,1
23673095,,NA,NA,0.369,1e-04,69,IW,11,1
23673094,,NA,NA,0.369,1e-04,68,IW,11,1
23673096,,NA,NA,0.369,1e-04,70,IW,11,1
23673097,,NA,NA,0.369,1e-04,71,IW,11,1
23673098,,NA,NA,0.369,1e-04,72,IW,11,1
23673102,,NA,NA,0.369,1e-04,76,IW,11,1
23673104,,NA,NA,0.369,1e-04,78,IW,11,1
23673103,,NA,NA,0.369,1e-04,77,IW,11,1
23673105,,NA,NA,0.369,1e-04,79,IW,11,1
23673110,,NA,NA,0.369,1e-04,84,IW,11,1
23673107,,NA,NA,0.369,1e-04,81,IW,11,1
23673109,,NA,NA,0.369,1e-04,83,IW,11,1
23673106,,NA,NA,0.369,1e-04,80,IW,11,1
23673108,,NA,NA,0.369,1e-04,82,IW,11,1
23673099,,NA,NA,0.369,1e-04,73,IW,11,1
23673100,,NA,NA,0.369,1e-04,74,IW,11,1
23673101,,NA,NA,0.369,1e-04,75,IW,11,1
23673111,,NA,NA,0.369,1e-04,85,IW,11,1
23673112,,NA,NA,0.369,1e-04,86,IW,11,1
23673113,,NA,NA,0.369,1e-04,87,IW,11,1
23673114,,NA,NA,0.369,1e-04,88,IW,11,1
23673120,,NA,NA,0.369,1e-04,94,IW,11,1
23673121,,NA,NA,0.369,1e-04,95,IW,11,1
23673122,,NA,NA,0.369,1e-04,96,IW,11,1
23673123,,NA,NA,0.369,1e-04,97,IW,11,1
23673116,,NA,NA,0.369,1e-04,90,IW,11,1
23673115,,NA,NA,0.369,1e-04,89,IW,11,1
23673124,,NA,NA,0.369,1e-04,98,IW,11,1
23673118,,NA,NA,0.369,1e-04,92,IW,11,1
23673119,,NA,NA,0.369,1e-04,93,IW,11,1
23673117,,NA,NA,0.369,1e-04,91,IW,11,1
23673126,,NA,NA,0.369,1e-04,100,IW,11,1
23673125,,NA,NA,0.369,1e-04,99,IW,11,1
23673127,,NA,NA,0.091,1e-04,1,IW,11,1
23673129,,NA,NA,0.091,1e-04,3,IW,11,1
23673128,,NA,NA,0.091,1e-04,2,IW,11,1
23673130,,NA,NA,0.091,1e-04,4,IW,11,1
23673132,,NA,NA,0.091,1e-04,6,IW,11,1
23673131,,NA,NA,0.091,1e-04,5,IW,11,1
23673133,,NA,NA,0.091,1e-04,7,IW,11,1
23673135,,NA,NA,0.091,1e-04,9,IW,11,1
23673134,,NA,NA,0.091,1e-04,8,IW,11,1
23673136,,NA,NA,0.091,1e-04,10,IW,11,1
23673137,,NA,NA,0.091,1e-04,11,IW,11,1
23673139,,NA,NA,0.091,1e-04,13,IW,11,1
23673140,,NA,NA,0.091,1e-04,14,IW,11,1
23673138,,NA,NA,0.091,1e-04,12,IW,11,1
23673141,,NA,NA,0.091,1e-04,15,IW,11,1
23673142,,NA,NA,0.091,1e-04,16,IW,11,1
23673144,,NA,NA,0.091,1e-04,18,IW,11,1
23673143,,NA,NA,0.091,1e-04,17,IW,11,1
23673146,,NA,NA,0.091,1e-04,20,IW,11,1
23673145,,NA,NA,0.091,1e-04,19,IW,11,1
23673147,,NA,NA,0.091,1e-04,21,IW,11,1
23673148,,NA,NA,0.091,1e-04,22,IW,11,1
23673149,,NA,NA,0.091,1e-04,23,IW,11,1
23673153,,NA,NA,0.091,1e-04,27,IW,11,1
23673151,,NA,NA,0.091,1e-04,25,IW,11,1
23673152,,NA,NA,0.091,1e-04,26,IW,11,1
23673154,,NA,NA,0.091,1e-04,28,IW,11,1
23673159,,NA,NA,0.091,1e-04,33,IW,11,1
23673160,,NA,NA,0.091,1e-04,34,IW,11,1
23673161,,NA,NA,0.091,1e-04,35,IW,11,1
23673155,,NA,NA,0.091,1e-04,29,IW,11,1
23673156,,NA,NA,0.091,1e-04,30,IW,11,1
23673157,,NA,NA,0.091,1e-04,31,IW,11,1
23673158,,NA,NA,0.091,1e-04,32,IW,11,1
23673150,,NA,NA,0.091,1e-04,24,IW,11,1
23673162,,NA,NA,0.091,1e-04,36,IW,11,1
23673163,,NA,NA,0.091,1e-04,37,IW,11,1
23673164,,NA,NA,0.091,1e-04,38,IW,11,1
23673165,,NA,NA,0.091,1e-04,39,IW,11,1
23673166,,NA,NA,0.091,1e-04,40,IW,11,1
23673167,,NA,NA,0.091,1e-04,41,IW,11,1
23673168,,NA,NA,0.091,1e-04,42,IW,11,1
23673169,,NA,NA,0.091,1e-04,43,IW,11,1
23673170,,NA,NA,0.091,1e-04,44,IW,11,1
23673171,,NA,NA,0.091,1e-04,45,IW,11,1
23673172,,NA,NA,0.091,1e-04,46,IW,11,1
23673173,,NA,NA,0.091,1e-04,47,IW,11,1
23673174,,NA,NA,0.091,1e-04,48,IW,11,1
23673179,,NA,NA,0.091,1e-04,53,IW,11,1
23673175,,NA,NA,0.091,1e-04,49,IW,11,1
23673177,,NA,NA,0.091,1e-04,51,IW,11,1
23673176,,NA,NA,0.091,1e-04,50,IW,11,1
23673178,,NA,NA,0.091,1e-04,52,IW,11,1
23673180,,NA,NA,0.091,1e-04,54,IW,11,1
23673228,,NA,NA,0.091,1e-04,2,CS,11,1
23673229,,NA,NA,0.091,1e-04,3,CS,11,1
23673227,,NA,NA,0.091,1e-04,1,CS,11,1
23673233,,NA,NA,0.091,1e-04,7,CS,11,1
23673181,,NA,NA,0.091,1e-04,55,IW,11,1
23673230,,NA,NA,0.091,1e-04,4,CS,11,1
23673231,,NA,NA,0.091,1e-04,5,CS,11,1
23673232,,NA,NA,0.091,1e-04,6,CS,11,1
23673234,,NA,NA,0.091,1e-04,8,CS,11,1
23673235,,NA,NA,0.091,1e-04,9,CS,11,1
23673236,,NA,NA,0.091,1e-04,10,CS,11,1
23673238,,NA,NA,0.091,1e-04,12,CS,11,1
23673237,,NA,NA,0.091,1e-04,11,CS,11,1
23673242,,NA,NA,0.091,1e-04,16,CS,11,1
23673239,,NA,NA,0.091,1e-04,13,CS,11,1
23673243,,NA,NA,0.091,1e-04,17,CS,11,1
23673241,,NA,NA,0.091,1e-04,15,CS,11,1
23673240,,NA,NA,0.091,1e-04,14,CS,11,1
23673244,,NA,NA,0.091,1e-04,18,CS,11,1
23673245,,NA,NA,0.091,1e-04,19,CS,11,1
23673182,,NA,NA,0.091,1e-04,56,IW,11,1
23673248,,NA,NA,0.091,1e-04,22,CS,11,1
23673247,,NA,NA,0.091,1e-04,21,CS,11,1
23673246,,NA,NA,0.091,1e-04,20,CS,11,1
23673183,,NA,NA,0.091,1e-04,57,IW,11,1
23673250,,NA,NA,0.091,1e-04,24,CS,11,1
23673254,,NA,NA,0.091,1e-04,28,CS,11,1
23673249,,NA,NA,0.091,1e-04,23,CS,11,1
23673252,,NA,NA,0.091,1e-04,26,CS,11,1
23673253,,NA,NA,0.091,1e-04,27,CS,11,1
23673251,,NA,NA,0.091,1e-04,25,CS,11,1
23673260,,NA,NA,0.091,1e-04,34,CS,11,1
23673257,,NA,NA,0.091,1e-04,31,CS,11,1
23673258,,NA,NA,0.091,1e-04,32,CS,11,1
23673261,,NA,NA,0.091,1e-04,35,CS,11,1
23673259,,NA,NA,0.091,1e-04,33,CS,11,1
23673256,,NA,NA,0.091,1e-04,30,CS,11,1
23673255,,NA,NA,0.091,1e-04,29,CS,11,1
23673262,,NA,NA,0.091,1e-04,36,CS,11,1
23673267,,NA,NA,0.091,1e-04,41,CS,11,1
23673268,,NA,NA,0.091,1e-04,42,CS,11,1
23673265,,NA,NA,0.091,1e-04,39,CS,11,1
23673266,,NA,NA,0.091,1e-04,40,CS,11,1
23673263,,NA,NA,0.091,1e-04,37,CS,11,1
23673264,,NA,NA,0.091,1e-04,38,CS,11,1
23673273,,NA,NA,0.091,1e-04,47,CS,11,1
23673274,,NA,NA,0.091,1e-04,48,CS,11,1
23673275,,NA,NA,0.091,1e-04,49,CS,11,1
23673272,,NA,NA,0.091,1e-04,46,CS,11,1
23673271,,NA,NA,0.091,1e-04,45,CS,11,1
23673270,,NA,NA,0.091,1e-04,44,CS,11,1
23673269,,NA,NA,0.091,1e-04,43,CS,11,1
23673276,,NA,NA,0.091,1e-04,50,CS,11,1
23673277,,NA,NA,0.091,1e-04,51,CS,11,1
23673280,,NA,NA,0.091,1e-04,54,CS,11,1
23673184,,NA,NA,0.091,1e-04,58,IW,11,1
23673282,,NA,NA,0.091,1e-04,56,CS,11,1
23673281,,NA,NA,0.091,1e-04,55,CS,11,1
23673279,,NA,NA,0.091,1e-04,53,CS,11,1
23673278,,NA,NA,0.091,1e-04,52,CS,11,1
23673283,,NA,NA,0.091,1e-04,57,CS,11,1
23673185,,NA,NA,0.091,1e-04,59,IW,11,1
23673287,,NA,NA,0.091,1e-04,61,CS,11,1
23673285,,NA,NA,0.091,1e-04,59,CS,11,1
23673284,,NA,NA,0.091,1e-04,58,CS,11,1
23673190,,NA,NA,0.091,1e-04,64,IW,11,1
23673188,,NA,NA,0.091,1e-04,62,IW,11,1
23673189,,NA,NA,0.091,1e-04,63,IW,11,1
23673186,,NA,NA,0.091,1e-04,60,IW,11,1
23673187,,NA,NA,0.091,1e-04,61,IW,11,1
23673286,,NA,NA,0.091,1e-04,60,CS,11,1
23673191,,NA,NA,0.091,1e-04,65,IW,11,1
23673289,,NA,NA,0.091,1e-04,63,CS,11,1
23673290,,NA,NA,0.091,1e-04,64,CS,11,1
23673288,,NA,NA,0.091,1e-04,62,CS,11,1
23673292,,NA,NA,0.091,1e-04,66,CS,11,1
23673291,,NA,NA,0.091,1e-04,65,CS,11,1
23673293,,NA,NA,0.091,1e-04,67,CS,11,1
23673295,,NA,NA,0.091,1e-04,69,CS,11,1
23673303,,NA,NA,0.091,1e-04,77,CS,11,1
23673304,,NA,NA,0.091,1e-04,78,CS,11,1
23673302,,NA,NA,0.091,1e-04,76,CS,11,1
23673301,,NA,NA,0.091,1e-04,75,CS,11,1
23673300,,NA,NA,0.091,1e-04,74,CS,11,1
23673297,,NA,NA,0.091,1e-04,71,CS,11,1
23673296,,NA,NA,0.091,1e-04,70,CS,11,1
23673299,,NA,NA,0.091,1e-04,73,CS,11,1
23673298,,NA,NA,0.091,1e-04,72,CS,11,1
23673193,,NA,NA,0.091,1e-04,67,IW,11,1
23673192,,NA,NA,0.091,1e-04,66,IW,11,1
23673294,,NA,NA,0.091,1e-04,68,CS,11,1
23673306,,NA,NA,0.091,1e-04,80,CS,11,1
23673307,,NA,NA,0.091,1e-04,81,CS,11,1
23673305,,NA,NA,0.091,1e-04,79,CS,11,1
23673311,,NA,NA,0.091,1e-04,85,CS,11,1
23673310,,NA,NA,0.091,1e-04,84,CS,11,1
23673309,,NA,NA,0.091,1e-04,83,CS,11,1
23673308,,NA,NA,0.091,1e-04,82,CS,11,1
23673314,,NA,NA,0.091,1e-04,88,CS,11,1
23673315,,NA,NA,0.091,1e-04,89,CS,11,1
23673313,,NA,NA,0.091,1e-04,87,CS,11,1
23673312,,NA,NA,0.091,1e-04,86,CS,11,1
23673317,,NA,NA,0.091,1e-04,91,CS,11,1
23673318,,NA,NA,0.091,1e-04,92,CS,11,1
23673316,,NA,NA,0.091,1e-04,90,CS,11,1
23673319,,NA,NA,0.091,1e-04,93,CS,11,1
23673320,,NA,NA,0.091,1e-04,94,CS,11,1
23673329,,NA,NA,0.091,0.01,3,CS,11,1
23673326,,NA,NA,0.091,1e-04,100,CS,11,1
23673325,,NA,NA,0.091,1e-04,99,CS,11,1
23673328,,NA,NA,0.091,0.01,2,CS,11,1
23673331,,NA,NA,0.091,0.01,5,CS,11,1
23673327,,NA,NA,0.091,0.01,1,CS,11,1
23673330,,NA,NA,0.091,0.01,4,CS,11,1
23673321,,NA,NA,0.091,1e-04,95,CS,11,1
23673322,,NA,NA,0.091,1e-04,96,CS,11,1
23673324,,NA,NA,0.091,1e-04,98,CS,11,1
23673323,,NA,NA,0.091,1e-04,97,CS,11,1
23673332,,NA,NA,0.091,0.01,6,CS,11,1
23673334,,NA,NA,0.091,0.01,8,CS,11,1
23673335,,NA,NA,0.091,0.01,9,CS,11,1
23673336,,NA,NA,0.091,0.01,10,CS,11,1
23673333,,NA,NA,0.091,0.01,7,CS,11,1
23673337,,NA,NA,0.091,0.01,11,CS,11,1
23673339,,NA,NA,0.091,0.01,13,CS,11,1
23673338,,NA,NA,0.091,0.01,12,CS,11,1
23673341,,NA,NA,0.091,0.01,15,CS,11,1
23673342,,NA,NA,0.091,0.01,16,CS,11,1
23673343,,NA,NA,0.091,0.01,17,CS,11,1
23673340,,NA,NA,0.091,0.01,14,CS,11,1
23673360,,NA,NA,0.091,0.01,34,CS,11,1
23673357,,NA,NA,0.091,0.01,31,CS,11,1
23673355,,NA,NA,0.091,0.01,29,CS,11,1
23673358,,NA,NA,0.091,0.01,32,CS,11,1
23673356,,NA,NA,0.091,0.01,30,CS,11,1
23673353,,NA,NA,0.091,0.01,27,CS,11,1
23673354,,NA,NA,0.091,0.01,28,CS,11,1
23673346,,NA,NA,0.091,0.01,20,CS,11,1
23673344,,NA,NA,0.091,0.01,18,CS,11,1
23673345,,NA,NA,0.091,0.01,19,CS,11,1
23673347,,NA,NA,0.091,0.01,21,CS,11,1
23673350,,NA,NA,0.091,0.01,24,CS,11,1
23673348,,NA,NA,0.091,0.01,22,CS,11,1
23673349,,NA,NA,0.091,0.01,23,CS,11,1
23673351,,NA,NA,0.091,0.01,25,CS,11,1
23673352,,NA,NA,0.091,0.01,26,CS,11,1
23673359,,NA,NA,0.091,0.01,33,CS,11,1
23673361,,NA,NA,0.091,0.01,35,CS,11,1
23673363,,NA,NA,0.091,0.01,37,CS,11,1
23673364,,NA,NA,0.091,0.01,38,CS,11,1
23673362,,NA,NA,0.091,0.01,36,CS,11,1
23673365,,NA,NA,0.091,0.01,39,CS,11,1
23673367,,NA,NA,0.091,0.01,41,CS,11,1
23673369,,NA,NA,0.091,0.01,43,CS,11,1
23673368,,NA,NA,0.091,0.01,42,CS,11,1
23673366,,NA,NA,0.091,0.01,40,CS,11,1
23673370,,NA,NA,0.091,0.01,44,CS,11,1
23673371,,NA,NA,0.091,0.01,45,CS,11,1
23673372,,NA,NA,0.091,0.01,46,CS,11,1
23673373,,NA,NA,0.091,0.01,47,CS,11,1
23673194,,NA,NA,0.091,1e-04,68,IW,11,1
23673374,,NA,NA,0.091,0.01,48,CS,11,1
23673377,,NA,NA,0.091,0.01,51,CS,11,1
23673376,,NA,NA,0.091,0.01,50,CS,11,1
23673375,,NA,NA,0.091,0.01,49,CS,11,1
23673378,,NA,NA,0.091,0.01,52,CS,11,1
23673380,,NA,NA,0.091,0.01,54,CS,11,1
23673379,,NA,NA,0.091,0.01,53,CS,11,1
23673381,,NA,NA,0.091,0.01,55,CS,11,1
23673382,,NA,NA,0.091,0.01,56,CS,11,1
23673393,,NA,NA,0.091,0.01,67,CS,11,1
23673399,,NA,NA,0.091,0.01,73,CS,11,1
23673400,,NA,NA,0.091,0.01,74,CS,11,1
23673388,,NA,NA,0.091,0.01,62,CS,11,1
23673389,,NA,NA,0.091,0.01,63,CS,11,1
23673390,,NA,NA,0.091,0.01,64,CS,11,1
23673384,,NA,NA,0.091,0.01,58,CS,11,1
23673394,,NA,NA,0.091,0.01,68,CS,11,1
23673395,,NA,NA,0.091,0.01,69,CS,11,1
23673396,,NA,NA,0.091,0.01,70,CS,11,1
23673397,,NA,NA,0.091,0.01,71,CS,11,1
23673398,,NA,NA,0.091,0.01,72,CS,11,1
23673386,,NA,NA,0.091,0.01,60,CS,11,1
23673383,,NA,NA,0.091,0.01,57,CS,11,1
23673391,,NA,NA,0.091,0.01,65,CS,11,1
23673392,,NA,NA,0.091,0.01,66,CS,11,1
23673385,,NA,NA,0.091,0.01,59,CS,11,1
23673387,,NA,NA,0.091,0.01,61,CS,11,1
23673402,,NA,NA,0.091,0.01,76,CS,11,1
23673403,,NA,NA,0.091,0.01,77,CS,11,1
23673401,,NA,NA,0.091,0.01,75,CS,11,1
23673404,,NA,NA,0.091,0.01,78,CS,11,1
23673407,,NA,NA,0.091,0.01,81,CS,11,1
23673406,,NA,NA,0.091,0.01,80,CS,11,1
23673405,,NA,NA,0.091,0.01,79,CS,11,1
23673411,,NA,NA,0.091,0.01,85,CS,11,1
23673413,,NA,NA,0.091,0.01,87,CS,11,1
23673415,,NA,NA,0.091,0.01,89,CS,11,1
23673414,,NA,NA,0.091,0.01,88,CS,11,1
23673416,,NA,NA,0.091,0.01,90,CS,11,1
23673409,,NA,NA,0.091,0.01,83,CS,11,1
23673408,,NA,NA,0.091,0.01,82,CS,11,1
23673410,,NA,NA,0.091,0.01,84,CS,11,1
23673412,,NA,NA,0.091,0.01,86,CS,11,1
23673417,,NA,NA,0.091,0.01,91,CS,11,1
23673195,,NA,NA,0.091,1e-04,69,IW,11,1
23673196,,NA,NA,0.091,1e-04,70,IW,11,1
23673422,,NA,NA,0.091,0.01,96,CS,11,1
23673424,,NA,NA,0.091,0.01,98,CS,11,1
23673423,,NA,NA,0.091,0.01,97,CS,11,1
23673420,,NA,NA,0.091,0.01,94,CS,11,1
23673421,,NA,NA,0.091,0.01,95,CS,11,1
23673425,,NA,NA,0.091,0.01,99,CS,11,1
23673419,,NA,NA,0.091,0.01,93,CS,11,1
23673198,,NA,NA,0.091,1e-04,72,IW,11,1
23673418,,NA,NA,0.091,0.01,92,CS,11,1
23673426,,NA,NA,0.091,0.01,100,CS,11,1
23673197,,NA,NA,0.091,1e-04,71,IW,11,1
23673199,,NA,NA,0.091,1e-04,73,IW,11,1
23673200,,NA,NA,0.091,1e-04,74,IW,11,1
23673201,,NA,NA,0.091,1e-04,75,IW,11,1
23673202,,NA,NA,0.091,1e-04,76,IW,11,1
23673203,,NA,NA,0.091,1e-04,77,IW,11,1
23673204,,NA,NA,0.091,1e-04,78,IW,11,1
23673205,,NA,NA,0.091,1e-04,79,IW,11,1
23673206,,NA,NA,0.091,1e-04,80,IW,11,1
23673208,,NA,NA,0.091,1e-04,82,IW,11,1
23673207,,NA,NA,0.091,1e-04,81,IW,11,1
23673209,,NA,NA,0.091,1e-04,83,IW,11,1
23673211,,NA,NA,0.091,1e-04,85,IW,11,1
23673210,,NA,NA,0.091,1e-04,84,IW,11,1
23673212,,NA,NA,0.091,1e-04,86,IW,11,1
23673213,,NA,NA,0.091,1e-04,87,IW,11,1
23673214,,NA,NA,0.091,1e-04,88,IW,11,1
23673215,,NA,NA,0.091,1e-04,89,IW,11,1
23673216,,NA,NA,0.091,1e-04,90,IW,11,1
23673217,,NA,NA,0.091,1e-04,91,IW,11,1
23673218,,NA,NA,0.091,1e-04,92,IW,11,1
23673219,,NA,NA,0.091,1e-04,93,IW,11,1
23673220,,NA,NA,0.091,1e-04,94,IW,11,1
23673221,,NA,NA,0.091,1e-04,95,IW,11,1
23673225,,NA,NA,0.091,1e-04,99,IW,11,1
23673224,,NA,NA,0.091,1e-04,98,IW,11,1
23673223,,NA,NA,0.091,1e-04,97,IW,11,1
23673226,,NA,NA,0.091,1e-04,100,IW,11,1
23673222,,NA,NA,0.091,1e-04,96,IW,11,1
23683425,,NA,NA,0.091,0.01,1,IW,11,1
23683454,,NA,NA,0.091,0.01,6,IW,11,1
23683451,,NA,NA,0.091,0.01,3,IW,11,1
23683452,,NA,NA,0.091,0.01,4,IW,11,1
23683453,,NA,NA,0.091,0.01,5,IW,11,1
23683450,,NA,NA,0.091,0.01,2,IW,11,1
23683457,,NA,NA,0.091,0.01,9,IW,11,1
23683459,,NA,NA,0.091,0.01,11,IW,11,1
23683456,,NA,NA,0.091,0.01,8,IW,11,1
23683458,,NA,NA,0.091,0.01,10,IW,11,1
23683455,,NA,NA,0.091,0.01,7,IW,11,1
23683472,,NA,NA,0.091,0.01,24,IW,11,1
23683464,,NA,NA,0.091,0.01,16,IW,11,1
23683460,,NA,NA,0.091,0.01,12,IW,11,1
23683462,,NA,NA,0.091,0.01,14,IW,11,1
23683463,,NA,NA,0.091,0.01,15,IW,11,1
23683461,,NA,NA,0.091,0.01,13,IW,11,1
23683465,,NA,NA,0.091,0.01,17,IW,11,1
23683487,,NA,NA,0.091,0.01,39,IW,11,1
23683486,,NA,NA,0.091,0.01,38,IW,11,1
23683485,,NA,NA,0.091,0.01,37,IW,11,1
23683483,,NA,NA,0.091,0.01,35,IW,11,1
23683481,,NA,NA,0.091,0.01,33,IW,11,1
23683479,,NA,NA,0.091,0.01,31,IW,11,1
23683484,,NA,NA,0.091,0.01,36,IW,11,1
23683480,,NA,NA,0.091,0.01,32,IW,11,1
23683478,,NA,NA,0.091,0.01,30,IW,11,1
23683482,,NA,NA,0.091,0.01,34,IW,11,1
23683466,,NA,NA,0.091,0.01,18,IW,11,1
23683470,,NA,NA,0.091,0.01,22,IW,11,1
23683468,,NA,NA,0.091,0.01,20,IW,11,1
23683469,,NA,NA,0.091,0.01,21,IW,11,1
23683467,,NA,NA,0.091,0.01,19,IW,11,1
23683471,,NA,NA,0.091,0.01,23,IW,11,1
23683492,,NA,NA,0.091,0.01,44,IW,11,1
23683493,,NA,NA,0.091,0.01,45,IW,11,1
23683490,,NA,NA,0.091,0.01,42,IW,11,1
23683488,,NA,NA,0.091,0.01,40,IW,11,1
23683491,,NA,NA,0.091,0.01,43,IW,11,1
23683494,,NA,NA,0.091,0.01,46,IW,11,1
23683489,,NA,NA,0.091,0.01,41,IW,11,1
23683473,,NA,NA,0.091,0.01,25,IW,11,1
23683477,,NA,NA,0.091,0.01,29,IW,11,1
23683475,,NA,NA,0.091,0.01,27,IW,11,1
23683474,,NA,NA,0.091,0.01,26,IW,11,1
23683476,,NA,NA,0.091,0.01,28,IW,11,1
23683502,,NA,NA,0.091,0.01,54,IW,11,1
23683501,,NA,NA,0.091,0.01,53,IW,11,1
23683504,,NA,NA,0.091,0.01,56,IW,11,1
23683503,,NA,NA,0.091,0.01,55,IW,11,1
23683495,,NA,NA,0.091,0.01,47,IW,11,1
23683497,,NA,NA,0.091,0.01,49,IW,11,1
23683499,,NA,NA,0.091,0.01,51,IW,11,1
23683500,,NA,NA,0.091,0.01,52,IW,11,1
23683496,,NA,NA,0.091,0.01,48,IW,11,1
23683498,,NA,NA,0.091,0.01,50,IW,11,1
23683510,,NA,NA,0.091,0.01,62,IW,11,1
23683508,,NA,NA,0.091,0.01,60,IW,11,1
23683506,,NA,NA,0.091,0.01,58,IW,11,1
23683509,,NA,NA,0.091,0.01,61,IW,11,1
23683507,,NA,NA,0.091,0.01,59,IW,11,1
23683511,,NA,NA,0.091,0.01,63,IW,11,1
23683505,,NA,NA,0.091,0.01,57,IW,11,1
23683515,,NA,NA,0.091,0.01,67,IW,11,1
23683517,,NA,NA,0.091,0.01,69,IW,11,1
23683513,,NA,NA,0.091,0.01,65,IW,11,1
23683516,,NA,NA,0.091,0.01,68,IW,11,1
23683518,,NA,NA,0.091,0.01,70,IW,11,1
23683512,,NA,NA,0.091,0.01,64,IW,11,1
23683514,,NA,NA,0.091,0.01,66,IW,11,1
23683524,,NA,NA,0.091,0.01,76,IW,11,1
23683522,,NA,NA,0.091,0.01,74,IW,11,1
23683520,,NA,NA,0.091,0.01,72,IW,11,1
23683525,,NA,NA,0.091,0.01,77,IW,11,1
23683521,,NA,NA,0.091,0.01,73,IW,11,1
23683519,,NA,NA,0.091,0.01,71,IW,11,1
23683523,,NA,NA,0.091,0.01,75,IW,11,1
23683534,,NA,NA,0.091,0.01,86,IW,11,1
23683535,,NA,NA,0.091,0.01,87,IW,11,1
23683533,,NA,NA,0.091,0.01,85,IW,11,1
23683536,,NA,NA,0.091,0.01,88,IW,11,1
23683537,,NA,NA,0.091,0.01,89,IW,11,1
23683538,,NA,NA,0.091,0.01,90,IW,11,1
23683532,,NA,NA,0.091,0.01,84,IW,11,1
23683531,,NA,NA,0.091,0.01,83,IW,11,1
23683530,,NA,NA,0.091,0.01,82,IW,11,1
23683528,,NA,NA,0.091,0.01,80,IW,11,1
23683526,,NA,NA,0.091,0.01,78,IW,11,1
23683527,,NA,NA,0.091,0.01,79,IW,11,1
23683529,,NA,NA,0.091,0.01,81,IW,11,1
23683539,,NA,NA,0.091,0.01,91,IW,11,1
23685591,,NA,NA,0.369,1e-04,44,CS,11,1
23685592,,NA,NA,0.369,1e-04,97,CS,11,1
23685597,,NA,NA,0.369,0.01,33,CS,11,1
23685593,,NA,NA,0.369,0.01,6,CS,11,1
23685594,,NA,NA,0.369,0.01,19,CS,11,1
23685596,,NA,NA,0.369,0.01,31,CS,11,1
23685601,,NA,NA,0.369,0.01,68,CS,11,1
23685598,,NA,NA,0.369,0.01,36,CS,11,1
23685599,,NA,NA,0.369,0.01,44,CS,11,1
23685595,,NA,NA,0.369,0.01,30,CS,11,1
23685600,,NA,NA,0.369,0.01,61,CS,11,1
23685609,,NA,NA,0.091,0.01,27,CS,11,1
23685603,,NA,NA,0.091,0.01,1,CS,11,1
23685611,,NA,NA,0.091,0.01,35,CS,11,1
23685602,,NA,NA,0.091,1e-04,63,CS,11,1
23685608,,NA,NA,0.091,0.01,26,CS,11,1
23685607,,NA,NA,0.091,0.01,21,CS,11,1
23685618,,NA,NA,0.091,0.01,88,CS,11,1
23685615,,NA,NA,0.091,0.01,54,CS,11,1
23685617,,NA,NA,0.091,0.01,73,CS,11,1
23685604,,NA,NA,0.091,0.01,5,CS,11,1
23685605,,NA,NA,0.091,0.01,9,CS,11,1
23685610,,NA,NA,0.091,0.01,28,CS,11,1
23685606,,NA,NA,0.091,0.01,16,CS,11,1
23685612,,NA,NA,0.091,0.01,45,CS,11,1
23685614,,NA,NA,0.091,0.01,53,CS,11,1
23685616,,NA,NA,0.091,0.01,61,CS,11,1
23685619,,NA,NA,0.091,0.01,95,CS,11,1
23685613,,NA,NA,0.091,0.01,47,CS,11,1
