batch_id,job_id,time_subm,status,runtime,nb_gens,competition_sd,carrying_cap_sd,carrying_cap_opt,trait_opt,growth_rate,prob_mutation,mutation_sd,trait_dist_sp,seed,comrad_version,sampling_freq,sampling_frac,brute_force_opt,csv_size,t_last_gen,d_last_gen,n_last_gen
b86052,13416532,2020-08-25T14:50:52Z,COMPLETED,00:00:22,100,0.2,0.5,1000,0,1,1,0.001,0.1,47565,1.1.5,200,0.5,none,    NA,NA,NA,NA
b86052,13416533,2020-08-25T14:50:53Z,COMPLETED,00:00:20,100,0.2,0.5,1000,0,1,1,0.001,0.1,6683,1.1.5,200,0.5,none,    NA,NA,NA,NA
b86052,13416534,2020-08-25T14:50:53Z,COMPLETED,00:00:19,100,0.2,0.5,1000,0,1,1,0.001,0.1,42620,1.1.5,200,0.5,none,    NA,NA,NA,NA
b86052,13416536,2020-08-25T14:50:55Z,COMPLETED,00:00:18,100,0.2,0.5,1000,0,1,1,0.001,0.1,4098,1.1.5,200,0.5,none,    NA,NA,NA,NA
b86052,13416535,2020-08-25T14:50:55Z,COMPLETED,00:00:19,100,0.2,0.5,1000,0,1,1,0.001,0.1,35346,1.1.5,200,0.5,none,    NA,NA,NA,NA
b24287,13416620,2020-08-25T15:12:29Z,COMPLETED,00:23:25,50000,0.2,0.5,1000,0,1,1,0.001,0.1,6816,1.1.5,200,0.5,none,    NA,NA,NA,NA
b24287,13416621,2020-08-25T15:12:32Z,COMPLETED,00:09:43,50000,0.2,0.5,1000,0,1,1,0.001,0.1,4235,1.1.5,200,0.5,none,    NA,NA,NA,NA
b24287,13416622,2020-08-25T15:12:32Z,COMPLETED,00:24:20,50000,0.2,0.5,1000,0,1,1,0.001,0.1,18955,1.1.5,200,0.5,none,    NA,NA,NA,NA
b24287,13416623,2020-08-25T15:12:32Z,COMPLETED,00:26:36,50000,0.2,0.5,1000,0,1,1,0.001,0.1,25848,1.1.5,200,0.5,none,    NA,NA,NA,NA
b24287,13416624,2020-08-25T15:12:32Z,COMPLETED,00:25:29,50000,0.2,0.5,1000,0,1,1,0.001,0.1,7272,1.1.5,200,0.5,none,    NA,NA,NA,NA
b24287,13416625,2020-08-25T15:12:33Z,COMPLETED,00:30:22,50000,0.2,0.5,1000,0,1,1,0.001,0.1,14935,1.1.5,200,0.5,none,    NA,NA,NA,NA
b24287,13416626,2020-08-25T15:12:33Z,COMPLETED,00:27:57,50000,0.2,0.5,1000,0,1,1,0.001,0.1,11334,1.1.5,200,0.5,none,    NA,NA,NA,NA
b24287,13416627,2020-08-25T15:12:33Z,COMPLETED,00:08:05,50000,0.2,0.5,1000,0,1,1,0.001,0.1,49782,1.1.5,200,0.5,none,    NA,NA,NA,NA
b24287,13416628,2020-08-25T15:12:35Z,COMPLETED,00:17:08,50000,0.2,0.5,1000,0,1,1,0.001,0.1,34885,1.1.5,200,0.5,none,    NA,NA,NA,NA
b24287,13416629,2020-08-25T15:12:35Z,COMPLETED,00:10:13,50000,0.2,0.5,1000,0,1,1,0.001,0.1,27856,1.1.5,200,0.5,none,    NA,NA,NA,NA
b24287,13416630,2020-08-25T15:12:35Z,COMPLETED,00:23:49,50000,0.2,0.5,1000,0,1,1,0.001,0.1,34981,1.1.5,200,0.5,none,    NA,NA,NA,NA
b24287,13416631,2020-08-25T15:12:36Z,COMPLETED,00:24:37,50000,0.2,0.5,1000,0,1,1,0.001,0.1,8686,1.1.5,200,0.5,none,    NA,NA,NA,NA
b24287,13416632,2020-08-25T15:12:36Z,COMPLETED,00:24:06,50000,0.2,0.5,1000,0,1,1,0.001,0.1,46503,1.1.5,200,0.5,none,    NA,NA,NA,NA
b24287,13416633,2020-08-25T15:12:36Z,COMPLETED,00:22:19,50000,0.2,0.5,1000,0,1,1,0.001,0.1,27608,1.1.5,200,0.5,none,    NA,NA,NA,NA
b24287,13416634,2020-08-25T15:12:36Z,COMPLETED,00:33:22,50000,0.2,0.5,1000,0,1,1,0.001,0.1,26710,1.1.5,200,0.5,none,    NA,NA,NA,NA
b24287,13416636,2020-08-25T15:12:38Z,COMPLETED,00:31:49,50000,0.2,0.5,1000,0,1,1,0.001,0.1,10133,1.1.5,200,0.5,none,    NA,NA,NA,NA
b24287,13416635,2020-08-25T15:12:38Z,COMPLETED,00:24:25,50000,0.2,0.5,1000,0,1,1,0.001,0.1,32439,1.1.5,200,0.5,none,    NA,NA,NA,NA
b24287,13416637,2020-08-25T15:12:38Z,COMPLETED,00:12:56,50000,0.2,0.5,1000,0,1,1,0.001,0.1,278,1.1.5,200,0.5,none,    NA,NA,NA,NA
b24287,13416638,2020-08-25T15:12:39Z,COMPLETED,00:20:20,50000,0.2,0.5,1000,0,1,1,0.001,0.1,17177,1.1.5,200,0.5,none,    NA,NA,NA,NA
b24287,13416639,2020-08-25T15:12:39Z,COMPLETED,00:20:34,50000,0.2,0.5,1000,0,1,1,0.001,0.1,45264,1.1.5,200,0.5,none,    NA,NA,NA,NA
b24287,13416640,2020-08-25T15:12:39Z,COMPLETED,00:22:49,50000,0.2,0.5,1000,0,1,1,0.001,0.1,27037,1.1.5,200,0.5,none,    NA,NA,NA,NA
b24287,13416641,2020-08-25T15:12:42Z,COMPLETED,00:31:51,50000,0.2,0.5,1000,0,1,1,0.001,0.1,25467,1.1.5,200,0.5,none,    NA,NA,NA,NA
b24287,13416642,2020-08-25T15:12:42Z,COMPLETED,00:23:50,50000,0.2,0.5,1000,0,1,1,0.001,0.1,46431,1.1.5,200,0.5,none,    NA,NA,NA,NA
b24287,13416643,2020-08-25T15:12:42Z,COMPLETED,00:28:48,50000,0.2,0.5,1000,0,1,1,0.001,0.1,42887,1.1.5,200,0.5,none,    NA,NA,NA,NA
b24287,13416644,2020-08-25T15:12:42Z,COMPLETED,00:25:32,50000,0.2,0.5,1000,0,1,1,0.001,0.1,47047,1.1.5,200,0.5,none,    NA,NA,NA,NA
b24287,13416645,2020-08-25T15:12:42Z,COMPLETED,00:05:04,50000,0.2,0.5,1000,0,1,1,0.001,0.1,32525,1.1.5,200,0.5,none,    NA,NA,NA,NA
b24287,13416646,2020-08-25T15:12:42Z,COMPLETED,00:29:54,50000,0.2,0.5,1000,0,1,1,0.001,0.1,29495,1.1.5,200,0.5,none,    NA,NA,NA,NA
b24287,13416648,2020-08-25T15:12:45Z,COMPLETED,00:09:54,50000,0.2,0.5,1000,0,1,1,0.001,0.1,794,1.1.5,200,0.5,none,    NA,NA,NA,NA
b24287,13416653,2020-08-25T15:12:45Z,COMPLETED,00:19:30,50000,0.2,0.5,1000,0,1,1,0.001,0.1,20619,1.1.5,200,0.5,none,    NA,NA,NA,NA
b24287,13416650,2020-08-25T15:12:45Z,COMPLETED,00:21:13,50000,0.2,0.5,1000,0,1,1,0.001,0.1,21628,1.1.5,200,0.5,none,    NA,NA,NA,NA
b24287,13416651,2020-08-25T15:12:45Z,COMPLETED,00:10:47,50000,0.2,0.5,1000,0,1,1,0.001,0.1,11906,1.1.5,200,0.5,none,    NA,NA,NA,NA
b24287,13416652,2020-08-25T15:12:45Z,COMPLETED,00:24:09,50000,0.2,0.5,1000,0,1,1,0.001,0.1,25487,1.1.5,200,0.5,none,    NA,NA,NA,NA
b24287,13416647,2020-08-25T15:12:45Z,COMPLETED,00:13:30,50000,0.2,0.5,1000,0,1,1,0.001,0.1,1878,1.1.5,200,0.5,none,    NA,NA,NA,NA
b24287,13416655,2020-08-25T15:12:47Z,COMPLETED,00:30:37,50000,0.2,0.5,1000,0,1,1,0.001,0.1,16669,1.1.5,200,0.5,none,    NA,NA,NA,NA
b24287,13416657,2020-08-25T15:12:47Z,COMPLETED,00:14:26,50000,0.2,0.5,1000,0,1,1,0.001,0.1,21196,1.1.5,200,0.5,none,    NA,NA,NA,NA
b24287,13416656,2020-08-25T15:12:47Z,COMPLETED,00:24:36,50000,0.2,0.5,1000,0,1,1,0.001,0.1,31370,1.1.5,200,0.5,none,    NA,NA,NA,NA
b24287,13416654,2020-08-25T15:12:47Z,COMPLETED,00:16:56,50000,0.2,0.5,1000,0,1,1,0.001,0.1,12071,1.1.5,200,0.5,none,    NA,NA,NA,NA
b24287,13416660,2020-08-25T15:12:48Z,COMPLETED,00:22:07,50000,0.2,0.5,1000,0,1,1,0.001,0.1,21032,1.1.5,200,0.5,none,    NA,NA,NA,NA
b24287,13416661,2020-08-25T15:12:48Z,COMPLETED,00:29:27,50000,0.2,0.5,1000,0,1,1,0.001,0.1,44035,1.1.5,200,0.5,none,    NA,NA,NA,NA
b24287,13416662,2020-08-25T15:12:48Z,COMPLETED,00:39:12,50000,0.2,0.5,1000,0,1,1,0.001,0.1,5169,1.1.5,200,0.5,none,    NA,NA,NA,NA
b24287,13416664,2020-08-25T15:12:50Z,COMPLETED,00:24:13,50000,0.2,0.5,1000,0,1,1,0.001,0.1,31792,1.1.5,200,0.5,none,    NA,NA,NA,NA
b24287,13416665,2020-08-25T15:12:50Z,COMPLETED,00:22:12,50000,0.2,0.5,1000,0,1,1,0.001,0.1,41962,1.1.5,200,0.5,none,    NA,NA,NA,NA
b24287,13416666,2020-08-25T15:12:50Z,COMPLETED,00:25:26,50000,0.2,0.5,1000,0,1,1,0.001,0.1,28681,1.1.5,200,0.5,none,    NA,NA,NA,NA
b24287,13416663,2020-08-25T15:12:50Z,COMPLETED,00:25:47,50000,0.2,0.5,1000,0,1,1,0.001,0.1,31011,1.1.5,200,0.5,none,    NA,NA,NA,NA
b24287,13416667,2020-08-25T15:12:51Z,COMPLETED,00:28:32,50000,0.2,0.5,1000,0,1,1,0.001,0.1,47415,1.1.5,200,0.5,none,    NA,NA,NA,NA
b24287,13416668,2020-08-25T15:12:51Z,COMPLETED,00:30:59,50000,0.2,0.5,1000,0,1,1,0.001,0.1,40618,1.1.5,200,0.5,none,    NA,NA,NA,NA
b24287,13416671,2020-08-25T15:12:52Z,COMPLETED,00:16:34,50000,0.2,0.5,1000,0,1,1,0.001,0.1,49524,1.1.5,200,0.5,none,    NA,NA,NA,NA
b24287,13416669,2020-08-25T15:12:52Z,COMPLETED,00:23:17,50000,0.2,0.5,1000,0,1,1,0.001,0.1,450,1.1.5,200,0.5,none,    NA,NA,NA,NA
b24287,13416670,2020-08-25T15:12:52Z,COMPLETED,00:31:47,50000,0.2,0.5,1000,0,1,1,0.001,0.1,25992,1.1.5,200,0.5,none,    NA,NA,NA,NA
b24287,13416673,2020-08-25T15:12:55Z,COMPLETED,00:17:00,50000,0.2,0.5,1000,0,1,1,0.001,0.1,41214,1.1.5,200,0.5,none,    NA,NA,NA,NA
b24287,13416674,2020-08-25T15:12:55Z,COMPLETED,00:14:41,50000,0.2,0.5,1000,0,1,1,0.001,0.1,4803,1.1.5,200,0.5,none,    NA,NA,NA,NA
b24287,13416675,2020-08-25T15:12:55Z,COMPLETED,00:21:02,50000,0.2,0.5,1000,0,1,1,0.001,0.1,21489,1.1.5,200,0.5,none,    NA,NA,NA,NA
b24287,13416672,2020-08-25T15:12:55Z,COMPLETED,00:29:36,50000,0.2,0.5,1000,0,1,1,0.001,0.1,8116,1.1.5,200,0.5,none,    NA,NA,NA,NA
b24287,13416677,2020-08-25T15:12:58Z,COMPLETED,00:28:17,50000,0.2,0.5,1000,0,1,1,0.001,0.1,21192,1.1.5,200,0.5,none,    NA,NA,NA,NA
b24287,13416678,2020-08-25T15:12:58Z,COMPLETED,00:08:58,50000,0.2,0.5,1000,0,1,1,0.001,0.1,42765,1.1.5,200,0.5,none,    NA,NA,NA,NA
b24287,13416679,2020-08-25T15:12:58Z,COMPLETED,00:20:30,50000,0.2,0.5,1000,0,1,1,0.001,0.1,36215,1.1.5,200,0.5,none,    NA,NA,NA,NA
b24287,13416681,2020-08-25T15:12:58Z,COMPLETED,00:14:48,50000,0.2,0.5,1000,0,1,1,0.001,0.1,3279,1.1.5,200,0.5,none,    NA,NA,NA,NA
b24287,13416682,2020-08-25T15:12:58Z,COMPLETED,00:16:24,50000,0.2,0.5,1000,0,1,1,0.001,0.1,18234,1.1.5,200,0.5,none,    NA,NA,NA,NA
b24287,13416676,2020-08-25T15:12:58Z,COMPLETED,00:20:49,50000,0.2,0.5,1000,0,1,1,0.001,0.1,29257,1.1.5,200,0.5,none,    NA,NA,NA,NA
b24287,13416684,2020-08-25T15:13:01Z,COMPLETED,00:29:54,50000,0.2,0.5,1000,0,1,1,0.001,0.1,8518,1.1.5,200,0.5,none,    NA,NA,NA,NA
b24287,13416688,2020-08-25T15:13:01Z,COMPLETED,00:21:29,50000,0.2,0.5,1000,0,1,1,0.001,0.1,17507,1.1.5,200,0.5,none,    NA,NA,NA,NA
b24287,13416685,2020-08-25T15:13:01Z,COMPLETED,00:31:25,50000,0.2,0.5,1000,0,1,1,0.001,0.1,42390,1.1.5,200,0.5,none,    NA,NA,NA,NA
b24287,13416689,2020-08-25T15:13:01Z,COMPLETED,00:29:04,50000,0.2,0.5,1000,0,1,1,0.001,0.1,37230,1.1.5,200,0.5,none,    NA,NA,NA,NA
b24287,13416686,2020-08-25T15:13:01Z,COMPLETED,00:35:40,50000,0.2,0.5,1000,0,1,1,0.001,0.1,5670,1.1.5,200,0.5,none,    NA,NA,NA,NA
b24287,13416690,2020-08-25T15:13:01Z,COMPLETED,00:35:34,50000,0.2,0.5,1000,0,1,1,0.001,0.1,28244,1.1.5,200,0.5,none,    NA,NA,NA,NA
b24287,13416687,2020-08-25T15:13:01Z,COMPLETED,00:26:45,50000,0.2,0.5,1000,0,1,1,0.001,0.1,11060,1.1.5,200,0.5,none,    NA,NA,NA,NA
b24287,13416683,2020-08-25T15:13:01Z,COMPLETED,00:29:16,50000,0.2,0.5,1000,0,1,1,0.001,0.1,29222,1.1.5,200,0.5,none,    NA,NA,NA,NA
b24287,13416691,2020-08-25T15:13:04Z,COMPLETED,00:06:03,50000,0.2,0.5,1000,0,1,1,0.001,0.1,5720,1.1.5,200,0.5,none,    NA,NA,NA,NA
b24287,13416692,2020-08-25T15:13:04Z,COMPLETED,00:04:10,50000,0.2,0.5,1000,0,1,1,0.001,0.1,36120,1.1.5,200,0.5,none,    NA,NA,NA,NA
b24287,13416693,2020-08-25T15:13:04Z,COMPLETED,00:26:42,50000,0.2,0.5,1000,0,1,1,0.001,0.1,16102,1.1.5,200,0.5,none,    NA,NA,NA,NA
b24287,13416694,2020-08-25T15:13:04Z,COMPLETED,00:22:58,50000,0.2,0.5,1000,0,1,1,0.001,0.1,42723,1.1.5,200,0.5,none,    NA,NA,NA,NA
b24287,13416695,2020-08-25T15:13:04Z,COMPLETED,00:15:12,50000,0.2,0.5,1000,0,1,1,0.001,0.1,40017,1.1.5,200,0.5,none,    NA,NA,NA,NA
b24287,13416696,2020-08-25T15:13:04Z,COMPLETED,00:18:40,50000,0.2,0.5,1000,0,1,1,0.001,0.1,24587,1.1.5,200,0.5,none,    NA,NA,NA,NA
b24287,13416698,2020-08-25T15:13:07Z,COMPLETED,00:22:46,50000,0.2,0.5,1000,0,1,1,0.001,0.1,44071,1.1.5,200,0.5,none,    NA,NA,NA,NA
b24287,13416697,2020-08-25T15:13:07Z,COMPLETED,00:10:48,50000,0.2,0.5,1000,0,1,1,0.001,0.1,6223,1.1.5,200,0.5,none,    NA,NA,NA,NA
b24287,13416700,2020-08-25T15:13:07Z,COMPLETED,00:22:29,50000,0.2,0.5,1000,0,1,1,0.001,0.1,34624,1.1.5,200,0.5,none,    NA,NA,NA,NA
b24287,13416701,2020-08-25T15:13:07Z,COMPLETED,00:14:53,50000,0.2,0.5,1000,0,1,1,0.001,0.1,21666,1.1.5,200,0.5,none,    NA,NA,NA,NA
b24287,13416702,2020-08-25T15:13:07Z,COMPLETED,00:37:06,50000,0.2,0.5,1000,0,1,1,0.001,0.1,6413,1.1.5,200,0.5,none,    NA,NA,NA,NA
b24287,13416699,2020-08-25T15:13:07Z,COMPLETED,00:27:10,50000,0.2,0.5,1000,0,1,1,0.001,0.1,8967,1.1.5,200,0.5,none,    NA,NA,NA,NA
b24287,13416703,2020-08-25T15:13:09Z,COMPLETED,00:16:40,50000,0.2,0.5,1000,0,1,1,0.001,0.1,681,1.1.5,200,0.5,none,    NA,NA,NA,NA
b24287,13416704,2020-08-25T15:13:09Z,COMPLETED,00:18:32,50000,0.2,0.5,1000,0,1,1,0.001,0.1,36947,1.1.5,200,0.5,none,    NA,NA,NA,NA
b24287,13416706,2020-08-25T15:13:10Z,COMPLETED,00:08:05,50000,0.2,0.5,1000,0,1,1,0.001,0.1,11663,1.1.5,200,0.5,none,    NA,NA,NA,NA
b24287,13416705,2020-08-25T15:13:10Z,COMPLETED,00:22:37,50000,0.2,0.5,1000,0,1,1,0.001,0.1,27558,1.1.5,200,0.5,none,    NA,NA,NA,NA
b24287,13416708,2020-08-25T15:13:14Z,COMPLETED,00:21:19,50000,0.2,0.5,1000,0,1,1,0.001,0.1,16380,1.1.5,200,0.5,none,    NA,NA,NA,NA
b24287,13416707,2020-08-25T15:13:14Z,COMPLETED,00:12:03,50000,0.2,0.5,1000,0,1,1,0.001,0.1,31839,1.1.5,200,0.5,none,    NA,NA,NA,NA
b24287,13416709,2020-08-25T15:13:14Z,COMPLETED,00:23:28,50000,0.2,0.5,1000,0,1,1,0.001,0.1,8608,1.1.5,200,0.5,none,    NA,NA,NA,NA
b24287,13416710,2020-08-25T15:13:14Z,COMPLETED,00:30:13,50000,0.2,0.5,1000,0,1,1,0.001,0.1,13627,1.1.5,200,0.5,none,    NA,NA,NA,NA
b24287,13416711,2020-08-25T15:13:14Z,COMPLETED,00:21:45,50000,0.2,0.5,1000,0,1,1,0.001,0.1,39234,1.1.5,200,0.5,none,    NA,NA,NA,NA
b24287,13416712,2020-08-25T15:13:17Z,COMPLETED,00:32:35,50000,0.2,0.5,1000,0,1,1,0.001,0.1,24123,1.1.5,200,0.5,none,    NA,NA,NA,NA
b24287,13416713,2020-08-25T15:13:17Z,COMPLETED,00:20:01,50000,0.2,0.5,1000,0,1,1,0.001,0.1,2297,1.1.5,200,0.5,none,    NA,NA,NA,NA
b24287,13416714,2020-08-25T15:17:15Z,COMPLETED,00:22:05,50000,0.2,0.5,1000,0,1,1,0.001,0.1,13925,1.1.5,200,0.5,none,    NA,NA,NA,NA
b24287,13416715,2020-08-25T15:17:46Z,COMPLETED,00:22:46,50000,0.2,0.5,1000,0,1,1,0.001,0.1,32389,1.1.5,200,0.5,none,    NA,NA,NA,NA
b24287,13416716,2020-08-25T15:19:08Z,COMPLETED,00:23:45,50000,0.2,0.5,1000,0,1,1,0.001,0.1,32657,1.1.5,200,0.5,none,    NA,NA,NA,NA
b24287,13416718,2020-08-25T15:20:38Z,COMPLETED,00:27:51,50000,0.2,0.5,1000,0,1,1,0.001,0.1,10390,1.1.5,200,0.5,none,    NA,NA,NA,NA
b24287,13416719,2020-08-25T15:21:16Z,COMPLETED,00:35:46,50000,0.2,0.5,1000,0,1,1,0.001,0.1,29419,1.1.5,200,0.5,none,    NA,NA,NA,NA
b24287,13416720,2020-08-25T15:21:57Z,COMPLETED,00:12:02,50000,0.2,0.5,1000,0,1,1,0.001,0.1,6085,1.1.5,200,0.5,none,    NA,NA,NA,NA
b24287,13416721,2020-08-25T15:22:16Z,COMPLETED,00:18:13,50000,0.2,0.5,1000,0,1,1,0.001,0.1,11731,1.1.5,200,0.5,none,    NA,NA,NA,NA
b24287,13416722,2020-08-25T15:22:39Z,COMPLETED,00:24:04,50000,0.2,0.5,1000,0,1,1,0.001,0.1,12002,1.1.5,200,0.5,none,    NA,NA,NA,NA
b24287,13416723,2020-08-25T15:22:48Z,COMPLETED,00:26:31,50000,0.2,0.5,1000,0,1,1,0.001,0.1,27707,1.1.5,200,0.5,none,    NA,NA,NA,NA
b24287,13416724,2020-08-25T15:23:36Z,COMPLETED,00:11:10,50000,0.2,0.5,1000,0,1,1,0.001,0.1,24073,1.1.5,200,0.5,none,    NA,NA,NA,NA
b80179,13431413,2020-08-27T14:22:03Z,FAILED,NA,20000,0.2,0.5,1000,0,1,1,0.001,0.1,23498,NA,NA,NA,none,    NA,NA,NA,NA
b80179,13431414,2020-08-27T14:22:07Z,FAILED,NA,20000,0.2,0.5,1000,0,1,1,0.001,0.1,28053,NA,NA,NA,none,    NA,NA,NA,NA
b80179,13431415,2020-08-27T14:22:07Z,FAILED,NA,20000,0.2,0.5,1000,0,1,1,0.001,0.1,43407,NA,NA,NA,none,    NA,NA,NA,NA
b80179,13431416,2020-08-27T14:22:07Z,FAILED,NA,20000,0.2,0.5,1000,0,1,1,0.001,0.1,37485,NA,NA,NA,none,    NA,NA,NA,NA
b80179,13431417,2020-08-27T14:22:07Z,FAILED,NA,20000,0.2,0.5,1000,0,1,1,0.001,0.1,39830,NA,NA,NA,none,    NA,NA,NA,NA
b99799,13431509,2020-08-27T14:34:59Z,pending_check,NA,20000,0.2,0.5,1000,0,1,1,0.001,0.1,38173,NA,200,0.5,none,    NA,NA,NA,NA
b99799,13431511,2020-08-27T14:35:02Z,pending_check,NA,20000,0.2,0.5,1000,0,1,1,0.001,0.1,10043,NA,200,0.5,none,    NA,NA,NA,NA
b99799,13431512,2020-08-27T14:35:02Z,pending_check,NA,20000,0.2,0.5,1000,0,1,1,0.001,0.1,8355,NA,200,0.5,none,    NA,NA,NA,NA
b99799,13431513,2020-08-27T14:35:02Z,pending_check,NA,20000,0.2,0.5,1000,0,1,1,0.001,0.1,33631,NA,200,0.5,none,    NA,NA,NA,NA
b99799,13431510,2020-08-27T14:35:02Z,pending_check,NA,20000,0.2,0.5,1000,0,1,1,0.001,0.1,7631,NA,200,0.5,none,    NA,NA,NA,NA
b12176,13431514,2020-08-27T14:37:17Z,COMPLETED,00:33:29,20000,0.2,0.5,1000,0,1,1,0.001,0.1,19066,NA,200,0.5,none,    NA,NA,NA,NA
b12176,13431516,2020-08-27T14:37:20Z,COMPLETED,00:32:57,20000,0.2,0.5,1000,0,1,1,0.001,0.1,37364,NA,200,0.5,none,    NA,NA,NA,NA
b12176,13431517,2020-08-27T14:37:20Z,COMPLETED,00:33:27,20000,0.2,0.5,1000,0,1,1,0.001,0.1,7339,NA,200,0.5,none,    NA,NA,NA,NA
b12176,13431518,2020-08-27T14:37:20Z,COMPLETED,00:32:58,20000,0.2,0.5,1000,0,1,1,0.001,0.1,8115,NA,200,0.5,none,    NA,NA,NA,NA
b12176,13431515,2020-08-27T14:37:20Z,COMPLETED,00:33:11,20000,0.2,0.5,1000,0,1,1,0.001,0.1,20738,NA,200,0.5,none,    NA,NA,NA,NA
b72140,13432436,2020-08-27T16:17:23Z,COMPLETED,00:09:04,20000,0.2,0.5,1000,0,1,1,0.001,0.1,38563,[1] ‘1.0.4’,200,0.5,none,    NA,NA,NA,NA
b72140,13432437,2020-08-27T16:17:23Z,COMPLETED,00:12:46,20000,0.2,0.5,1000,0,1,1,0.001,0.1,20614,[1] ‘1.0.4’,200,0.5,none,    NA,NA,NA,NA
b72140,13432439,2020-08-27T16:17:24Z,COMPLETED,00:12:50,20000,0.2,0.5,1000,0,1,1,0.001,0.1,33862,[1] ‘1.0.4’,200,0.5,none,    NA,NA,NA,NA
b72140,13432440,2020-08-27T16:17:24Z,COMPLETED,00:10:25,20000,0.2,0.5,1000,0,1,1,0.001,0.1,29688,[1] ‘1.0.4’,200,0.5,none,    NA,NA,NA,NA
b72140,13432438,2020-08-27T16:17:24Z,COMPLETED,00:10:23,20000,0.2,0.5,1000,0,1,1,0.001,0.1,20114,[1] ‘1.0.4’,200,0.5,none,    NA,NA,NA,NA
b33287,13432915,2020-08-27T17:20:28Z,COMPLETED,00:32:13,20000,0.2,0.5,1000,0,1,1,0.001,0.1,25271,[1] ‘0.16.0’,200,0.5,none,    NA,NA,NA,NA
b33287,13432912,2020-08-27T17:20:28Z,COMPLETED,00:33:10,20000,0.2,0.5,1000,0,1,1,0.001,0.1,8289,[1] ‘0.16.0’,200,0.5,none,    NA,NA,NA,NA
b33287,13432916,2020-08-27T17:20:28Z,COMPLETED,00:32:05,20000,0.2,0.5,1000,0,1,1,0.001,0.1,21364,[1] ‘0.16.0’,200,0.5,none,    NA,NA,NA,NA
b33287,13432914,2020-08-27T17:20:28Z,COMPLETED,00:31:54,20000,0.2,0.5,1000,0,1,1,0.001,0.1,21545,[1] ‘0.16.0’,200,0.5,none,    NA,NA,NA,NA
b33287,13432913,2020-08-27T17:20:28Z,COMPLETED,00:32:36,20000,0.2,0.5,1000,0,1,1,0.001,0.1,7748,[1] ‘0.16.0’,200,0.5,none,    NA,NA,NA,NA
b68039,13434842,2020-08-27T22:43:43Z,COMPLETED,00:06:38,20000,0.2,0.5,1000,0,1,1,0.001,0.1,2980,[1] ‘1.0.2’,200,0.5,none,    NA,NA,NA,NA
b68039,13434841,2020-08-27T22:43:44Z,COMPLETED,00:26:17,20000,0.2,0.5,1000,0,1,1,0.001,0.1,13318,[1] ‘1.0.2’,200,0.5,none,    NA,NA,NA,NA
b68039,13434843,2020-08-27T22:43:44Z,COMPLETED,00:24:12,20000,0.2,0.5,1000,0,1,1,0.001,0.1,27876,[1] ‘1.0.2’,200,0.5,none,    NA,NA,NA,NA
b68039,13434844,2020-08-27T22:43:44Z,COMPLETED,00:20:04,20000,0.2,0.5,1000,0,1,1,0.001,0.1,35240,[1] ‘1.0.2’,200,0.5,none,    NA,NA,NA,NA
b68039,13434845,2020-08-27T22:43:46Z,COMPLETED,00:23:33,20000,0.2,0.5,1000,0,1,1,0.001,0.1,30786,[1] ‘1.0.2’,200,0.5,none,    NA,NA,NA,NA
b57466,13434882,2020-08-27T23:38:09Z,COMPLETED,00:31:57,20000,0.2,0.5,1000,0,1,1,0.001,0.1,2781,[1] ‘1.0.1’,200,0.5,none,    NA,NA,NA,NA
b57466,13434883,2020-08-27T23:38:10Z,COMPLETED,00:31:53,20000,0.2,0.5,1000,0,1,1,0.001,0.1,11943,[1] ‘1.0.1’,200,0.5,none,    NA,NA,NA,NA
b24475,13441703,2020-08-28T15:33:49Z,FAILED,NA,50000,0.2,0.5,1000,0,1,1,0.001,0.1,34189,[1] ‘1.1.7’,200,0.5,none,    NA,NA,NA,NA
b24475,13441707,2020-08-28T15:33:52Z,FAILED,NA,50000,0.2,0.5,1000,0,1,1,0.001,0.1,14065,[1] ‘1.1.7’,200,0.5,none,    NA,NA,NA,NA
b24475,13441708,2020-08-28T15:33:52Z,FAILED,NA,50000,0.2,0.5,1000,0,1,1,0.001,0.1,33560,[1] ‘1.1.7’,200,0.5,none,    NA,NA,NA,NA
b24475,13441706,2020-08-28T15:33:52Z,FAILED,NA,50000,0.2,0.5,1000,0,1,1,0.001,0.1,21177,[1] ‘1.1.7’,200,0.5,none,    NA,NA,NA,NA
b24475,13441709,2020-08-28T15:33:52Z,FAILED,NA,50000,0.2,0.5,1000,0,1,1,0.001,0.1,228,[1] ‘1.1.7’,200,0.5,none,    NA,NA,NA,NA
b24475,13441710,2020-08-28T15:33:52Z,FAILED,NA,50000,0.2,0.5,1000,0,1,1,0.001,0.1,43907,[1] ‘1.1.7’,200,0.5,none,    NA,NA,NA,NA
b24475,13441711,2020-08-28T15:33:52Z,FAILED,NA,50000,0.2,0.5,1000,0,1,1,0.001,0.1,12315,[1] ‘1.1.7’,200,0.5,none,    NA,NA,NA,NA
b24475,13441713,2020-08-28T15:33:53Z,FAILED,NA,50000,0.2,0.5,1000,0,1,1,0.001,0.1,41687,[1] ‘1.1.7’,200,0.5,none,    NA,NA,NA,NA
b24475,13441714,2020-08-28T15:33:53Z,FAILED,NA,50000,0.2,0.5,1000,0,1,1,0.001,0.1,8154,[1] ‘1.1.7’,200,0.5,none,    NA,NA,NA,NA
b24475,13441712,2020-08-28T15:33:53Z,FAILED,NA,50000,0.2,0.5,1000,0,1,1,0.001,0.1,10413,[1] ‘1.1.7’,200,0.5,none,    NA,NA,NA,NA
b24475,13441715,2020-08-28T15:33:53Z,FAILED,NA,50000,0.2,0.5,1000,0,1,1,0.001,0.1,14293,[1] ‘1.1.7’,200,0.5,none,    NA,NA,NA,NA
b24475,13441716,2020-08-28T15:33:54Z,FAILED,NA,50000,0.2,0.5,1000,0,1,1,0.001,0.1,42714,[1] ‘1.1.7’,200,0.5,none,    NA,NA,NA,NA
b24475,13441719,2020-08-28T15:33:57Z,FAILED,NA,50000,0.2,0.5,1000,0,1,1,0.001,0.1,16127,[1] ‘1.1.7’,200,0.5,none,    NA,NA,NA,NA
b24475,13441717,2020-08-28T15:33:57Z,FAILED,NA,50000,0.2,0.5,1000,0,1,1,0.001,0.1,38075,[1] ‘1.1.7’,200,0.5,none,    NA,NA,NA,NA
b24475,13441718,2020-08-28T15:33:57Z,FAILED,NA,50000,0.2,0.5,1000,0,1,1,0.001,0.1,42613,[1] ‘1.1.7’,200,0.5,none,    NA,NA,NA,NA
b24475,13441720,2020-08-28T15:33:58Z,FAILED,NA,50000,0.2,0.5,1000,0,1,1,0.001,0.1,20241,[1] ‘1.1.7’,200,0.5,none,    NA,NA,NA,NA
b24475,13441721,2020-08-28T15:33:59Z,FAILED,NA,50000,0.2,0.5,1000,0,1,1,0.001,0.1,31443,[1] ‘1.1.7’,200,0.5,none,    NA,NA,NA,NA
b24475,13441722,2020-08-28T15:33:59Z,FAILED,NA,50000,0.2,0.5,1000,0,1,1,0.001,0.1,13217,[1] ‘1.1.7’,200,0.5,none,    NA,NA,NA,NA
b24475,13441724,2020-08-28T15:34:01Z,FAILED,NA,50000,0.2,0.5,1000,0,1,1,0.001,0.1,41150,[1] ‘1.1.7’,200,0.5,none,    NA,NA,NA,NA
b24475,13441725,2020-08-28T15:34:01Z,FAILED,NA,50000,0.2,0.5,1000,0,1,1,0.001,0.1,35891,[1] ‘1.1.7’,200,0.5,none,    NA,NA,NA,NA
b24475,13441723,2020-08-28T15:34:01Z,FAILED,NA,50000,0.2,0.5,1000,0,1,1,0.001,0.1,13536,[1] ‘1.1.7’,200,0.5,none,    NA,NA,NA,NA
b24475,13441728,2020-08-28T15:34:02Z,FAILED,NA,50000,0.2,0.5,1000,0,1,1,0.001,0.1,49645,[1] ‘1.1.7’,200,0.5,none,    NA,NA,NA,NA
b24475,13441727,2020-08-28T15:34:02Z,FAILED,NA,50000,0.2,0.5,1000,0,1,1,0.001,0.1,9176,[1] ‘1.1.7’,200,0.5,none,    NA,NA,NA,NA
b24475,13441726,2020-08-28T15:34:02Z,FAILED,NA,50000,0.2,0.5,1000,0,1,1,0.001,0.1,17537,[1] ‘1.1.7’,200,0.5,none,    NA,NA,NA,NA
b24475,13441729,2020-08-28T15:34:03Z,FAILED,NA,50000,0.2,0.5,1000,0,1,1,0.001,0.1,915,[1] ‘1.1.7’,200,0.5,none,    NA,NA,NA,NA
b24475,13441730,2020-08-28T15:34:04Z,FAILED,NA,50000,0.2,0.5,1000,0,1,1,0.001,0.1,14620,[1] ‘1.1.7’,200,0.5,none,    NA,NA,NA,NA
b24475,13441731,2020-08-28T15:34:05Z,FAILED,NA,50000,0.2,0.5,1000,0,1,1,0.001,0.1,40440,[1] ‘1.1.7’,200,0.5,none,    NA,NA,NA,NA
b24475,13441732,2020-08-28T15:34:05Z,FAILED,NA,50000,0.2,0.5,1000,0,1,1,0.001,0.1,40608,[1] ‘1.1.7’,200,0.5,none,    NA,NA,NA,NA
b24475,13441733,2020-08-28T15:34:06Z,FAILED,NA,50000,0.2,0.5,1000,0,1,1,0.001,0.1,8420,[1] ‘1.1.7’,200,0.5,none,    NA,NA,NA,NA
b24475,13441734,2020-08-28T15:34:06Z,FAILED,NA,50000,0.2,0.5,1000,0,1,1,0.001,0.1,14708,[1] ‘1.1.7’,200,0.5,none,    NA,NA,NA,NA
b24475,13441735,2020-08-28T15:34:07Z,FAILED,NA,50000,0.2,0.5,1000,0,1,1,0.001,0.1,10653,[1] ‘1.1.7’,200,0.5,none,    NA,NA,NA,NA
b24475,13441738,2020-08-28T15:34:08Z,FAILED,NA,50000,0.2,0.5,1000,0,1,1,0.001,0.1,44443,[1] ‘1.1.7’,200,0.5,none,    NA,NA,NA,NA
b24475,13441736,2020-08-28T15:34:08Z,FAILED,NA,50000,0.2,0.5,1000,0,1,1,0.001,0.1,28362,[1] ‘1.1.7’,200,0.5,none,    NA,NA,NA,NA
b24475,13441737,2020-08-28T15:34:08Z,FAILED,NA,50000,0.2,0.5,1000,0,1,1,0.001,0.1,30525,[1] ‘1.1.7’,200,0.5,none,    NA,NA,NA,NA
b24475,13441739,2020-08-28T15:34:09Z,FAILED,NA,50000,0.2,0.5,1000,0,1,1,0.001,0.1,33053,[1] ‘1.1.7’,200,0.5,none,    NA,NA,NA,NA
b24475,13441741,2020-08-28T15:34:10Z,FAILED,NA,50000,0.2,0.5,1000,0,1,1,0.001,0.1,6570,[1] ‘1.1.7’,200,0.5,none,    NA,NA,NA,NA
b24475,13441740,2020-08-28T15:34:10Z,FAILED,NA,50000,0.2,0.5,1000,0,1,1,0.001,0.1,3526,[1] ‘1.1.7’,200,0.5,none,    NA,NA,NA,NA
b24475,13441743,2020-08-28T15:34:12Z,FAILED,NA,50000,0.2,0.5,1000,0,1,1,0.001,0.1,44568,[1] ‘1.1.7’,200,0.5,none,    NA,NA,NA,NA
b24475,13441742,2020-08-28T15:34:12Z,FAILED,NA,50000,0.2,0.5,1000,0,1,1,0.001,0.1,44151,[1] ‘1.1.7’,200,0.5,none,    NA,NA,NA,NA
b24475,13441744,2020-08-28T15:34:13Z,FAILED,NA,50000,0.2,0.5,1000,0,1,1,0.001,0.1,22442,[1] ‘1.1.7’,200,0.5,none,    NA,NA,NA,NA
b24475,13441745,2020-08-28T15:34:13Z,FAILED,NA,50000,0.2,0.5,1000,0,1,1,0.001,0.1,27453,[1] ‘1.1.7’,200,0.5,none,    NA,NA,NA,NA
b24475,13441746,2020-08-28T15:34:14Z,FAILED,NA,50000,0.2,0.5,1000,0,1,1,0.001,0.1,28455,[1] ‘1.1.7’,200,0.5,none,    NA,NA,NA,NA
b24475,13441747,2020-08-28T15:34:15Z,FAILED,NA,50000,0.2,0.5,1000,0,1,1,0.001,0.1,49683,[1] ‘1.1.7’,200,0.5,none,    NA,NA,NA,NA
b24475,13441748,2020-08-28T15:34:15Z,FAILED,NA,50000,0.2,0.5,1000,0,1,1,0.001,0.1,27433,[1] ‘1.1.7’,200,0.5,none,    NA,NA,NA,NA
b24475,13441749,2020-08-28T15:34:16Z,FAILED,NA,50000,0.2,0.5,1000,0,1,1,0.001,0.1,39303,[1] ‘1.1.7’,200,0.5,none,    NA,NA,NA,NA
b24475,13441750,2020-08-28T15:34:16Z,FAILED,NA,50000,0.2,0.5,1000,0,1,1,0.001,0.1,13743,[1] ‘1.1.7’,200,0.5,none,    NA,NA,NA,NA
b24475,13441752,2020-08-28T15:34:17Z,FAILED,NA,50000,0.2,0.5,1000,0,1,1,0.001,0.1,12182,[1] ‘1.1.7’,200,0.5,none,    NA,NA,NA,NA
b24475,13441751,2020-08-28T15:34:17Z,FAILED,NA,50000,0.2,0.5,1000,0,1,1,0.001,0.1,10607,[1] ‘1.1.7’,200,0.5,none,    NA,NA,NA,NA
b24475,13441754,2020-08-28T15:34:18Z,FAILED,NA,50000,0.2,0.5,1000,0,1,1,0.001,0.1,2447,[1] ‘1.1.7’,200,0.5,none,    NA,NA,NA,NA
b24475,13441753,2020-08-28T15:34:18Z,FAILED,NA,50000,0.2,0.5,1000,0,1,1,0.001,0.1,35062,[1] ‘1.1.7’,200,0.5,none,    NA,NA,NA,NA
b24475,13441755,2020-08-28T15:34:20Z,FAILED,NA,50000,0.2,0.5,1000,0,1,1,0.001,0.1,48074,[1] ‘1.1.7’,200,0.5,none,    NA,NA,NA,NA
b24475,13441756,2020-08-28T15:34:21Z,FAILED,NA,50000,0.2,0.5,1000,0,1,1,0.001,0.1,19152,[1] ‘1.1.7’,200,0.5,none,    NA,NA,NA,NA
b24475,13441757,2020-08-28T15:34:21Z,FAILED,NA,50000,0.2,0.5,1000,0,1,1,0.001,0.1,45350,[1] ‘1.1.7’,200,0.5,none,    NA,NA,NA,NA
b24475,13441758,2020-08-28T15:34:21Z,FAILED,NA,50000,0.2,0.5,1000,0,1,1,0.001,0.1,42303,[1] ‘1.1.7’,200,0.5,none,    NA,NA,NA,NA
b24475,13441759,2020-08-28T15:34:22Z,FAILED,NA,50000,0.2,0.5,1000,0,1,1,0.001,0.1,45153,[1] ‘1.1.7’,200,0.5,none,    NA,NA,NA,NA
b24475,13441760,2020-08-28T15:34:23Z,FAILED,NA,50000,0.2,0.5,1000,0,1,1,0.001,0.1,15853,[1] ‘1.1.7’,200,0.5,none,    NA,NA,NA,NA
b24475,13441761,2020-08-28T15:34:25Z,FAILED,NA,50000,0.2,0.5,1000,0,1,1,0.001,0.1,37105,[1] ‘1.1.7’,200,0.5,none,    NA,NA,NA,NA
b24475,13441762,2020-08-28T15:34:25Z,FAILED,NA,50000,0.2,0.5,1000,0,1,1,0.001,0.1,14992,[1] ‘1.1.7’,200,0.5,none,    NA,NA,NA,NA
b24475,13441763,2020-08-28T15:34:26Z,FAILED,NA,50000,0.2,0.5,1000,0,1,1,0.001,0.1,11291,[1] ‘1.1.7’,200,0.5,none,    NA,NA,NA,NA
b24475,13441764,2020-08-28T15:34:26Z,FAILED,NA,50000,0.2,0.5,1000,0,1,1,0.001,0.1,38403,[1] ‘1.1.7’,200,0.5,none,    NA,NA,NA,NA
b24475,13441765,2020-08-28T15:34:27Z,FAILED,NA,50000,0.2,0.5,1000,0,1,1,0.001,0.1,34906,[1] ‘1.1.7’,200,0.5,none,    NA,NA,NA,NA
b24475,13441766,2020-08-28T15:34:27Z,FAILED,NA,50000,0.2,0.5,1000,0,1,1,0.001,0.1,39137,[1] ‘1.1.7’,200,0.5,none,    NA,NA,NA,NA
b24475,13441767,2020-08-28T15:34:28Z,FAILED,NA,50000,0.2,0.5,1000,0,1,1,0.001,0.1,5823,[1] ‘1.1.7’,200,0.5,none,    NA,NA,NA,NA
b24475,13441768,2020-08-28T15:34:28Z,FAILED,NA,50000,0.2,0.5,1000,0,1,1,0.001,0.1,28006,[1] ‘1.1.7’,200,0.5,none,    NA,NA,NA,NA
b24475,13441769,2020-08-28T15:34:29Z,FAILED,NA,50000,0.2,0.5,1000,0,1,1,0.001,0.1,36215,[1] ‘1.1.7’,200,0.5,none,    NA,NA,NA,NA
b24475,13441770,2020-08-28T15:34:30Z,FAILED,NA,50000,0.2,0.5,1000,0,1,1,0.001,0.1,27574,[1] ‘1.1.7’,200,0.5,none,    NA,NA,NA,NA
b24475,13441771,2020-08-28T15:34:30Z,FAILED,NA,50000,0.2,0.5,1000,0,1,1,0.001,0.1,20060,[1] ‘1.1.7’,200,0.5,none,    NA,NA,NA,NA
b24475,13441772,2020-08-28T15:34:32Z,FAILED,NA,50000,0.2,0.5,1000,0,1,1,0.001,0.1,3585,[1] ‘1.1.7’,200,0.5,none,    NA,NA,NA,NA
b24475,13441774,2020-08-28T15:34:33Z,FAILED,NA,50000,0.2,0.5,1000,0,1,1,0.001,0.1,39352,[1] ‘1.1.7’,200,0.5,none,    NA,NA,NA,NA
b24475,13441775,2020-08-28T15:34:33Z,FAILED,NA,50000,0.2,0.5,1000,0,1,1,0.001,0.1,1431,[1] ‘1.1.7’,200,0.5,none,    NA,NA,NA,NA
b24475,13441778,2020-08-28T15:34:34Z,FAILED,NA,50000,0.2,0.5,1000,0,1,1,0.001,0.1,258,[1] ‘1.1.7’,200,0.5,none,    NA,NA,NA,NA
b24475,13441776,2020-08-28T15:34:35Z,FAILED,NA,50000,0.2,0.5,1000,0,1,1,0.001,0.1,44763,[1] ‘1.1.7’,200,0.5,none,    NA,NA,NA,NA
b24475,13441777,2020-08-28T15:34:35Z,FAILED,NA,50000,0.2,0.5,1000,0,1,1,0.001,0.1,45018,[1] ‘1.1.7’,200,0.5,none,    NA,NA,NA,NA
b24475,13441780,2020-08-28T15:34:36Z,FAILED,NA,50000,0.2,0.5,1000,0,1,1,0.001,0.1,32443,[1] ‘1.1.7’,200,0.5,none,    NA,NA,NA,NA
b24475,13441779,2020-08-28T15:34:36Z,FAILED,NA,50000,0.2,0.5,1000,0,1,1,0.001,0.1,39859,[1] ‘1.1.7’,200,0.5,none,    NA,NA,NA,NA
b24475,13441781,2020-08-28T15:34:37Z,FAILED,NA,50000,0.2,0.5,1000,0,1,1,0.001,0.1,6422,[1] ‘1.1.7’,200,0.5,none,    NA,NA,NA,NA
b24475,13441782,2020-08-28T15:34:37Z,FAILED,NA,50000,0.2,0.5,1000,0,1,1,0.001,0.1,14854,[1] ‘1.1.7’,200,0.5,none,    NA,NA,NA,NA
b24475,13441784,2020-08-28T15:34:38Z,FAILED,NA,50000,0.2,0.5,1000,0,1,1,0.001,0.1,25355,[1] ‘1.1.7’,200,0.5,none,    NA,NA,NA,NA
b24475,13441783,2020-08-28T15:34:38Z,FAILED,NA,50000,0.2,0.5,1000,0,1,1,0.001,0.1,5359,[1] ‘1.1.7’,200,0.5,none,    NA,NA,NA,NA
b24475,13441785,2020-08-28T15:34:39Z,FAILED,NA,50000,0.2,0.5,1000,0,1,1,0.001,0.1,6059,[1] ‘1.1.7’,200,0.5,none,    NA,NA,NA,NA
b24475,13441786,2020-08-28T15:34:40Z,FAILED,NA,50000,0.2,0.5,1000,0,1,1,0.001,0.1,39189,[1] ‘1.1.7’,200,0.5,none,    NA,NA,NA,NA
b24475,13441787,2020-08-28T15:34:41Z,FAILED,NA,50000,0.2,0.5,1000,0,1,1,0.001,0.1,13049,[1] ‘1.1.7’,200,0.5,none,    NA,NA,NA,NA
b24475,13441789,2020-08-28T15:34:42Z,FAILED,NA,50000,0.2,0.5,1000,0,1,1,0.001,0.1,36198,[1] ‘1.1.7’,200,0.5,none,    NA,NA,NA,NA
b24475,13441790,2020-08-28T15:34:42Z,FAILED,NA,50000,0.2,0.5,1000,0,1,1,0.001,0.1,41021,[1] ‘1.1.7’,200,0.5,none,    NA,NA,NA,NA
b24475,13441788,2020-08-28T15:34:42Z,FAILED,NA,50000,0.2,0.5,1000,0,1,1,0.001,0.1,24067,[1] ‘1.1.7’,200,0.5,none,    NA,NA,NA,NA
b24475,13441793,2020-08-28T15:34:43Z,FAILED,NA,50000,0.2,0.5,1000,0,1,1,0.001,0.1,34086,[1] ‘1.1.7’,200,0.5,none,    NA,NA,NA,NA
b24475,13441791,2020-08-28T15:34:43Z,FAILED,NA,50000,0.2,0.5,1000,0,1,1,0.001,0.1,4375,[1] ‘1.1.7’,200,0.5,none,    NA,NA,NA,NA
b24475,13441792,2020-08-28T15:34:43Z,FAILED,NA,50000,0.2,0.5,1000,0,1,1,0.001,0.1,27213,[1] ‘1.1.7’,200,0.5,none,    NA,NA,NA,NA
b24475,13441794,2020-08-28T15:34:44Z,FAILED,NA,50000,0.2,0.5,1000,0,1,1,0.001,0.1,28476,[1] ‘1.1.7’,200,0.5,none,    NA,NA,NA,NA
b24475,13441795,2020-08-28T15:34:45Z,FAILED,NA,50000,0.2,0.5,1000,0,1,1,0.001,0.1,13219,[1] ‘1.1.7’,200,0.5,none,    NA,NA,NA,NA
b24475,13441796,2020-08-28T15:34:45Z,FAILED,NA,50000,0.2,0.5,1000,0,1,1,0.001,0.1,17435,[1] ‘1.1.7’,200,0.5,none,    NA,NA,NA,NA
b24475,13441798,2020-08-28T15:34:46Z,FAILED,NA,50000,0.2,0.5,1000,0,1,1,0.001,0.1,25270,[1] ‘1.1.7’,200,0.5,none,    NA,NA,NA,NA
b24475,13441797,2020-08-28T15:34:46Z,FAILED,NA,50000,0.2,0.5,1000,0,1,1,0.001,0.1,29562,[1] ‘1.1.7’,200,0.5,none,    NA,NA,NA,NA
b24475,13441800,2020-08-28T15:34:47Z,FAILED,NA,50000,0.2,0.5,1000,0,1,1,0.001,0.1,16181,[1] ‘1.1.7’,200,0.5,none,    NA,NA,NA,NA
b24475,13441801,2020-08-28T15:34:48Z,FAILED,NA,50000,0.2,0.5,1000,0,1,1,0.001,0.1,42665,[1] ‘1.1.7’,200,0.5,none,    NA,NA,NA,NA
b24475,13441802,2020-08-28T15:34:49Z,FAILED,NA,50000,0.2,0.5,1000,0,1,1,0.001,0.1,40132,[1] ‘1.1.7’,200,0.5,none,    NA,NA,NA,NA
b24475,13441799,2020-08-28T15:34:49Z,FAILED,NA,50000,0.2,0.5,1000,0,1,1,0.001,0.1,30235,[1] ‘1.1.7’,200,0.5,none,    NA,NA,NA,NA
b24475,13441803,2020-08-28T15:34:50Z,FAILED,NA,50000,0.2,0.5,1000,0,1,1,0.001,0.1,45464,[1] ‘1.1.7’,200,0.5,none,    NA,NA,NA,NA
b24475,13441804,2020-08-28T15:34:50Z,FAILED,NA,50000,0.2,0.5,1000,0,1,1,0.001,0.1,39413,[1] ‘1.1.7’,200,0.5,none,    NA,NA,NA,NA
b24475,13441805,2020-08-28T15:34:50Z,FAILED,NA,50000,0.2,0.5,1000,0,1,1,0.001,0.1,30429,[1] ‘1.1.7’,200,0.5,none,    NA,NA,NA,NA
b83094,13441812,2020-08-28T15:39:05Z,COMPLETED,00:34:36,50000,0.2,0.5,1000,0,1,1,0.001,0.1,7122,[1] ‘1.1.7’,200,0.5,none,    NA,NA,NA,NA
b83094,13441816,2020-08-28T15:39:08Z,COMPLETED,00:35:00,50000,0.2,0.5,1000,0,1,1,0.001,0.1,3893,[1] ‘1.1.7’,200,0.5,none,    NA,NA,NA,NA
b83094,13441814,2020-08-28T15:39:08Z,COMPLETED,00:34:38,50000,0.2,0.5,1000,0,1,1,0.001,0.1,7100,[1] ‘1.1.7’,200,0.5,none,    NA,NA,NA,NA
b83094,13441815,2020-08-28T15:39:08Z,COMPLETED,00:33:57,50000,0.2,0.5,1000,0,1,1,0.001,0.1,15676,[1] ‘1.1.7’,200,0.5,none,    NA,NA,NA,NA
b83094,13441813,2020-08-28T15:39:08Z,COMPLETED,00:33:55,50000,0.2,0.5,1000,0,1,1,0.001,0.1,31778,[1] ‘1.1.7’,200,0.5,none,    NA,NA,NA,NA
b83094,13441818,2020-08-28T15:39:08Z,COMPLETED,00:34:05,50000,0.2,0.5,1000,0,1,1,0.001,0.1,13413,[1] ‘1.1.7’,200,0.5,none,    NA,NA,NA,NA
b83094,13441817,2020-08-28T15:39:08Z,COMPLETED,00:34:30,50000,0.2,0.5,1000,0,1,1,0.001,0.1,43973,[1] ‘1.1.7’,200,0.5,none,    NA,NA,NA,NA
b83094,13441821,2020-08-28T15:39:10Z,COMPLETED,00:33:53,50000,0.2,0.5,1000,0,1,1,0.001,0.1,32952,[1] ‘1.1.7’,200,0.5,none,    NA,NA,NA,NA
b83094,13441820,2020-08-28T15:39:10Z,COMPLETED,00:33:49,50000,0.2,0.5,1000,0,1,1,0.001,0.1,39421,[1] ‘1.1.7’,200,0.5,none,    NA,NA,NA,NA
b83094,13441819,2020-08-28T15:39:10Z,COMPLETED,00:33:49,50000,0.2,0.5,1000,0,1,1,0.001,0.1,7137,[1] ‘1.1.7’,200,0.5,none,    NA,NA,NA,NA
b83094,13441822,2020-08-28T15:39:12Z,COMPLETED,00:33:59,50000,0.2,0.5,1000,0,1,1,0.001,0.1,28644,[1] ‘1.1.7’,200,0.5,none,    NA,NA,NA,NA
b83094,13441823,2020-08-28T15:39:12Z,COMPLETED,00:34:41,50000,0.2,0.5,1000,0,1,1,0.001,0.1,15268,[1] ‘1.1.7’,200,0.5,none,    NA,NA,NA,NA
b83094,13441824,2020-08-28T15:39:12Z,COMPLETED,00:34:25,50000,0.2,0.5,1000,0,1,1,0.001,0.1,25265,[1] ‘1.1.7’,200,0.5,none,    NA,NA,NA,NA
b83094,13441825,2020-08-28T15:39:13Z,COMPLETED,00:34:01,50000,0.2,0.5,1000,0,1,1,0.001,0.1,3954,[1] ‘1.1.7’,200,0.5,none,    NA,NA,NA,NA
b83094,13441829,2020-08-28T15:39:16Z,COMPLETED,00:34:13,50000,0.2,0.5,1000,0,1,1,0.001,0.1,14947,[1] ‘1.1.7’,200,0.5,none,    NA,NA,NA,NA
b83094,13441828,2020-08-28T15:39:16Z,COMPLETED,00:33:55,50000,0.2,0.5,1000,0,1,1,0.001,0.1,43286,[1] ‘1.1.7’,200,0.5,none,    NA,NA,NA,NA
b83094,13441827,2020-08-28T15:39:16Z,COMPLETED,00:33:40,50000,0.2,0.5,1000,0,1,1,0.001,0.1,25239,[1] ‘1.1.7’,200,0.5,none,    NA,NA,NA,NA
b83094,13441826,2020-08-28T15:39:16Z,COMPLETED,00:34:23,50000,0.2,0.5,1000,0,1,1,0.001,0.1,42854,[1] ‘1.1.7’,200,0.5,none,    NA,NA,NA,NA
b83094,13441830,2020-08-28T15:39:19Z,COMPLETED,00:34:34,50000,0.2,0.5,1000,0,1,1,0.001,0.1,25151,[1] ‘1.1.7’,200,0.5,none,    NA,NA,NA,NA
b83094,13441831,2020-08-28T15:39:20Z,COMPLETED,00:34:14,50000,0.2,0.5,1000,0,1,1,0.001,0.1,43884,[1] ‘1.1.7’,200,0.5,none,    NA,NA,NA,NA
b83094,13441832,2020-08-28T15:39:20Z,COMPLETED,00:34:37,50000,0.2,0.5,1000,0,1,1,0.001,0.1,43655,[1] ‘1.1.7’,200,0.5,none,    NA,NA,NA,NA
b83094,13441833,2020-08-28T15:39:20Z,COMPLETED,00:34:10,50000,0.2,0.5,1000,0,1,1,0.001,0.1,17252,[1] ‘1.1.7’,200,0.5,none,    NA,NA,NA,NA
b83094,13441834,2020-08-28T15:39:21Z,COMPLETED,00:34:25,50000,0.2,0.5,1000,0,1,1,0.001,0.1,362,[1] ‘1.1.7’,200,0.5,none,    NA,NA,NA,NA
b83094,13441835,2020-08-28T15:39:22Z,COMPLETED,00:33:48,50000,0.2,0.5,1000,0,1,1,0.001,0.1,16835,[1] ‘1.1.7’,200,0.5,none,    NA,NA,NA,NA
b83094,13441836,2020-08-28T15:39:22Z,COMPLETED,00:33:59,50000,0.2,0.5,1000,0,1,1,0.001,0.1,4235,[1] ‘1.1.7’,200,0.5,none,    NA,NA,NA,NA
b83094,13441837,2020-08-28T15:39:22Z,COMPLETED,00:34:14,50000,0.2,0.5,1000,0,1,1,0.001,0.1,13715,[1] ‘1.1.7’,200,0.5,none,    NA,NA,NA,NA
b83094,13441838,2020-08-28T15:39:22Z,COMPLETED,00:34:10,50000,0.2,0.5,1000,0,1,1,0.001,0.1,41830,[1] ‘1.1.7’,200,0.5,none,    NA,NA,NA,NA
b83094,13441839,2020-08-28T15:39:22Z,COMPLETED,00:34:38,50000,0.2,0.5,1000,0,1,1,0.001,0.1,2527,[1] ‘1.1.7’,200,0.5,none,    NA,NA,NA,NA
b83094,13441840,2020-08-28T15:39:24Z,COMPLETED,00:35:00,50000,0.2,0.5,1000,0,1,1,0.001,0.1,1492,[1] ‘1.1.7’,200,0.5,none,    NA,NA,NA,NA
b83094,13441841,2020-08-28T15:39:43Z,COMPLETED,00:34:41,50000,0.2,0.5,1000,0,1,1,0.001,0.1,31842,[1] ‘1.1.7’,200,0.5,none,    NA,NA,NA,NA
b83094,13441842,2020-08-28T15:39:43Z,COMPLETED,00:34:54,50000,0.2,0.5,1000,0,1,1,0.001,0.1,22223,[1] ‘1.1.7’,200,0.5,none,    NA,NA,NA,NA
b83094,13441844,2020-08-28T15:39:58Z,COMPLETED,00:34:34,50000,0.2,0.5,1000,0,1,1,0.001,0.1,14307,[1] ‘1.1.7’,200,0.5,none,    NA,NA,NA,NA
b83094,13441843,2020-08-28T15:39:58Z,COMPLETED,00:34:09,50000,0.2,0.5,1000,0,1,1,0.001,0.1,38950,[1] ‘1.1.7’,200,0.5,none,    NA,NA,NA,NA
b83094,13441846,2020-08-28T15:41:22Z,COMPLETED,00:34:20,50000,0.2,0.5,1000,0,1,1,0.001,0.1,14010,[1] ‘1.1.7’,200,0.5,none,    NA,NA,NA,NA
b83094,13441845,2020-08-28T15:41:22Z,COMPLETED,00:34:54,50000,0.2,0.5,1000,0,1,1,0.001,0.1,37734,[1] ‘1.1.7’,200,0.5,none,    NA,NA,NA,NA
b83094,13441847,2020-08-28T15:42:04Z,COMPLETED,00:34:50,50000,0.2,0.5,1000,0,1,1,0.001,0.1,49718,[1] ‘1.1.7’,200,0.5,none,    NA,NA,NA,NA
b83094,13441848,2020-08-28T15:42:04Z,COMPLETED,00:34:38,50000,0.2,0.5,1000,0,1,1,0.001,0.1,33728,[1] ‘1.1.7’,200,0.5,none,    NA,NA,NA,NA
b83094,13441850,2020-08-28T15:43:13Z,COMPLETED,00:34:45,50000,0.2,0.5,1000,0,1,1,0.001,0.1,24502,[1] ‘1.1.7’,200,0.5,none,    NA,NA,NA,NA
b83094,13441849,2020-08-28T15:43:13Z,COMPLETED,00:38:25,50000,0.2,0.5,1000,0,1,1,0.001,0.1,6247,[1] ‘1.1.7’,200,0.5,none,    NA,NA,NA,NA
b83094,13441852,2020-08-28T15:43:32Z,COMPLETED,00:34:27,50000,0.2,0.5,1000,0,1,1,0.001,0.1,26341,[1] ‘1.1.7’,200,0.5,none,    NA,NA,NA,NA
b83094,13441851,2020-08-28T15:43:32Z,COMPLETED,00:33:22,50000,0.2,0.5,1000,0,1,1,0.001,0.1,12326,[1] ‘1.1.7’,200,0.5,none,    NA,NA,NA,NA
b83094,13441854,2020-08-28T15:44:19Z,COMPLETED,00:34:30,50000,0.2,0.5,1000,0,1,1,0.001,0.1,34336,[1] ‘1.1.7’,200,0.5,none,    NA,NA,NA,NA
b83094,13441853,2020-08-28T15:44:19Z,COMPLETED,00:33:46,50000,0.2,0.5,1000,0,1,1,0.001,0.1,18312,[1] ‘1.1.7’,200,0.5,none,    NA,NA,NA,NA
b83094,13441855,2020-08-28T15:44:35Z,COMPLETED,00:34:06,50000,0.2,0.5,1000,0,1,1,0.001,0.1,4436,[1] ‘1.1.7’,200,0.5,none,    NA,NA,NA,NA
b83094,13441856,2020-08-28T15:44:35Z,COMPLETED,00:34:40,50000,0.2,0.5,1000,0,1,1,0.001,0.1,11975,[1] ‘1.1.7’,200,0.5,none,    NA,NA,NA,NA
b83094,13441858,2020-08-28T15:44:43Z,COMPLETED,00:34:16,50000,0.2,0.5,1000,0,1,1,0.001,0.1,47957,[1] ‘1.1.7’,200,0.5,none,    NA,NA,NA,NA
b83094,13441857,2020-08-28T15:44:43Z,COMPLETED,00:34:35,50000,0.2,0.5,1000,0,1,1,0.001,0.1,30335,[1] ‘1.1.7’,200,0.5,none,    NA,NA,NA,NA
b83094,13441860,2020-08-28T15:45:34Z,COMPLETED,00:34:43,50000,0.2,0.5,1000,0,1,1,0.001,0.1,49492,[1] ‘1.1.7’,200,0.5,none,    NA,NA,NA,NA
b83094,13441859,2020-08-28T15:45:34Z,COMPLETED,00:33:57,50000,0.2,0.5,1000,0,1,1,0.001,0.1,48168,[1] ‘1.1.7’,200,0.5,none,    NA,NA,NA,NA
b83094,13441861,2020-08-28T15:45:52Z,COMPLETED,00:34:47,50000,0.2,0.5,1000,0,1,1,0.001,0.1,20465,[1] ‘1.1.7’,200,0.5,none,    NA,NA,NA,NA
b83094,13441862,2020-08-28T15:45:52Z,COMPLETED,00:34:32,50000,0.2,0.5,1000,0,1,1,0.001,0.1,34396,[1] ‘1.1.7’,200,0.5,none,    NA,NA,NA,NA
b83094,13441866,2020-08-28T15:46:04Z,COMPLETED,00:33:43,50000,0.2,0.5,1000,0,1,1,0.001,0.1,24280,[1] ‘1.1.7’,200,0.5,none,    NA,NA,NA,NA
b83094,13441865,2020-08-28T15:46:04Z,COMPLETED,00:34:23,50000,0.2,0.5,1000,0,1,1,0.001,0.1,30685,[1] ‘1.1.7’,200,0.5,none,    NA,NA,NA,NA
b83094,13441864,2020-08-28T15:46:04Z,COMPLETED,00:34:15,50000,0.2,0.5,1000,0,1,1,0.001,0.1,2309,[1] ‘1.1.7’,200,0.5,none,    NA,NA,NA,NA
b83094,13441863,2020-08-28T15:46:04Z,COMPLETED,00:34:12,50000,0.2,0.5,1000,0,1,1,0.001,0.1,27791,[1] ‘1.1.7’,200,0.5,none,    NA,NA,NA,NA
b83094,13441868,2020-08-28T15:46:48Z,COMPLETED,00:34:48,50000,0.2,0.5,1000,0,1,1,0.001,0.1,1816,[1] ‘1.1.7’,200,0.5,none,    NA,NA,NA,NA
b83094,13441867,2020-08-28T15:46:48Z,COMPLETED,00:34:19,50000,0.2,0.5,1000,0,1,1,0.001,0.1,32544,[1] ‘1.1.7’,200,0.5,none,    NA,NA,NA,NA
b83094,13441870,2020-08-28T15:47:09Z,COMPLETED,00:34:33,50000,0.2,0.5,1000,0,1,1,0.001,0.1,16640,[1] ‘1.1.7’,200,0.5,none,    NA,NA,NA,NA
b83094,13441869,2020-08-28T15:47:09Z,COMPLETED,00:33:47,50000,0.2,0.5,1000,0,1,1,0.001,0.1,14613,[1] ‘1.1.7’,200,0.5,none,    NA,NA,NA,NA
b83094,13441872,2020-08-28T15:49:03Z,COMPLETED,00:34:22,50000,0.2,0.5,1000,0,1,1,0.001,0.1,25976,[1] ‘1.1.7’,200,0.5,none,    NA,NA,NA,NA
b83094,13441871,2020-08-28T15:49:03Z,COMPLETED,00:34:11,50000,0.2,0.5,1000,0,1,1,0.001,0.1,45687,[1] ‘1.1.7’,200,0.5,none,    NA,NA,NA,NA
b83094,13441873,2020-08-28T15:51:50Z,COMPLETED,00:34:16,50000,0.2,0.5,1000,0,1,1,0.001,0.1,30772,[1] ‘1.1.7’,200,0.5,none,    NA,NA,NA,NA
b83094,13441874,2020-08-28T15:51:50Z,COMPLETED,00:34:21,50000,0.2,0.5,1000,0,1,1,0.001,0.1,35768,[1] ‘1.1.7’,200,0.5,none,    NA,NA,NA,NA
b83094,13441876,2020-08-28T15:51:53Z,COMPLETED,00:34:19,50000,0.2,0.5,1000,0,1,1,0.001,0.1,49063,[1] ‘1.1.7’,200,0.5,none,    NA,NA,NA,NA
b83094,13441875,2020-08-28T15:51:54Z,COMPLETED,00:34:12,50000,0.2,0.5,1000,0,1,1,0.001,0.1,22210,[1] ‘1.1.7’,200,0.5,none,    NA,NA,NA,NA
b83094,13441878,2020-08-28T15:52:29Z,COMPLETED,00:34:05,50000,0.2,0.5,1000,0,1,1,0.001,0.1,42047,[1] ‘1.1.7’,200,0.5,none,    NA,NA,NA,NA
b83094,13441877,2020-08-28T15:52:29Z,COMPLETED,00:33:49,50000,0.2,0.5,1000,0,1,1,0.001,0.1,23608,[1] ‘1.1.7’,200,0.5,none,    NA,NA,NA,NA
b83094,13441880,2020-08-28T15:52:58Z,COMPLETED,00:33:49,50000,0.2,0.5,1000,0,1,1,0.001,0.1,2759,[1] ‘1.1.7’,200,0.5,none,    NA,NA,NA,NA
b83094,13441879,2020-08-28T15:52:58Z,COMPLETED,00:33:38,50000,0.2,0.5,1000,0,1,1,0.001,0.1,16765,[1] ‘1.1.7’,200,0.5,none,    NA,NA,NA,NA
b83094,13441882,2020-08-28T15:54:27Z,COMPLETED,00:33:45,50000,0.2,0.5,1000,0,1,1,0.001,0.1,5192,[1] ‘1.1.7’,200,0.5,none,    NA,NA,NA,NA
b83094,13441881,2020-08-28T15:54:27Z,COMPLETED,00:33:51,50000,0.2,0.5,1000,0,1,1,0.001,0.1,27704,[1] ‘1.1.7’,200,0.5,none,    NA,NA,NA,NA
b83094,13441884,2020-08-28T15:54:28Z,COMPLETED,00:34:28,50000,0.2,0.5,1000,0,1,1,0.001,0.1,40948,[1] ‘1.1.7’,200,0.5,none,    NA,NA,NA,NA
b83094,13441883,2020-08-28T15:54:28Z,COMPLETED,00:34:38,50000,0.2,0.5,1000,0,1,1,0.001,0.1,2478,[1] ‘1.1.7’,200,0.5,none,    NA,NA,NA,NA
b83094,13441886,2020-08-28T15:55:03Z,COMPLETED,00:34:43,50000,0.2,0.5,1000,0,1,1,0.001,0.1,23583,[1] ‘1.1.7’,200,0.5,none,    NA,NA,NA,NA
b83094,13441885,2020-08-28T15:55:03Z,COMPLETED,00:34:31,50000,0.2,0.5,1000,0,1,1,0.001,0.1,3925,[1] ‘1.1.7’,200,0.5,none,    NA,NA,NA,NA
b83094,13441888,2020-08-28T15:58:35Z,COMPLETED,00:33:36,50000,0.2,0.5,1000,0,1,1,0.001,0.1,27574,[1] ‘1.1.7’,200,0.5,none,    NA,NA,NA,NA
b83094,13441887,2020-08-28T15:58:36Z,COMPLETED,00:33:55,50000,0.2,0.5,1000,0,1,1,0.001,0.1,15355,[1] ‘1.1.7’,200,0.5,none,    NA,NA,NA,NA
b83094,13441890,2020-08-28T15:59:04Z,COMPLETED,00:34:52,50000,0.2,0.5,1000,0,1,1,0.001,0.1,1868,[1] ‘1.1.7’,200,0.5,none,    NA,NA,NA,NA
b83094,13441889,2020-08-28T15:59:04Z,COMPLETED,00:34:18,50000,0.2,0.5,1000,0,1,1,0.001,0.1,12247,[1] ‘1.1.7’,200,0.5,none,    NA,NA,NA,NA
b83094,13441891,2020-08-28T15:59:58Z,COMPLETED,00:33:39,50000,0.2,0.5,1000,0,1,1,0.001,0.1,6147,[1] ‘1.1.7’,200,0.5,none,    NA,NA,NA,NA
b83094,13441892,2020-08-28T15:59:58Z,COMPLETED,00:34:21,50000,0.2,0.5,1000,0,1,1,0.001,0.1,37905,[1] ‘1.1.7’,200,0.5,none,    NA,NA,NA,NA
b83094,13441893,2020-08-28T16:00:18Z,COMPLETED,00:34:14,50000,0.2,0.5,1000,0,1,1,0.001,0.1,25210,[1] ‘1.1.7’,200,0.5,none,    NA,NA,NA,NA
b83094,13441895,2020-08-28T16:01:08Z,COMPLETED,00:34:11,50000,0.2,0.5,1000,0,1,1,0.001,0.1,34069,[1] ‘1.1.7’,200,0.5,none,    NA,NA,NA,NA
b83094,13441894,2020-08-28T16:01:08Z,COMPLETED,00:33:44,50000,0.2,0.5,1000,0,1,1,0.001,0.1,40217,[1] ‘1.1.7’,200,0.5,none,    NA,NA,NA,NA
b83094,13441896,2020-08-28T16:01:24Z,COMPLETED,00:34:35,50000,0.2,0.5,1000,0,1,1,0.001,0.1,47853,[1] ‘1.1.7’,200,0.5,none,    NA,NA,NA,NA
b83094,13441897,2020-08-28T16:01:24Z,COMPLETED,00:33:41,50000,0.2,0.5,1000,0,1,1,0.001,0.1,16525,[1] ‘1.1.7’,200,0.5,none,    NA,NA,NA,NA
b83094,13441898,2020-08-28T16:02:49Z,COMPLETED,00:34:25,50000,0.2,0.5,1000,0,1,1,0.001,0.1,41550,[1] ‘1.1.7’,200,0.5,none,    NA,NA,NA,NA
b83094,13441899,2020-08-28T16:02:49Z,COMPLETED,00:34:52,50000,0.2,0.5,1000,0,1,1,0.001,0.1,44229,[1] ‘1.1.7’,200,0.5,none,    NA,NA,NA,NA
b83094,13441901,2020-08-28T16:05:18Z,COMPLETED,00:34:23,50000,0.2,0.5,1000,0,1,1,0.001,0.1,8598,[1] ‘1.1.7’,200,0.5,none,    NA,NA,NA,NA
b83094,13441900,2020-08-28T16:05:19Z,COMPLETED,00:33:54,50000,0.2,0.5,1000,0,1,1,0.001,0.1,11557,[1] ‘1.1.7’,200,0.5,none,    NA,NA,NA,NA
b83094,13441903,2020-08-28T16:05:33Z,COMPLETED,00:34:28,50000,0.2,0.5,1000,0,1,1,0.001,0.1,15074,[1] ‘1.1.7’,200,0.5,none,    NA,NA,NA,NA
b83094,13441902,2020-08-28T16:05:33Z,COMPLETED,00:34:21,50000,0.2,0.5,1000,0,1,1,0.001,0.1,14982,[1] ‘1.1.7’,200,0.5,none,    NA,NA,NA,NA
b83094,13441905,2020-08-28T16:05:57Z,COMPLETED,00:34:31,50000,0.2,0.5,1000,0,1,1,0.001,0.1,4955,[1] ‘1.1.7’,200,0.5,none,    NA,NA,NA,NA
b83094,13441904,2020-08-28T16:05:57Z,COMPLETED,00:34:10,50000,0.2,0.5,1000,0,1,1,0.001,0.1,37514,[1] ‘1.1.7’,200,0.5,none,    NA,NA,NA,NA
b83094,13441907,2020-08-28T16:06:06Z,COMPLETED,00:37:41,50000,0.2,0.5,1000,0,1,1,0.001,0.1,11733,[1] ‘1.1.7’,200,0.5,none,    NA,NA,NA,NA
b83094,13441906,2020-08-28T16:06:06Z,COMPLETED,00:34:25,50000,0.2,0.5,1000,0,1,1,0.001,0.1,15064,[1] ‘1.1.7’,200,0.5,none,    NA,NA,NA,NA
b83094,13441909,2020-08-28T16:08:01Z,COMPLETED,00:34:08,50000,0.2,0.5,1000,0,1,1,0.001,0.1,599,[1] ‘1.1.7’,200,0.5,none,    NA,NA,NA,NA
b83094,13441908,2020-08-28T16:08:01Z,COMPLETED,00:34:17,50000,0.2,0.5,1000,0,1,1,0.001,0.1,8740,[1] ‘1.1.7’,200,0.5,none,    NA,NA,NA,NA
b83094,13441910,2020-08-28T16:08:04Z,COMPLETED,00:35:11,50000,0.2,0.5,1000,0,1,1,0.001,0.1,22991,[1] ‘1.1.7’,200,0.5,none,    NA,NA,NA,NA
b83094,13441911,2020-08-28T16:08:14Z,COMPLETED,00:34:28,50000,0.2,0.5,1000,0,1,1,0.001,0.1,38354,[1] ‘1.1.7’,200,0.5,none,    NA,NA,NA,NA
--time=00:00:36,13563428,2020-09-07T14:31:50Z,pending_check,NA,NA,3,0.2,0.5,1000,0,1,1,0.001,0.1,[1] ‘1.1.7’,24963,1,none,    NA,NA,NA,NA
b15367,13563527,2020-09-07T14:35:51Z,pending_check,NA,3,0.2,0.5,1000,0,1,1,0.001,0.1,10825,[1] ‘1.1.7’,1,0.5,none,    NA,NA,NA,NA
b57743,13563544,2020-09-07T14:37:02Z,pending_check,NA,4,0.2,0.5,1000,0,1,1,0.001,0.1,11975,[1] ‘1.1.7’,1,0.5,none,    NA,NA,NA,NA
b72119,13586892,2020-09-08T14:16:35Z,COMPLETED,00:00:22,200,0.3,2,1000,0,1,1,0.001,0.1,24353,[1] ‘1.3.1’,2,0.5,none,    NA,NA,NA,NA
b72119,13586894,2020-09-08T14:16:35Z,COMPLETED,00:00:22,300,0.3,3,1000,0,1,1,0.001,0.1,43701,[1] ‘1.3.1’,2,0.5,none,    NA,NA,NA,NA
b72119,13586893,2020-09-08T14:16:35Z,COMPLETED,00:00:24,300,0.2,3,1000,0,1,1,0.001,0.1,19400,[1] ‘1.3.1’,2,0.5,none,    NA,NA,NA,NA
b72119,13586891,2020-09-08T14:16:35Z,COMPLETED,00:00:23,200,0.2,2,1000,0,1,1,0.001,0.1,3725,[1] ‘1.3.1’,2,0.5,none,    NA,NA,NA,NA
b72119,13586896,2020-09-08T14:16:37Z,COMPLETED,00:00:22,400,0.3,4,1000,0,1,1,0.001,0.1,20467,[1] ‘1.3.1’,2,0.5,none,    NA,NA,NA,NA
b72119,13586895,2020-09-08T14:16:37Z,COMPLETED,00:00:22,400,0.2,4,1000,0,1,1,0.001,0.1,7540,[1] ‘1.3.1’,2,0.5,none,    NA,NA,NA,NA
b49422,13601094,2020-09-08T16:59:29Z,COMPLETED,00:49:04,25000,0.2,1,1000,0,1,1,0.001,0.1,27872,[1] ‘1.3.1’,200,0.5,none,    NA,NA,NA,NA
b49422,13601092,2020-09-08T16:59:29Z,COMPLETED,04:05:21,25000,0.1,1,1000,0,1,1,0.001,0.1,47312,[1] ‘1.3.1’,200,0.5,none,    NA,NA,NA,NA
b49422,13601096,2020-09-08T16:59:30Z,COMPLETED,00:21:28,25000,0.3,1,1000,0,1,1,0.001,0.1,42300,[1] ‘1.3.1’,200,0.5,none,    NA,NA,NA,NA
b49422,13601101,2020-09-08T16:59:31Z,COMPLETED,00:07:14,25000,0.6,1,1000,0,1,1,0.001,0.1,30997,[1] ‘1.3.1’,200,0.5,none,    NA,NA,NA,NA
b49422,13601099,2020-09-08T16:59:31Z,COMPLETED,00:08:24,25000,0.5,1,1000,0,1,1,0.001,0.1,43255,[1] ‘1.3.1’,200,0.5,none,    NA,NA,NA,NA
b49422,13601097,2020-09-08T16:59:31Z,COMPLETED,00:12:22,25000,0.4,1,1000,0,1,1,0.001,0.1,41002,[1] ‘1.3.1’,200,0.5,none,    NA,NA,NA,NA
b49422,13601102,2020-09-08T16:59:32Z,COMPLETED,00:05:47,25000,0.7,1,1000,0,1,1,0.001,0.1,22523,[1] ‘1.3.1’,200,0.5,none,    NA,NA,NA,NA
b49422,13601104,2020-09-08T16:59:33Z,COMPLETED,00:05:19,25000,0.8,1,1000,0,1,1,0.001,0.1,37214,[1] ‘1.3.1’,200,0.5,none,    NA,NA,NA,NA
b49422,13601106,2020-09-08T16:59:33Z,COMPLETED,00:04:39,25000,1,1,1000,0,1,1,0.001,0.1,27760,[1] ‘1.3.1’,200,0.5,none,    NA,NA,NA,NA
b49422,13601105,2020-09-08T16:59:33Z,COMPLETED,00:04:45,25000,0.9,1,1000,0,1,1,0.001,0.1,20817,[1] ‘1.3.1’,200,0.5,none,    NA,NA,NA,NA
b49422,13601107,2020-09-08T16:59:36Z,"CANCELLED,TIMEOUT",16:00:28,50000,0.1,2,1000,0,1,1,0.001,0.1,20467,[1] ‘1.3.1’,200,0.5,none,    NA,NA,NA,NA
b49422,13601111,2020-09-08T16:59:36Z,COMPLETED,02:32:43,50000,0.3,2,1000,0,1,1,0.001,0.1,45660,[1] ‘1.3.1’,200,0.5,none,    NA,NA,NA,NA
b49422,13601109,2020-09-08T16:59:37Z,COMPLETED,06:59:45,50000,0.2,2,1000,0,1,1,0.001,0.1,40215,[1] ‘1.3.1’,200,0.5,none,    NA,NA,NA,NA
b49422,13601112,2020-09-08T16:59:40Z,COMPLETED,01:16:57,50000,0.4,2,1000,0,1,1,0.001,0.1,7621,[1] ‘1.3.1’,200,0.5,none,    NA,NA,NA,NA
b49422,13601113,2020-09-08T16:59:40Z,COMPLETED,00:48:54,50000,0.5,2,1000,0,1,1,0.001,0.1,26782,[1] ‘1.3.1’,200,0.5,none,    NA,NA,NA,NA
b49422,13601115,2020-09-08T16:59:40Z,COMPLETED,00:32:41,50000,0.6,2,1000,0,1,1,0.001,0.1,6296,[1] ‘1.3.1’,200,0.5,none,    NA,NA,NA,NA
b49422,13601117,2020-09-08T16:59:40Z,COMPLETED,00:26:17,50000,0.7,2,1000,0,1,1,0.001,0.1,28661,[1] ‘1.3.1’,200,0.5,none,    NA,NA,NA,NA
b49422,13601119,2020-09-08T16:59:40Z,COMPLETED,00:20:51,50000,0.8,2,1000,0,1,1,0.001,0.1,1180,[1] ‘1.3.1’,200,0.5,none,    NA,NA,NA,NA
b49422,13601120,2020-09-08T16:59:42Z,COMPLETED,00:14:45,50000,0.9,2,1000,0,1,1,0.001,0.1,43715,[1] ‘1.3.1’,200,0.5,none,    NA,NA,NA,NA
b49422,13601124,2020-09-08T16:59:42Z,"CANCELLED,TIMEOUT",1-00:00:10,75000,0.1,3,1000,0,1,1,0.001,0.1,12139,[1] ‘1.3.1’,200,0.5,none,    NA,NA,NA,NA
b49422,13601122,2020-09-08T16:59:43Z,COMPLETED,00:13:23,50000,1,2,1000,0,1,1,0.001,0.1,13058,[1] ‘1.3.1’,200,0.5,none,    NA,NA,NA,NA
b49422,13601125,2020-09-08T16:59:44Z,"CANCELLED,TIMEOUT",12:00:19,75000,0.2,3,1000,0,1,1,0.001,0.1,23638,[1] ‘1.3.1’,200,0.5,none,    NA,NA,NA,NA
b49422,13601127,2020-09-08T16:59:44Z,"CANCELLED,TIMEOUT",08:00:15,75000,0.3,3,1000,0,1,1,0.001,0.1,23364,[1] ‘1.3.1’,200,0.5,none,    NA,NA,NA,NA
b49422,13601128,2020-09-08T16:59:45Z,COMPLETED,04:04:05,75000,0.4,3,1000,0,1,1,0.001,0.1,6863,[1] ‘1.3.1’,200,0.5,none,    NA,NA,NA,NA
b49422,13601130,2020-09-08T16:59:46Z,COMPLETED,02:21:52,75000,0.5,3,1000,0,1,1,0.001,0.1,16517,[1] ‘1.3.1’,200,0.5,none,    NA,NA,NA,NA
b49422,13601131,2020-09-08T16:59:47Z,COMPLETED,01:43:59,75000,0.6,3,1000,0,1,1,0.001,0.1,48607,[1] ‘1.3.1’,200,0.5,none,    NA,NA,NA,NA
b49422,13601133,2020-09-08T16:59:48Z,COMPLETED,01:09:29,75000,0.7,3,1000,0,1,1,0.001,0.1,34867,[1] ‘1.3.1’,200,0.5,none,    NA,NA,NA,NA
b49422,13601135,2020-09-08T16:59:48Z,COMPLETED,00:46:28,75000,0.8,3,1000,0,1,1,0.001,0.1,45367,[1] ‘1.3.1’,200,0.5,none,    NA,NA,NA,NA
b49422,13601136,2020-09-08T16:59:49Z,COMPLETED,00:39:00,75000,0.9,3,1000,0,1,1,0.001,0.1,43317,[1] ‘1.3.1’,200,0.5,none,    NA,NA,NA,NA
b49422,13601137,2020-09-08T16:59:49Z,COMPLETED,00:31:47,75000,1,3,1000,0,1,1,0.001,0.1,48789,[1] ‘1.3.1’,200,0.5,none,    NA,NA,NA,NA
b49422,13601140,2020-09-08T16:59:51Z,"CANCELLED,TIMEOUT",16:00:12,100000,0.2,4,1000,0,1,1,0.001,0.1,2521,[1] ‘1.3.1’,2000,0.5,none,    NA,NA,NA,NA
b49422,13601139,2020-09-08T16:59:51Z,"CANCELLED,TIMEOUT",1-08:00:03,100000,0.1,4,1000,0,1,1,0.001,0.1,39660,[1] ‘1.3.1’,2000,0.5,none,    NA,NA,NA,NA
b49422,13601142,2020-09-08T16:59:52Z,"CANCELLED,TIMEOUT",10:40:07,100000,0.3,4,1000,0,1,1,0.001,0.1,19115,[1] ‘1.3.1’,2000,0.5,none,    NA,NA,NA,NA
b49422,13601147,2020-09-08T16:59:55Z,COMPLETED,03:22:51,100000,0.6,4,1000,0,1,1,0.001,0.1,37249,[1] ‘1.3.1’,2000,0.5,none,    NA,NA,NA,NA
b49422,13601146,2020-09-08T16:59:55Z,COMPLETED,05:46:53,100000,0.5,4,1000,0,1,1,0.001,0.1,10311,[1] ‘1.3.1’,2000,0.5,none,    NA,NA,NA,NA
b49422,13601144,2020-09-08T16:59:55Z,"CANCELLED,TIMEOUT",08:00:04,100000,0.4,4,1000,0,1,1,0.001,0.1,45611,[1] ‘1.3.1’,2000,0.5,none,    NA,NA,NA,NA
b49422,13601148,2020-09-08T16:59:56Z,COMPLETED,02:28:42,100000,0.7,4,1000,0,1,1,0.001,0.1,41807,[1] ‘1.3.1’,2000,0.5,none,    NA,NA,NA,NA
b49422,13601151,2020-09-08T16:59:57Z,COMPLETED,01:21:22,100000,0.9,4,1000,0,1,1,0.001,0.1,39466,[1] ‘1.3.1’,2000,0.5,none,    NA,NA,NA,NA
b49422,13601150,2020-09-08T16:59:58Z,COMPLETED,01:59:19,100000,0.8,4,1000,0,1,1,0.001,0.1,24941,[1] ‘1.3.1’,2000,0.5,none,    NA,NA,NA,NA
b49422,13601155,2020-09-08T17:00:00Z,"CANCELLED,TIMEOUT",1-16:00:28,125000,0.1,5,1000,0,1,1,0.001,0.1,46543,[1] ‘1.3.1’,2000,0.5,none,    NA,NA,NA,NA
b49422,13601156,2020-09-08T17:00:00Z,"CANCELLED,TIMEOUT",20:00:05,125000,0.2,5,1000,0,1,1,0.001,0.1,28533,[1] ‘1.3.1’,2000,0.5,none,    NA,NA,NA,NA
b49422,13601153,2020-09-08T17:00:00Z,COMPLETED,01:26:21,100000,1,4,1000,0,1,1,0.001,0.1,31551,[1] ‘1.3.1’,2000,0.5,none,    NA,NA,NA,NA
b49422,13601157,2020-09-08T17:00:00Z,"CANCELLED,TIMEOUT",13:20:10,125000,0.3,5,1000,0,1,1,0.001,0.1,48763,[1] ‘1.3.1’,2000,0.5,none,    NA,NA,NA,NA
b49422,13601159,2020-09-08T17:00:00Z,"CANCELLED,TIMEOUT",10:00:24,125000,0.4,5,1000,0,1,1,0.001,0.1,42069,[1] ‘1.3.1’,2000,0.5,none,    NA,NA,NA,NA
b49422,13601162,2020-09-08T17:00:03Z,"CANCELLED,TIMEOUT",06:40:04,125000,0.6,5,1000,0,1,1,0.001,0.1,16196,[1] ‘1.3.1’,2000,0.5,none,    NA,NA,NA,NA
b49422,13601163,2020-09-08T17:00:04Z,COMPLETED,04:25:08,125000,0.7,5,1000,0,1,1,0.001,0.1,8506,[1] ‘1.3.1’,2000,0.5,none,    NA,NA,NA,NA
b49422,13601165,2020-09-08T17:00:04Z,COMPLETED,02:30:23,125000,0.9,5,1000,0,1,1,0.001,0.1,42171,[1] ‘1.3.1’,2000,0.5,none,    NA,NA,NA,NA
b49422,13601161,2020-09-08T17:00:04Z,"CANCELLED,TIMEOUT",08:00:25,125000,0.5,5,1000,0,1,1,0.001,0.1,5785,[1] ‘1.3.1’,2000,0.5,none,    NA,NA,NA,NA
b49422,13601164,2020-09-08T17:00:04Z,COMPLETED,03:25:13,125000,0.8,5,1000,0,1,1,0.001,0.1,19778,[1] ‘1.3.1’,2000,0.5,none,    NA,NA,NA,NA
b49422,13601166,2020-09-08T17:00:05Z,COMPLETED,01:52:16,125000,1,5,1000,0,1,1,0.001,0.1,41166,[1] ‘1.3.1’,2000,0.5,none,    NA,NA,NA,NA
b49422,13601167,2020-09-08T17:00:06Z,"CANCELLED,TIMEOUT",2-00:00:04,150000,0.1,6,1000,0,1,1,0.001,0.1,39525,[1] ‘1.3.1’,2000,0.5,none,    NA,NA,NA,NA
b49422,13601168,2020-09-08T17:00:06Z,"CANCELLED,TIMEOUT",1-00:00:17,150000,0.2,6,1000,0,1,1,0.001,0.1,48170,[1] ‘1.3.1’,2000,0.5,none,    NA,NA,NA,NA
b49422,13601170,2020-09-08T17:00:07Z,"CANCELLED,TIMEOUT",16:00:25,150000,0.3,6,1000,0,1,1,0.001,0.1,26988,[1] ‘1.3.1’,2000,0.5,none,    NA,NA,NA,NA
b49422,13601173,2020-09-08T17:00:09Z,"CANCELLED,TIMEOUT",09:36:11,150000,0.5,6,1000,0,1,1,0.001,0.1,25743,[1] ‘1.3.1’,2000,0.5,none,    NA,NA,NA,NA
b49422,13601172,2020-09-08T17:00:09Z,"CANCELLED,TIMEOUT",12:00:24,150000,0.4,6,1000,0,1,1,0.001,0.1,47079,[1] ‘1.3.1’,2000,0.5,none,    NA,NA,NA,NA
b49422,13601174,2020-09-08T17:00:10Z,"CANCELLED,TIMEOUT",08:00:18,150000,0.6,6,1000,0,1,1,0.001,0.1,10648,[1] ‘1.3.1’,2000,0.5,none,    NA,NA,NA,NA
b49422,13601176,2020-09-08T17:00:10Z,"CANCELLED,TIMEOUT",06:51:28,150000,0.7,6,1000,0,1,1,0.001,0.1,7141,[1] ‘1.3.1’,2000,0.5,none,    NA,NA,NA,NA
b49422,13601177,2020-09-08T17:00:11Z,COMPLETED,04:55:15,150000,0.8,6,1000,0,1,1,0.001,0.1,15799,[1] ‘1.3.1’,2000,0.5,none,    NA,NA,NA,NA
b49422,13601179,2020-09-08T17:00:13Z,COMPLETED,03:34:58,150000,0.9,6,1000,0,1,1,0.001,0.1,20665,[1] ‘1.3.1’,2000,0.5,none,    NA,NA,NA,NA
b49422,13601181,2020-09-08T17:00:14Z,COMPLETED,03:08:31,150000,1,6,1000,0,1,1,0.001,0.1,8693,[1] ‘1.3.1’,2000,0.5,none,    NA,NA,NA,NA
b49422,13601183,2020-09-08T17:00:14Z,"CANCELLED,TIMEOUT",2-08:00:17,175000,0.1,7,1000,0,1,1,0.001,0.1,26521,[1] ‘1.3.1’,2000,0.5,none,    NA,NA,NA,NA
b49422,13601185,2020-09-08T17:00:15Z,"CANCELLED,TIMEOUT",1-04:00:28,175000,0.2,7,1000,0,1,1,0.001,0.1,49087,[1] ‘1.3.1’,2000,0.5,none,    NA,NA,NA,NA
b49422,13601186,2020-09-08T17:00:16Z,"CANCELLED,TIMEOUT",18:40:08,175000,0.3,7,1000,0,1,1,0.001,0.1,4214,[1] ‘1.3.1’,2000,0.5,none,    NA,NA,NA,NA
b49422,13601188,2020-09-08T17:00:16Z,"CANCELLED,TIMEOUT",14:00:08,175000,0.4,7,1000,0,1,1,0.001,0.1,40029,[1] ‘1.3.1’,2000,0.5,none,    NA,NA,NA,NA
b49422,13601189,2020-09-08T17:00:18Z,"CANCELLED,TIMEOUT",11:12:11,175000,0.5,7,1000,0,1,1,0.001,0.1,36030,[1] ‘1.3.1’,2000,0.5,none,    NA,NA,NA,NA
b49422,13601192,2020-09-08T17:00:19Z,"CANCELLED,TIMEOUT",08:00:08,175000,0.7,7,1000,0,1,1,0.001,0.1,48322,[1] ‘1.3.1’,2000,0.5,none,    NA,NA,NA,NA
b49422,13601191,2020-09-08T17:00:19Z,"CANCELLED,TIMEOUT",09:20:19,175000,0.6,7,1000,0,1,1,0.001,0.1,29876,[1] ‘1.3.1’,2000,0.5,none,    NA,NA,NA,NA
b49422,13601194,2020-09-08T17:00:21Z,"CANCELLED,TIMEOUT",07:00:17,175000,0.8,7,1000,0,1,1,0.001,0.1,37165,[1] ‘1.3.1’,2000,0.5,none,    NA,NA,NA,NA
b49422,13601195,2020-09-08T17:00:21Z,COMPLETED,06:01:37,175000,0.9,7,1000,0,1,1,0.001,0.1,35179,[1] ‘1.3.1’,2000,0.5,none,    NA,NA,NA,NA
b49422,13601198,2020-09-08T17:00:22Z,"CANCELLED,TIMEOUT",2-16:00:06,200000,0.1,8,1000,0,1,1,0.001,0.1,7660,[1] ‘1.3.1’,2000,0.5,none,    NA,NA,NA,NA
b49422,13601197,2020-09-08T17:00:22Z,COMPLETED,04:57:23,175000,1,7,1000,0,1,1,0.001,0.1,25479,[1] ‘1.3.1’,2000,0.5,none,    NA,NA,NA,NA
b49422,13601200,2020-09-08T17:00:23Z,"CANCELLED,TIMEOUT",1-08:00:01,200000,0.2,8,1000,0,1,1,0.001,0.1,28080,[1] ‘1.3.1’,2000,0.5,none,    NA,NA,NA,NA
b49422,13601203,2020-09-08T17:00:24Z,"CANCELLED,TIMEOUT",16:00:08,200000,0.4,8,1000,0,1,1,0.001,0.1,30606,[1] ‘1.3.1’,2000,0.5,none,    NA,NA,NA,NA
b49422,13601201,2020-09-08T17:00:24Z,"CANCELLED,TIMEOUT",21:20:20,200000,0.3,8,1000,0,1,1,0.001,0.1,48975,[1] ‘1.3.1’,2000,0.5,none,    NA,NA,NA,NA
b49422,13601205,2020-09-08T17:00:25Z,"CANCELLED,TIMEOUT",12:48:14,200000,0.5,8,1000,0,1,1,0.001,0.1,23300,[1] ‘1.3.1’,2000,0.5,none,    NA,NA,NA,NA
b49422,13601207,2020-09-08T17:00:27Z,"CANCELLED,TIMEOUT",10:40:03,200000,0.6,8,1000,0,1,1,0.001,0.1,36302,[1] ‘1.3.1’,2000,0.5,none,    NA,NA,NA,NA
b49422,13601208,2020-09-08T17:00:28Z,"CANCELLED,TIMEOUT",09:09:11,200000,0.7,8,1000,0,1,1,0.001,0.1,38902,[1] ‘1.3.1’,2000,0.5,none,    NA,NA,NA,NA
b49422,13601210,2020-09-08T17:00:28Z,"CANCELLED,TIMEOUT",08:00:29,200000,0.8,8,1000,0,1,1,0.001,0.1,18418,[1] ‘1.3.1’,2000,0.5,none,    NA,NA,NA,NA
b49422,13601212,2020-09-08T17:00:30Z,"CANCELLED,TIMEOUT",07:07:18,200000,0.9,8,1000,0,1,1,0.001,0.1,23203,[1] ‘1.3.1’,2000,0.5,none,    NA,NA,NA,NA
b49422,13601214,2020-09-08T17:00:30Z,"CANCELLED,TIMEOUT",06:24:06,200000,1,8,1000,0,1,1,0.001,0.1,14022,[1] ‘1.3.1’,2000,0.5,none,    NA,NA,NA,NA
b49422,13601215,2020-09-08T17:00:30Z,"CANCELLED,TIMEOUT",3-00:00:14,225000,0.1,9,1000,0,1,1,0.001,0.1,16779,[1] ‘1.3.1’,2000,0.5,none,    NA,NA,NA,NA
b49422,13601218,2020-09-08T17:00:31Z,"CANCELLED,TIMEOUT",1-00:00:21,225000,0.3,9,1000,0,1,1,0.001,0.1,39335,[1] ‘1.3.1’,2000,0.5,none,    NA,NA,NA,NA
b49422,13601217,2020-09-08T17:00:32Z,"CANCELLED,TIMEOUT",1-12:00:05,225000,0.2,9,1000,0,1,1,0.001,0.1,32326,[1] ‘1.3.1’,2000,0.5,none,    NA,NA,NA,NA
b49422,13601221,2020-09-08T17:00:33Z,"CANCELLED,TIMEOUT",14:24:24,225000,0.5,9,1000,0,1,1,0.001,0.1,46732,[1] ‘1.3.1’,2000,0.5,none,    NA,NA,NA,NA
b49422,13601220,2020-09-08T17:00:34Z,"CANCELLED,TIMEOUT",18:00:05,225000,0.4,9,1000,0,1,1,0.001,0.1,17259,[1] ‘1.3.1’,2000,0.5,none,    NA,NA,NA,NA
b49422,13601223,2020-09-08T17:00:35Z,"CANCELLED,TIMEOUT",12:00:28,225000,0.6,9,1000,0,1,1,0.001,0.1,5469,[1] ‘1.3.1’,2000,0.5,none,    NA,NA,NA,NA
b49422,13601224,2020-09-08T17:00:35Z,"CANCELLED,TIMEOUT",10:17:20,225000,0.7,9,1000,0,1,1,0.001,0.1,7603,[1] ‘1.3.1’,2000,0.5,none,    NA,NA,NA,NA
b49422,13601226,2020-09-08T17:00:36Z,"CANCELLED,TIMEOUT",09:00:03,225000,0.8,9,1000,0,1,1,0.001,0.1,19280,[1] ‘1.3.1’,2000,0.5,none,    NA,NA,NA,NA
b49422,13601227,2020-09-08T17:00:36Z,"CANCELLED,TIMEOUT",08:00:22,225000,0.9,9,1000,0,1,1,0.001,0.1,254,[1] ‘1.3.1’,2000,0.5,none,    NA,NA,NA,NA
b49422,13601228,2020-09-08T17:00:36Z,"CANCELLED,TIMEOUT",07:12:11,225000,1,9,1000,0,1,1,0.001,0.1,39476,[1] ‘1.3.1’,2000,0.5,none,    NA,NA,NA,NA
b49422,13601230,2020-09-08T17:00:38Z,"CANCELLED,TIMEOUT",1-16:00:18,250000,0.2,10,1000,0,1,1,0.001,0.1,42788,[1] ‘1.3.1’,2000,0.5,none,    NA,NA,NA,NA
b49422,13601232,2020-09-08T17:00:39Z,"CANCELLED,TIMEOUT",1-02:40:23,250000,0.3,10,1000,0,1,1,0.001,0.1,12136,[1] ‘1.3.1’,2000,0.5,none,    NA,NA,NA,NA
b49422,13601234,2020-09-08T17:00:40Z,"CANCELLED,TIMEOUT",20:00:24,250000,0.4,10,1000,0,1,1,0.001,0.1,31633,[1] ‘1.3.1’,2000,0.5,none,    NA,NA,NA,NA
b49422,13601235,2020-09-08T17:00:40Z,"CANCELLED,TIMEOUT",16:00:22,250000,0.5,10,1000,0,1,1,0.001,0.1,3055,[1] ‘1.3.1’,2000,0.5,none,    NA,NA,NA,NA
b49422,13601237,2020-09-08T17:00:41Z,"CANCELLED,TIMEOUT",13:20:29,250000,0.6,10,1000,0,1,1,0.001,0.1,46325,[1] ‘1.3.1’,2000,0.5,none,    NA,NA,NA,NA
b49422,13601239,2020-09-08T17:00:41Z,"CANCELLED,TIMEOUT",11:26:18,250000,0.7,10,1000,0,1,1,0.001,0.1,46403,[1] ‘1.3.1’,2000,0.5,none,    NA,NA,NA,NA
b49422,13601241,2020-09-08T17:00:43Z,"CANCELLED,TIMEOUT",08:53:26,250000,0.9,10,1000,0,1,1,0.001,0.1,26212,[1] ‘1.3.1’,2000,0.5,none,    NA,NA,NA,NA
b49422,13601240,2020-09-08T17:00:43Z,"CANCELLED,TIMEOUT",10:00:12,250000,0.8,10,1000,0,1,1,0.001,0.1,6408,[1] ‘1.3.1’,2000,0.5,none,    NA,NA,NA,NA
b49422,13601243,2020-09-08T17:00:43Z,"CANCELLED,TIMEOUT",08:00:14,250000,1,10,1000,0,1,1,0.001,0.1,7927,[1] ‘1.3.1’,2000,0.5,none,    NA,NA,NA,NA
b49422,13601229,2020-09-08T17:06:21Z,"CANCELLED,TIMEOUT",3-08:00:19,250000,0.1,10,1000,0,1,1,0.001,0.1,29688,[1] ‘1.3.1’,2000,0.5,none,    NA,NA,NA,NA
b12337,14334289,2020-09-29T17:33:40Z,COMPLETED,09:10:15,50000,0.1,1,1000,0,1,1,0.001,0.1,20127,[1] ‘1.4.0’,200,0.5,none,    NA,NA,NA,NA
b12337,14334290,2020-09-29T17:33:40Z,COMPLETED,01:50:44,50000,0.2,1,1000,0,1,1,0.001,0.1,39947,[1] ‘1.4.0’,200,0.5,none,    NA,NA,NA,NA
b12337,14334294,2020-09-29T17:33:42Z,COMPLETED,00:14:52,50000,0.6,1,1000,0,1,1,0.001,0.1,30956,[1] ‘1.4.0’,200,0.5,none,    NA,NA,NA,NA
b12337,14334291,2020-09-29T17:33:42Z,COMPLETED,00:48:42,50000,0.3,1,1000,0,1,1,0.001,0.1,157,[1] ‘1.4.0’,200,0.5,none,    NA,NA,NA,NA
b12337,14334293,2020-09-29T17:33:42Z,COMPLETED,00:19:20,50000,0.5,1,1000,0,1,1,0.001,0.1,37729,[1] ‘1.4.0’,200,0.5,none,    NA,NA,NA,NA
b12337,14334292,2020-09-29T17:33:42Z,COMPLETED,00:28:25,50000,0.4,1,1000,0,1,1,0.001,0.1,20778,[1] ‘1.4.0’,200,0.5,none,    NA,NA,NA,NA
b12337,14334295,2020-09-29T17:33:43Z,COMPLETED,00:11:51,50000,0.7,1,1000,0,1,1,0.001,0.1,38836,[1] ‘1.4.0’,200,0.5,none,    NA,NA,NA,NA
b12337,14334296,2020-09-29T17:33:45Z,COMPLETED,00:10:02,50000,0.8,1,1000,0,1,1,0.001,0.1,46587,[1] ‘1.4.0’,200,0.5,none,    NA,NA,NA,NA
b12337,14334298,2020-09-29T17:33:45Z,COMPLETED,00:08:12,50000,1,1,1000,0,1,1,0.001,0.1,17719,[1] ‘1.4.0’,200,0.5,none,    NA,NA,NA,NA
b12337,14334297,2020-09-29T17:33:46Z,COMPLETED,00:08:56,50000,0.9,1,1000,0,1,1,0.001,0.1,2726,[1] ‘1.4.0’,200,0.5,none,    NA,NA,NA,NA
b12337,14334299,2020-09-29T17:33:46Z,COMPLETED,2-15:48:28,75000,0.1,2,1000,0,1,1,0.001,0.1,22552,[1] ‘1.4.0’,200,0.5,none,    NA,NA,NA,NA
b12337,14334300,2020-09-29T17:33:48Z,COMPLETED,16:39:43,100000,0.2,2,1000,0,1,1,0.001,0.1,14802,[1] ‘1.4.0’,200,0.5,none,    NA,NA,NA,NA
b12337,14334303,2020-09-29T17:33:52Z,COMPLETED,05:14:30,150000,0.4,2,1000,0,1,1,0.001,0.1,40224,[1] ‘1.4.0’,200,0.5,none,    NA,NA,NA,NA
b12337,14334306,2020-09-29T17:33:52Z,COMPLETED,02:20:31,150000,0.6,2,1000,0,1,1,0.001,0.1,40620,[1] ‘1.4.0’,200,0.5,none,    NA,NA,NA,NA
b12337,14334305,2020-09-29T17:33:52Z,COMPLETED,03:13:47,150000,0.5,2,1000,0,1,1,0.001,0.1,33603,[1] ‘1.4.0’,200,0.5,none,    NA,NA,NA,NA
b12337,14334301,2020-09-29T17:33:52Z,"CANCELLED,TIMEOUT",08:00:05,150000,0.3,2,1000,0,1,1,0.001,0.1,49037,[1] ‘1.4.0’,200,0.5,none,    NA,NA,NA,NA
b12337,14334307,2020-09-29T17:33:55Z,COMPLETED,01:40:20,150000,0.7,2,1000,0,1,1,0.001,0.1,32495,[1] ‘1.4.0’,200,0.5,none,    NA,NA,NA,NA
b12337,14334310,2020-09-29T17:33:55Z,COMPLETED,00:43:17,150000,1,2,1000,0,1,1,0.001,0.1,33727,[1] ‘1.4.0’,200,0.5,none,    NA,NA,NA,NA
b12337,14334308,2020-09-29T17:33:55Z,COMPLETED,01:11:13,150000,0.8,2,1000,0,1,1,0.001,0.1,19887,[1] ‘1.4.0’,200,0.5,none,    NA,NA,NA,NA
b12337,14334312,2020-09-29T17:33:56Z,COMPLETED,1-14:45:45,100000,0.2,3,1000,0,1,1,0.001,0.1,20312,[1] ‘1.4.0’,200,0.5,none,    NA,NA,NA,NA
b12337,14334309,2020-09-29T17:33:56Z,COMPLETED,01:03:11,150000,0.9,2,1000,0,1,1,0.001,0.1,11204,[1] ‘1.4.0’,200,0.5,none,    NA,NA,NA,NA
b12337,14334311,2020-09-29T17:33:56Z,"CANCELLED,TIMEOUT",5-00:00:11,75000,0.1,3,1000,0,1,1,0.001,0.1,11533,[1] ‘1.4.0’,200,0.5,none,    NA,NA,NA,NA
b12337,14334313,2020-09-29T17:33:57Z,COMPLETED,23:13:08,150000,0.3,3,1000,0,1,1,0.001,0.1,36748,[1] ‘1.4.0’,200,0.5,none,    NA,NA,NA,NA
b12337,14334314,2020-09-29T17:33:57Z,COMPLETED,10:46:35,150000,0.4,3,1000,0,1,1,0.001,0.1,34015,[1] ‘1.4.0’,200,0.5,none,    NA,NA,NA,NA
b12337,14334315,2020-09-29T17:33:58Z,COMPLETED,06:19:41,150000,0.5,3,1000,0,1,1,0.001,0.1,25903,[1] ‘1.4.0’,200,0.5,none,    NA,NA,NA,NA
b12337,14334316,2020-09-29T17:33:59Z,COMPLETED,04:04:03,150000,0.6,3,1000,0,1,1,0.001,0.1,22293,[1] ‘1.4.0’,200,0.5,none,    NA,NA,NA,NA
b12337,14334317,2020-09-29T17:33:59Z,COMPLETED,03:11:29,150000,0.7,3,1000,0,1,1,0.001,0.1,18201,[1] ‘1.4.0’,200,0.5,none,    NA,NA,NA,NA
b12337,14334318,2020-09-29T17:34:01Z,COMPLETED,02:19:09,150000,0.8,3,1000,0,1,1,0.001,0.1,1245,[1] ‘1.4.0’,200,0.5,none,    NA,NA,NA,NA
b12337,14334319,2020-09-29T17:34:01Z,COMPLETED,01:43:53,150000,0.9,3,1000,0,1,1,0.001,0.1,15967,[1] ‘1.4.0’,200,0.5,none,    NA,NA,NA,NA
b12337,14334320,2020-09-29T17:34:02Z,COMPLETED,01:25:24,150000,1,3,1000,0,1,1,0.001,0.1,16028,[1] ‘1.4.0’,200,0.5,none,    NA,NA,NA,NA
b31120,15639673,2020-11-25T16:06:55Z,"CANCELLED,FAILED",01:35:29,200000,0.6,3,1000,0,1,1,0.001,0.1,4033,[1] ‘1.7.1’,200,0.05,simd_omp,  5.01M,135000,9,225
b31120,15639674,2020-11-25T16:06:59Z,"CANCELLED,FAILED",01:35:29,208000,0.7,3,1000,0,1,1,0.001,0.1,13364,[1] ‘1.7.1’,200,0.05,simd_omp,  6.76M,195600,8,203
b31120,15639678,2020-11-25T16:07:02Z,"CANCELLED,FAILED",01:35:29,63000,0.1,3,1000,0,1,1,0.001,0.1,39108,[1] ‘1.7.1’,200,0.05,simd_omp,  1.93M,14200,45,1165
b31120,15639679,2020-11-25T16:07:07Z,"CANCELLED,FAILED",01:35:25,97000,0.2,3,1000,0,1,1,0.001,0.1,35762,[1] ‘1.7.1’,200,0.05,simd_omp,  2.98M,33000,33,682
b31120,15639681,2020-11-25T16:07:09Z,"CANCELLED,FAILED",01:35:23,148000,0.3,3,1000,0,1,1,0.001,0.1,4241,[1] ‘1.7.1’,200,0.05,simd_omp,  3.9M,57200,25,475
b31120,15639682,2020-11-25T16:07:10Z,"CANCELLED,FAILED",01:35:29,173000,0.4,3,1000,0,1,1,0.001,0.1,32447,[1] ‘1.7.1’,200,0.05,simd_omp,  4.79M,89000,16,354
b31120,15639683,2020-11-25T16:07:13Z,"CANCELLED,FAILED",01:35:29,212000,0.5,3,1000,0,1,1,0.001,0.1,21621,[1] ‘1.7.1’,200,0.05,simd_omp,  5.5M,120400,13,281
b31120,15639684,2020-11-25T16:07:16Z,"CANCELLED,FAILED",01:35:28,200000,0.6,3,1000,0,1,1,0.001,0.1,45531,[1] ‘1.7.1’,200,0.05,simd_omp,  6.27M,162600,10,238
b31120,15639689,2020-11-25T16:07:28Z,"CANCELLED,FAILED",01:35:23,63000,0.1,3,1000,0,1,1,0.001,0.1,21044,[1] ‘1.7.1’,200,0.05,simd_omp,  1.95M,14400,41,1162
b31120,15639690,2020-11-25T16:07:30Z,"CANCELLED,FAILED",01:35:29,97000,0.2,3,1000,0,1,1,0.001,0.1,46764,[1] ‘1.7.1’,200,0.05,simd_omp,  2.97M,33200,31,679
b31120,15639691,2020-11-25T16:07:32Z,"CANCELLED,FAILED",01:35:23,148000,0.3,3,1000,0,1,1,0.001,0.1,5988,[1] ‘1.7.1’,200,0.05,simd_omp,  3.92M,58200,21,466
b31120,15639692,2020-11-25T16:07:34Z,"CANCELLED,FAILED",01:35:29,173000,0.4,3,1000,0,1,1,0.001,0.1,28601,[1] ‘1.7.1’,200,0.05,simd_omp,  4.76M,88800,17,344
b31120,15639694,2020-11-25T16:07:37Z,"CANCELLED,FAILED",01:35:29,200000,0.6,3,1000,0,1,1,0.001,0.1,26002,[1] ‘1.7.1’,200,0.05,simd_omp,  6.34M,163400,10,227
b31120,15639693,2020-11-25T16:07:39Z,"CANCELLED,FAILED",01:35:29,212000,0.5,3,1000,0,1,1,0.001,0.1,16012,[1] ‘1.7.1’,200,0.05,simd_omp,  5.55M,121400,13,281
b31120,15639695,2020-11-25T16:07:41Z,"CANCELLED,FAILED",01:35:23,208000,0.7,3,1000,0,1,1,0.001,0.1,19528,[1] ‘1.7.1’,200,0.05,simd_omp,  6.8M,199400,8,203
b31120,15639733,2020-11-25T16:07:41Z,"CANCELLED,FAILED",01:25:14,63000,0.1,3,1000,0,1,1,0.001,0.1,48547,[1] ‘1.7.1’,200,0.05,simd_omp,  1.81M,13800,39,1141
b31120,15639728,2020-11-25T16:07:42Z,"CANCELLED,FAILED",01:25:14,208000,0.7,3,1000,0,1,1,0.001,0.1,29591,[1] ‘1.7.1’,200,0.05,simd_omp,  6.36M,193800,7,191
b31120,15639726,2020-11-25T16:07:42Z,"CANCELLED,FAILED",01:25:14,212000,0.5,3,1000,0,1,1,0.001,0.1,10218,[1] ‘1.7.1’,200,0.05,simd_omp,  5.01M,111000,11,278
b31120,15639727,2020-11-25T16:07:42Z,"CANCELLED,FAILED",01:25:14,200000,0.6,3,1000,0,1,1,0.001,0.1,15301,[1] ‘1.7.1’,200,0.05,simd_omp,  5.62M,146200,10,236
b31120,15639717,2020-11-25T16:07:42Z,"CANCELLED,FAILED",01:25:14,208000,0.7,3,1000,0,1,1,0.001,0.1,12595,[1] ‘1.7.1’,200,0.05,simd_omp,  6.21M,186200,8,200
b31120,15639724,2020-11-25T16:07:42Z,"CANCELLED,FAILED",01:25:14,148000,0.3,3,1000,0,1,1,0.001,0.1,8748,[1] ‘1.7.1’,200,0.05,simd_omp,  3.57M,53600,22,461
b31120,15639723,2020-11-25T16:07:42Z,"CANCELLED,FAILED",01:25:14,97000,0.2,3,1000,0,1,1,0.001,0.1,34315,[1] ‘1.7.1’,200,0.05,simd_omp,  2.75M,31600,32,672
b31120,15639722,2020-11-25T16:07:42Z,"CANCELLED,FAILED",01:25:15,63000,0.1,3,1000,0,1,1,0.001,0.1,7405,[1] ‘1.7.1’,200,0.05,simd_omp,  1.8M,13600,41,1148
b31120,15639725,2020-11-25T16:07:42Z,"CANCELLED,FAILED",01:25:13,173000,0.4,3,1000,0,1,1,0.001,0.1,17736,[1] ‘1.7.1’,200,0.05,simd_omp,  4.28M,81200,17,360
b31120,15639755,2020-11-25T16:07:45Z,"CANCELLED,FAILED",00:01:52,97000,0.2,3,1000,0,1,1,0.001,0.1,34497,[1] ‘1.7.1’,200,0.05,simd_omp,112K,4400,5,203
b31120,15639756,2020-11-25T16:07:46Z,"CANCELLED,FAILED",00:01:52,148000,0.3,3,1000,0,1,1,0.001,0.1,30755,[1] ‘1.7.1’,200,0.05,simd_omp,128K,6600,4,164
b31120,15639699,2020-11-25T16:07:48Z,"CANCELLED,FAILED",01:35:29,63000,0.1,3,1000,0,1,1,0.001,0.1,5085,[1] ‘1.7.1’,200,0.05,simd_omp,  1.97M,14600,43,1169
b31120,15639700,2020-11-25T16:07:50Z,"CANCELLED,FAILED",01:35:29,97000,0.2,3,1000,0,1,1,0.001,0.1,9397,[1] ‘1.7.1’,200,0.05,simd_omp,  2.96M,33200,33,668
b31120,15639757,2020-11-25T16:07:50Z,"CANCELLED,FAILED",00:01:53,173000,0.4,3,1000,0,1,1,0.001,0.1,8043,[1] ‘1.7.1’,200,0.05,simd_omp,124K,7200,4,140
b31120,15639701,2020-11-25T16:07:52Z,"CANCELLED,FAILED",01:35:28,148000,0.3,3,1000,0,1,1,0.001,0.1,28389,[1] ‘1.7.1’,200,0.05,simd_omp,  3.82M,56200,24,460
b31120,15639758,2020-11-25T16:07:53Z,"CANCELLED,FAILED",00:01:52,212000,0.5,3,1000,0,1,1,0.001,0.1,39825,[1] ‘1.7.1’,200,0.05,simd_omp,128K,8600,3,104
b31120,15639759,2020-11-25T16:07:56Z,"CANCELLED,FAILED",00:01:52,200000,0.6,3,1000,0,1,1,0.001,0.1,20961,[1] ‘1.7.1’,200,0.05,simd_omp,116K,9200,2,93
b31120,15639703,2020-11-25T16:07:57Z,"CANCELLED,FAILED",01:35:23,173000,0.4,3,1000,0,1,1,0.001,0.1,40323,[1] ‘1.7.1’,200,0.05,simd_omp,  4.7M,87400,17,343
b31120,15639764,2020-11-25T16:24:32Z,"CANCELLED,FAILED",01:17:20,63000,0.1,3,1000,0,1,1,0.001,0.1,38940,[1] ‘1.7.1’,200,0.05,simd_omp,  1.69M,13400,39,1109
b31120,15639766,2020-11-25T16:24:32Z,"CANCELLED,FAILED",02:04:11,97000,0.2,3,1000,0,1,1,0.001,0.1,1915,[1] ‘1.7.1’,200,0.05,simd_omp,  3.66M,38400,35,688
b31120,15639767,2020-11-25T16:24:34Z,"CANCELLED,FAILED",02:04:11,148000,0.3,3,1000,0,1,1,0.001,0.1,27960,[1] ‘1.7.1’,200,0.05,simd_omp,  4.93M,68800,25,477
b31120,15639768,2020-11-25T16:24:36Z,"CANCELLED,FAILED",02:04:11,173000,0.4,3,1000,0,1,1,0.001,0.1,37,[1] ‘1.7.1’,200,0.05,simd_omp,  6.09M,106200,16,355
b31120,15639769,2020-11-25T16:24:38Z,"CANCELLED,FAILED",02:04:11,212000,0.5,3,1000,0,1,1,0.001,0.1,14685,[1] ‘1.7.1’,200,0.05,simd_omp,  7.08M,148200,14,285
b31120,15639775,2020-11-25T16:24:54Z,"CANCELLED,FAILED",02:04:11,63000,0.1,3,1000,0,1,1,0.001,0.1,47546,[1] ‘1.7.1’,200,0.05,simd_omp,  2.41M,16200,47,1251
b31120,15639776,2020-11-25T16:24:57Z,"CANCELLED,FAILED",02:04:11,97000,0.2,3,1000,0,1,1,0.001,0.1,4048,[1] ‘1.7.1’,200,0.05,simd_omp,  3.74M,39200,34,695
b31120,15639778,2020-11-25T16:25:00Z,"CANCELLED,FAILED",02:04:11,173000,0.4,3,1000,0,1,1,0.001,0.1,44166,[1] ‘1.7.1’,200,0.05,simd_omp,  6.05M,106400,18,359
b31120,15639779,2020-11-25T16:25:02Z,"CANCELLED,FAILED",02:04:11,212000,0.5,3,1000,0,1,1,0.001,0.1,46230,[1] ‘1.7.1’,200,0.05,simd_omp,  7.17M,153200,13,270
b31120,15639777,2020-11-25T16:25:07Z,"CANCELLED,FAILED",02:04:12,148000,0.3,3,1000,0,1,1,0.001,0.1,20023,[1] ‘1.7.1’,200,0.05,simd_omp,  4.89M,68000,27,480
b31120,15639822,2020-11-25T17:27:03Z,"CANCELLED,FAILED",00:06:19,173000,0.4,3,1000,0,1,1,0.001,0.1,1768,[1] ‘1.7.1’,200,0.05,simd_omp,428K,16000,7,219
b31120,15639823,2020-11-25T17:27:03Z,"CANCELLED,FAILED",00:06:20,212000,0.5,3,1000,0,1,1,0.001,0.1,5625,[1] ‘1.7.1’,200,0.05,simd_omp,464K,20800,6,175
b31120,15639824,2020-11-25T17:27:03Z,"CANCELLED,FAILED",00:06:19,200000,0.6,3,1000,0,1,1,0.001,0.1,14592,[1] ‘1.7.1’,200,0.05,simd_omp,476K,22400,6,155
b31120,15639821,2020-11-25T17:27:03Z,"CANCELLED,FAILED",00:06:20,148000,0.3,3,1000,0,1,1,0.001,0.1,44555,[1] ‘1.7.1’,200,0.05,simd_omp,392K,12800,8,260
b31120,15639813,2020-11-25T17:27:03Z,"CANCELLED,FAILED",00:15:33,212000,0.5,3,1000,0,1,1,0.001,0.1,28049,[1] ‘1.7.1’,200,0.05,simd_omp,  1.08M,35600,8,225
b31120,15639812,2020-11-25T17:27:03Z,"CANCELLED,FAILED",00:15:32,173000,0.4,3,1000,0,1,1,0.001,0.1,36187,[1] ‘1.7.1’,200,0.05,simd_omp,904K,27200,10,261
b31120,15639814,2020-11-25T17:27:06Z,"CANCELLED,FAILED",00:15:33,200000,0.6,3,1000,0,1,1,0.001,0.1,25802,[1] ‘1.7.1’,200,0.05,simd_omp,  1.15M,45000,7,195
b31120,15639815,2020-11-25T17:27:08Z,"CANCELLED,FAILED",00:15:27,208000,0.7,3,1000,0,1,1,0.001,0.1,43226,[1] ‘1.7.1’,200,0.05,simd_omp,  1.21M,51000,6,172
b31120,15639816,2020-11-25T17:27:10Z,"CANCELLED,FAILED",00:15:27,187000,0.8,3,1000,0,1,1,0.001,0.1,34867,[1] ‘1.7.1’,200,0.05,simd_omp,  1.29M,62000,5,144
b31120,15639817,2020-11-25T17:27:13Z,"CANCELLED,FAILED",00:15:33,277000,0.9,3,1000,0,1,1,0.001,0.1,20757,[1] ‘1.7.1’,200,0.05,simd_omp,  1.32M,72000,4,123
b31120,15639829,2020-11-25T17:56:02Z,"CANCELLED,FAILED",03:30:14,63000,0.1,3,1000,0,1,1,0.001,0.1,46660,[1] ‘1.7.1’,200,0.05,simd_omp,  3.6M,21000,59,1360
b31120,15639831,2020-11-25T17:56:03Z,"CANCELLED,FAILED",03:30:12,97000,0.2,3,1000,0,1,1,0.001,0.1,46636,[1] ‘1.7.1’,200,0.05,simd_omp,  5.76M,53200,39,727
b31120,15639833,2020-11-25T17:56:06Z,"CANCELLED,FAILED",03:30:12,173000,0.4,3,1000,0,1,1,0.001,0.1,48211,[1] ‘1.7.1’,200,0.05,simd_omp,  9.94M,159600,18,358
b31120,15639832,2020-11-25T17:56:13Z,"CANCELLED,FAILED",03:30:12,148000,0.3,3,1000,0,1,1,0.001,0.1,45056,[1] ‘1.7.1’,200,0.05,simd_omp,  7.83M,99800,26,472
b31120,15639855,2020-11-25T19:25:48Z,"CANCELLED,FAILED",02:00:06,212000,0.5,3,1000,0,1,1,0.001,0.1,48720,[1] ‘1.7.1’,200,0.05,simd_omp,  6.85M,144400,14,286
b31120,15639856,2020-11-25T19:25:55Z,"CANCELLED,FAILED",02:00:06,200000,0.6,3,1000,0,1,1,0.001,0.1,9613,[1] ‘1.7.1’,200,0.05,simd_omp,  7.8M,189800,10,230
b31120,15639909,2020-11-25T19:32:28Z,"CANCELLED,FAILED",01:52:56,200000,0.6,3,1000,0,1,1,0.001,0.1,19817,[1] ‘1.7.1’,200,0.05,simd_omp,  7.53M,189000,9,228
b31120,15639925,2020-11-25T19:53:05Z,"CANCELLED,FAILED",01:32:21,63000,0.1,3,1000,0,1,1,0.001,0.1,26036,[1] ‘1.7.1’,200,0.05,simd_omp,  1.89M,14000,43,1155
b31120,15639926,2020-11-25T19:53:08Z,"CANCELLED,FAILED",01:32:22,97000,0.2,3,1000,0,1,1,0.001,0.1,7647,[1] ‘1.7.1’,200,0.05,simd_omp,  2.93M,32800,31,672
b31120,15639927,2020-11-25T19:53:10Z,"CANCELLED,FAILED",01:32:25,148000,0.3,3,1000,0,1,1,0.001,0.1,20054,[1] ‘1.7.1’,200,0.05,simd_omp,  3.83M,57400,23,476
b31120,15639929,2020-11-25T19:53:14Z,"CANCELLED,FAILED",01:32:22,212000,0.5,3,1000,0,1,1,0.001,0.1,47921,[1] ‘1.7.1’,200,0.05,simd_omp,  5.42M,120800,12,278
b31120,15639928,2020-11-25T19:53:17Z,"CANCELLED,FAILED",01:32:28,173000,0.4,3,1000,0,1,1,0.001,0.1,32892,[1] ‘1.7.1’,200,0.05,simd_omp,  4.64M,86600,16,349
b31120,15639937,2020-11-25T20:02:21Z,"CANCELLED,FAILED",01:23:07,97000,0.2,3,1000,0,1,1,0.001,0.1,32592,[1] ‘1.7.1’,200,0.05,simd_omp,  2.68M,31000,34,669
b31120,15639936,2020-11-25T20:02:21Z,"CANCELLED,FAILED",01:23:07,63000,0.1,3,1000,0,1,1,0.001,0.1,18863,[1] ‘1.7.1’,200,0.05,simd_omp,  1.78M,13800,42,1137
b31120,15639938,2020-11-25T20:02:23Z,"CANCELLED,FAILED",01:23:07,148000,0.3,3,1000,0,1,1,0.001,0.1,6895,[1] ‘1.7.1’,200,0.05,simd_omp,  3.46M,52000,23,463
b31120,15639939,2020-11-25T20:02:25Z,"CANCELLED,FAILED",01:23:07,173000,0.4,3,1000,0,1,1,0.001,0.1,38569,[1] ‘1.7.1’,200,0.05,simd_omp,  4.18M,79400,18,360
b31120,15639940,2020-11-25T20:02:28Z,"CANCELLED,FAILED",01:23:07,212000,0.5,3,1000,0,1,1,0.001,0.1,350,[1] ‘1.7.1’,200,0.05,simd_omp,  4.89M,110400,13,278
b31120,15639941,2020-11-25T20:02:30Z,"CANCELLED,FAILED",01:23:07,200000,0.6,3,1000,0,1,1,0.001,0.1,17290,[1] ‘1.7.1’,200,0.05,simd_omp,  5.61M,148800,9,222
b31120,15639942,2020-11-25T20:02:31Z,"CANCELLED,FAILED",01:23:07,208000,0.7,3,1000,0,1,1,0.001,0.1,9996,[1] ‘1.7.1’,200,0.05,simd_omp,  5.97M,178000,8,201
b31120,15639944,2020-11-25T20:03:22Z,"CANCELLED,FAILED",01:22:05,277000,0.9,3,1000,0,1,1,0.001,0.1,29506,[1] ‘1.7.1’,200,0.05,simd_omp,  6.86M,264000,6,149
b31120,15639947,2020-11-25T20:03:24Z,"CANCELLED,FAILED",01:22:05,97000,0.2,3,1000,0,1,1,0.001,0.1,39855,[1] ‘1.7.1’,200,0.05,simd_omp,  2.68M,31000,35,653
b31120,15639946,2020-11-25T20:03:28Z,"CANCELLED,FAILED",01:22:05,63000,0.1,3,1000,0,1,1,0.001,0.1,16190,[1] ‘1.7.1’,200,0.05,simd_omp,  1.61M,12800,38,1110
b31120,15639948,2020-11-25T20:03:29Z,"CANCELLED,FAILED",01:22:05,148000,0.3,3,1000,0,1,1,0.001,0.1,15036,[1] ‘1.7.1’,200,0.05,simd_omp,  3.48M,53400,21,450
b31120,15639949,2020-11-25T20:03:31Z,"CANCELLED,FAILED",01:22:05,173000,0.4,3,1000,0,1,1,0.001,0.1,28168,[1] ‘1.7.1’,200,0.05,simd_omp,  4.21M,79800,15,347
b31120,15639951,2020-11-25T20:03:32Z,"CANCELLED,FAILED",01:22:05,200000,0.6,3,1000,0,1,1,0.001,0.1,19706,[1] ‘1.7.1’,200,0.05,simd_omp,  5.44M,142000,9,231
b31120,15639950,2020-11-25T20:03:34Z,"CANCELLED,FAILED",01:22:05,212000,0.5,3,1000,0,1,1,0.001,0.1,7548,[1] ‘1.7.1’,200,0.05,simd_omp,  4.9M,110200,12,273
