batch_id,job_id,time_subm,status,runtime,competition_sd,carrying_cap_sd,dd_model,tree,comrad_version,DDD_version
b77768,19692360,2021-04-30T16:27:54Z,COMPLETED,00:10:14,0.1,1,ll,25,[1] ‘1.18.0’,[1] ‘4.4.2’
b77768,19692356,2021-04-30T16:27:54Z,COMPLETED,00:11:35,0.1,1,ll,21,[1] ‘1.18.0’,[1] ‘4.4.2’
b77768,19692358,2021-04-30T16:27:54Z,COMPLETED,00:09:25,0.1,1,ll,23,[1] ‘1.18.0’,[1] ‘4.4.2’
b77768,19692355,2021-04-30T16:27:54Z,COMPLETED,00:09:48,0.1,1,ll,20,[1] ‘1.18.0’,[1] ‘4.4.2’
b77768,19692359,2021-04-30T16:27:54Z,COMPLETED,00:10:38,0.1,1,ll,24,[1] ‘1.18.0’,[1] ‘4.4.2’
b77768,19692357,2021-04-30T16:27:54Z,COMPLETED,00:09:30,0.1,1,ll,22,[1] ‘1.18.0’,[1] ‘4.4.2’
b77768,19692349,2021-04-30T16:27:54Z,COMPLETED,00:10:24,0.1,1,ll,14,[1] ‘1.18.0’,[1] ‘4.4.2’
b77768,19692353,2021-04-30T16:27:54Z,COMPLETED,00:10:10,0.1,1,ll,18,[1] ‘1.18.0’,[1] ‘4.4.2’
b77768,19692347,2021-04-30T16:27:54Z,COMPLETED,00:10:10,0.1,1,ll,12,[1] ‘1.18.0’,[1] ‘4.4.2’
b77768,19692350,2021-04-30T16:27:54Z,COMPLETED,00:10:33,0.1,1,ll,15,[1] ‘1.18.0’,[1] ‘4.4.2’
b77768,19692348,2021-04-30T16:27:54Z,COMPLETED,00:10:39,0.1,1,ll,13,[1] ‘1.18.0’,[1] ‘4.4.2’
b77768,19692352,2021-04-30T16:27:54Z,COMPLETED,00:10:18,0.1,1,ll,17,[1] ‘1.18.0’,[1] ‘4.4.2’
b77768,19692351,2021-04-30T16:27:54Z,COMPLETED,00:10:07,0.1,1,ll,16,[1] ‘1.18.0’,[1] ‘4.4.2’
b77768,19692354,2021-04-30T16:27:54Z,COMPLETED,00:11:46,0.1,1,ll,19,[1] ‘1.18.0’,[1] ‘4.4.2’
b77768,19692595,2021-04-30T16:27:56Z,COMPLETED,00:13:56,0.1,1,xc,59,[1] ‘1.18.0’,[1] ‘4.4.2’
b77768,19692593,2021-04-30T16:27:56Z,COMPLETED,00:12:51,0.1,1,xc,57,[1] ‘1.18.0’,[1] ‘4.4.2’
b77768,19692597,2021-04-30T16:27:56Z,COMPLETED,00:13:52,0.1,1,xc,61,[1] ‘1.18.0’,[1] ‘4.4.2’
b77768,19692594,2021-04-30T16:27:56Z,COMPLETED,00:11:51,0.1,1,xc,58,[1] ‘1.18.0’,[1] ‘4.4.2’
b77768,19692596,2021-04-30T16:27:56Z,COMPLETED,00:13:01,0.1,1,xc,60,[1] ‘1.18.0’,[1] ‘4.4.2’
b77768,19692592,2021-04-30T16:27:57Z,COMPLETED,00:11:13,0.1,1,xc,56,[1] ‘1.18.0’,[1] ‘4.4.2’
b77768,19692361,2021-04-30T16:27:57Z,COMPLETED,00:08:56,0.1,1,ll,26,[1] ‘1.18.0’,[1] ‘4.4.2’
b77768,19692362,2021-04-30T16:27:58Z,COMPLETED,00:10:21,0.1,1,ll,27,[1] ‘1.18.0’,[1] ‘4.4.2’
b77768,19692363,2021-04-30T16:27:59Z,COMPLETED,00:09:05,0.1,1,ll,28,[1] ‘1.18.0’,[1] ‘4.4.2’
b77768,19692598,2021-04-30T16:27:59Z,COMPLETED,00:11:55,0.1,1,xc,62,[1] ‘1.18.0’,[1] ‘4.4.2’
b77768,19692364,2021-04-30T16:27:59Z,COMPLETED,00:11:29,0.1,1,ll,29,[1] ‘1.18.0’,[1] ‘4.4.2’
b77768,19692365,2021-04-30T16:28:00Z,COMPLETED,00:10:34,0.1,1,ll,30,[1] ‘1.18.0’,[1] ‘4.4.2’
b77768,19692366,2021-04-30T16:28:00Z,COMPLETED,00:10:13,0.1,1,ll,31,[1] ‘1.18.0’,[1] ‘4.4.2’
b77768,19692367,2021-04-30T16:28:00Z,COMPLETED,00:10:34,0.1,1,ll,32,[1] ‘1.18.0’,[1] ‘4.4.2’
b77768,19692368,2021-04-30T16:28:00Z,COMPLETED,00:09:48,0.1,1,ll,33,[1] ‘1.18.0’,[1] ‘4.4.2’
b77768,19692600,2021-04-30T16:28:00Z,COMPLETED,00:12:36,0.1,1,xc,64,[1] ‘1.18.0’,[1] ‘4.4.2’
b77768,19692369,2021-04-30T16:28:01Z,COMPLETED,00:10:30,0.1,1,ll,34,[1] ‘1.18.0’,[1] ‘4.4.2’
b77768,19692371,2021-04-30T16:28:01Z,COMPLETED,00:10:10,0.1,1,ll,36,[1] ‘1.18.0’,[1] ‘4.4.2’
b77768,19692370,2021-04-30T16:28:01Z,COMPLETED,00:09:57,0.1,1,ll,35,[1] ‘1.18.0’,[1] ‘4.4.2’
b77768,19692372,2021-04-30T16:28:01Z,COMPLETED,00:11:31,0.1,1,ll,37,[1] ‘1.18.0’,[1] ‘4.4.2’
b77768,19692601,2021-04-30T16:28:01Z,COMPLETED,00:12:20,0.1,1,xc,65,[1] ‘1.18.0’,[1] ‘4.4.2’
b77768,19692599,2021-04-30T16:28:01Z,COMPLETED,00:12:17,0.1,1,xc,63,[1] ‘1.18.0’,[1] ‘4.4.2’
b77768,19692373,2021-04-30T16:28:02Z,COMPLETED,00:10:49,0.1,1,ll,38,[1] ‘1.18.0’,[1] ‘4.4.2’
b77768,19692374,2021-04-30T16:28:02Z,COMPLETED,00:10:55,0.1,1,ll,39,[1] ‘1.18.0’,[1] ‘4.4.2’
b77768,19692602,2021-04-30T16:28:02Z,COMPLETED,00:11:13,0.1,1,xc,66,[1] ‘1.18.0’,[1] ‘4.4.2’
b77768,19692376,2021-04-30T16:28:02Z,COMPLETED,00:10:39,0.1,1,ll,41,[1] ‘1.18.0’,[1] ‘4.4.2’
b77768,19692375,2021-04-30T16:28:02Z,COMPLETED,00:10:05,0.1,1,ll,40,[1] ‘1.18.0’,[1] ‘4.4.2’
b77768,19692378,2021-04-30T16:28:02Z,COMPLETED,00:10:26,0.1,1,ll,43,[1] ‘1.18.0’,[1] ‘4.4.2’
b77768,19692377,2021-04-30T16:28:02Z,COMPLETED,00:10:28,0.1,1,ll,42,[1] ‘1.18.0’,[1] ‘4.4.2’
b77768,19692603,2021-04-30T16:28:03Z,COMPLETED,00:10:14,0.1,1,xc,67,[1] ‘1.18.0’,[1] ‘4.4.2’
b77768,19692379,2021-04-30T16:28:03Z,COMPLETED,00:10:49,0.1,1,ll,44,[1] ‘1.18.0’,[1] ‘4.4.2’
b77768,19692380,2021-04-30T16:28:03Z,COMPLETED,00:11:17,0.1,1,ll,45,[1] ‘1.18.0’,[1] ‘4.4.2’
b77768,19692381,2021-04-30T16:28:03Z,COMPLETED,00:11:33,0.1,1,ll,46,[1] ‘1.18.0’,[1] ‘4.4.2’
b77768,19692604,2021-04-30T16:28:04Z,COMPLETED,00:11:41,0.1,1,xc,68,[1] ‘1.18.0’,[1] ‘4.4.2’
b77768,19692382,2021-04-30T16:28:04Z,COMPLETED,00:11:21,0.1,1,ll,47,[1] ‘1.18.0’,[1] ‘4.4.2’
b77768,19692605,2021-04-30T16:28:04Z,COMPLETED,00:11:25,0.1,1,xc,69,[1] ‘1.18.0’,[1] ‘4.4.2’
b77768,19692383,2021-04-30T16:28:04Z,COMPLETED,00:11:01,0.1,1,ll,48,[1] ‘1.18.0’,[1] ‘4.4.2’
b77768,19692384,2021-04-30T16:28:04Z,COMPLETED,00:10:01,0.1,1,ll,49,[1] ‘1.18.0’,[1] ‘4.4.2’
b77768,19692386,2021-04-30T16:28:05Z,COMPLETED,00:09:49,0.1,1,ll,51,[1] ‘1.18.0’,[1] ‘4.4.2’
b77768,19692606,2021-04-30T16:28:05Z,COMPLETED,00:11:40,0.1,1,xc,70,[1] ‘1.18.0’,[1] ‘4.4.2’
b77768,19692385,2021-04-30T16:28:05Z,COMPLETED,00:10:45,0.1,1,ll,50,[1] ‘1.18.0’,[1] ‘4.4.2’
b77768,19692607,2021-04-30T16:28:05Z,COMPLETED,00:10:33,0.1,1,xc,71,[1] ‘1.18.0’,[1] ‘4.4.2’
b77768,19692387,2021-04-30T16:28:05Z,COMPLETED,00:10:42,0.1,1,ll,52,[1] ‘1.18.0’,[1] ‘4.4.2’
b77768,19692388,2021-04-30T16:28:06Z,COMPLETED,00:10:09,0.1,1,ll,53,[1] ‘1.18.0’,[1] ‘4.4.2’
b77768,19692609,2021-04-30T16:28:06Z,COMPLETED,00:15:00,0.1,1,xc,73,[1] ‘1.18.0’,[1] ‘4.4.2’
b77768,19692608,2021-04-30T16:28:06Z,COMPLETED,00:12:12,0.1,1,xc,72,[1] ‘1.18.0’,[1] ‘4.4.2’
b77768,19692390,2021-04-30T16:28:06Z,COMPLETED,00:09:51,0.1,1,ll,55,[1] ‘1.18.0’,[1] ‘4.4.2’
b77768,19692389,2021-04-30T16:28:06Z,COMPLETED,00:09:35,0.1,1,ll,54,[1] ‘1.18.0’,[1] ‘4.4.2’
b77768,19692391,2021-04-30T16:28:06Z,COMPLETED,00:09:58,0.1,1,ll,56,[1] ‘1.18.0’,[1] ‘4.4.2’
b77768,19692393,2021-04-30T16:28:06Z,COMPLETED,00:11:40,0.1,1,ll,58,[1] ‘1.18.0’,[1] ‘4.4.2’
b77768,19692611,2021-04-30T16:28:06Z,COMPLETED,00:12:21,0.1,1,xc,75,[1] ‘1.18.0’,[1] ‘4.4.2’
b77768,19692400,2021-04-30T16:28:07Z,COMPLETED,00:10:18,0.1,1,ll,65,[1] ‘1.18.0’,[1] ‘4.4.2’
b77768,19692395,2021-04-30T16:28:07Z,COMPLETED,00:10:01,0.1,1,ll,60,[1] ‘1.18.0’,[1] ‘4.4.2’
b77768,19692394,2021-04-30T16:28:07Z,COMPLETED,00:10:29,0.1,1,ll,59,[1] ‘1.18.0’,[1] ‘4.4.2’
b77768,19692610,2021-04-30T16:28:07Z,COMPLETED,00:13:11,0.1,1,xc,74,[1] ‘1.18.0’,[1] ‘4.4.2’
b77768,19692403,2021-04-30T16:28:07Z,COMPLETED,00:09:35,0.1,1,ll,68,[1] ‘1.18.0’,[1] ‘4.4.2’
b77768,19692404,2021-04-30T16:28:07Z,COMPLETED,00:10:31,0.1,1,ll,69,[1] ‘1.18.0’,[1] ‘4.4.2’
b77768,19692399,2021-04-30T16:28:07Z,COMPLETED,00:10:10,0.1,1,ll,64,[1] ‘1.18.0’,[1] ‘4.4.2’
b77768,19692612,2021-04-30T16:28:07Z,COMPLETED,00:10:36,0.1,1,xc,76,[1] ‘1.18.0’,[1] ‘4.4.2’
b77768,19692398,2021-04-30T16:28:07Z,COMPLETED,00:09:31,0.1,1,ll,63,[1] ‘1.18.0’,[1] ‘4.4.2’
b77768,19692300,2021-04-30T16:28:07Z,COMPLETED,00:08:19,0.1,1,lc,65,[1] ‘1.18.0’,[1] ‘4.4.2’
b77768,19692302,2021-04-30T16:28:07Z,COMPLETED,00:08:24,0.1,1,lc,67,[1] ‘1.18.0’,[1] ‘4.4.2’
b77768,19692311,2021-04-30T16:28:07Z,COMPLETED,00:08:34,0.1,1,lc,76,[1] ‘1.18.0’,[1] ‘4.4.2’
b77768,19692613,2021-04-30T16:28:07Z,COMPLETED,00:14:30,0.1,1,xc,77,[1] ‘1.18.0’,[1] ‘4.4.2’
b77768,19692313,2021-04-30T16:28:07Z,COMPLETED,00:09:46,0.1,1,lc,78,[1] ‘1.18.0’,[1] ‘4.4.2’
b77768,19692317,2021-04-30T16:28:07Z,COMPLETED,00:08:04,0.1,1,lc,82,[1] ‘1.18.0’,[1] ‘4.4.2’
b77768,19692345,2021-04-30T16:28:07Z,COMPLETED,00:10:14,0.1,1,ll,10,[1] ‘1.18.0’,[1] ‘4.4.2’
b77768,19692337,2021-04-30T16:28:07Z,COMPLETED,00:10:57,0.1,1,ll,2,[1] ‘1.18.0’,[1] ‘4.4.2’
b77768,19692339,2021-04-30T16:28:07Z,COMPLETED,00:10:39,0.1,1,ll,4,[1] ‘1.18.0’,[1] ‘4.4.2’
b77768,19692305,2021-04-30T16:28:07Z,COMPLETED,00:07:36,0.1,1,lc,70,[1] ‘1.18.0’,[1] ‘4.4.2’
b77768,19692409,2021-04-30T16:28:07Z,COMPLETED,00:10:41,0.1,1,ll,74,[1] ‘1.18.0’,[1] ‘4.4.2’
b77768,19692405,2021-04-30T16:28:07Z,COMPLETED,00:09:51,0.1,1,ll,70,[1] ‘1.18.0’,[1] ‘4.4.2’
b77768,19692408,2021-04-30T16:28:07Z,COMPLETED,00:09:59,0.1,1,ll,73,[1] ‘1.18.0’,[1] ‘4.4.2’
b77768,19692401,2021-04-30T16:28:08Z,COMPLETED,00:10:47,0.1,1,ll,66,[1] ‘1.18.0’,[1] ‘4.4.2’
b77768,19692307,2021-04-30T16:28:08Z,COMPLETED,00:10:00,0.1,1,lc,72,[1] ‘1.18.0’,[1] ‘4.4.2’
b77768,19692407,2021-04-30T16:28:08Z,COMPLETED,00:10:39,0.1,1,ll,72,[1] ‘1.18.0’,[1] ‘4.4.2’
b77768,19692615,2021-04-30T16:28:08Z,COMPLETED,00:13:09,0.1,1,xc,79,[1] ‘1.18.0’,[1] ‘4.4.2’
b77768,19692289,2021-04-30T16:28:08Z,COMPLETED,00:07:36,0.1,1,lc,54,[1] ‘1.18.0’,[1] ‘4.4.2’
b77768,19692435,2021-04-30T16:28:10Z,COMPLETED,00:11:11,0.1,1,ll,100,[1] ‘1.18.0’,[1] ‘4.4.2’
b77768,19692310,2021-04-30T16:28:08Z,COMPLETED,00:09:09,0.1,1,lc,75,[1] ‘1.18.0’,[1] ‘4.4.2’
b77768,19692396,2021-04-30T16:28:08Z,COMPLETED,00:10:25,0.1,1,ll,61,[1] ‘1.18.0’,[1] ‘4.4.2’
b77768,19692614,2021-04-30T16:28:08Z,COMPLETED,00:13:29,0.1,1,xc,78,[1] ‘1.18.0’,[1] ‘4.4.2’
b77768,19692287,2021-04-30T16:28:08Z,COMPLETED,00:09:12,0.1,1,lc,52,[1] ‘1.18.0’,[1] ‘4.4.2’
b77768,19692439,2021-04-30T16:28:10Z,COMPLETED,00:10:09,0.1,1,lx,4,[1] ‘1.18.0’,[1] ‘4.4.2’
b77768,19692344,2021-04-30T16:28:08Z,COMPLETED,00:11:30,0.1,1,ll,9,[1] ‘1.18.0’,[1] ‘4.4.2’
b77768,19692402,2021-04-30T16:28:08Z,COMPLETED,00:11:22,0.1,1,ll,67,[1] ‘1.18.0’,[1] ‘4.4.2’
b77768,19692617,2021-04-30T16:28:08Z,COMPLETED,00:12:25,0.1,1,xc,81,[1] ‘1.18.0’,[1] ‘4.4.2’
b77768,19692263,2021-04-30T16:28:08Z,COMPLETED,00:08:18,0.1,1,lc,28,[1] ‘1.18.0’,[1] ‘4.4.2’
b77768,19692441,2021-04-30T16:28:10Z,COMPLETED,00:10:39,0.1,1,lx,6,[1] ‘1.18.0’,[1] ‘4.4.2’
b77768,19692318,2021-04-30T16:28:08Z,COMPLETED,00:08:32,0.1,1,lc,83,[1] ‘1.18.0’,[1] ‘4.4.2’
b77768,19692392,2021-04-30T16:28:08Z,COMPLETED,00:12:40,0.1,1,ll,57,[1] ‘1.18.0’,[1] ‘4.4.2’
b77768,19692616,2021-04-30T16:28:08Z,COMPLETED,00:12:34,0.1,1,xc,80,[1] ‘1.18.0’,[1] ‘4.4.2’
b77768,19692249,2021-04-30T16:28:08Z,COMPLETED,00:09:49,0.1,1,lc,14,[1] ‘1.18.0’,[1] ‘4.4.2’
b77768,19692432,2021-04-30T16:28:11Z,COMPLETED,00:10:48,0.1,1,ll,97,[1] ‘1.18.0’,[1] ‘4.4.2’
b77768,19692316,2021-04-30T16:28:08Z,COMPLETED,00:08:23,0.1,1,lc,81,[1] ‘1.18.0’,[1] ‘4.4.2’
b77768,19692410,2021-04-30T16:28:08Z,COMPLETED,00:10:19,0.1,1,ll,75,[1] ‘1.18.0’,[1] ‘4.4.2’
b77768,19692618,2021-04-30T16:28:09Z,COMPLETED,00:12:09,0.1,1,xc,82,[1] ‘1.18.0’,[1] ‘4.4.2’
b77768,19692247,2021-04-30T16:28:08Z,COMPLETED,00:08:25,0.1,1,lc,12,[1] ‘1.18.0’,[1] ‘4.4.2’
b77768,19692429,2021-04-30T16:28:11Z,COMPLETED,00:10:31,0.1,1,ll,94,[1] ‘1.18.0’,[1] ‘4.4.2’
b77768,19692304,2021-04-30T16:28:08Z,COMPLETED,00:07:22,0.1,1,lc,69,[1] ‘1.18.0’,[1] ‘4.4.2’
b77768,19692397,2021-04-30T16:28:08Z,COMPLETED,00:10:09,0.1,1,ll,62,[1] ‘1.18.0’,[1] ‘4.4.2’
b77768,19692619,2021-04-30T16:28:09Z,COMPLETED,00:11:13,0.1,1,xc,83,[1] ‘1.18.0’,[1] ‘4.4.2’
b77768,19692245,2021-04-30T16:28:08Z,COMPLETED,00:08:47,0.1,1,lc,10,[1] ‘1.18.0’,[1] ‘4.4.2’
b77768,19692428,2021-04-30T16:28:11Z,COMPLETED,00:11:04,0.1,1,ll,93,[1] ‘1.18.0’,[1] ‘4.4.2’
b77768,19692346,2021-04-30T16:28:08Z,COMPLETED,00:10:48,0.1,1,ll,11,[1] ‘1.18.0’,[1] ‘4.4.2’
b77768,19692406,2021-04-30T16:28:08Z,COMPLETED,00:09:11,0.1,1,ll,71,[1] ‘1.18.0’,[1] ‘4.4.2’
b77768,19692620,2021-04-30T16:28:09Z,COMPLETED,00:12:46,0.1,1,xc,84,[1] ‘1.18.0’,[1] ‘4.4.2’
b77768,19692256,2021-04-30T16:28:08Z,COMPLETED,00:09:19,0.1,1,lc,21,[1] ‘1.18.0’,[1] ‘4.4.2’
b77768,19692431,2021-04-30T16:28:11Z,COMPLETED,00:09:38,0.1,1,ll,96,[1] ‘1.18.0’,[1] ‘4.4.2’
b77768,19692312,2021-04-30T16:28:08Z,COMPLETED,00:09:47,0.1,1,lc,77,[1] ‘1.18.0’,[1] ‘4.4.2’
b77768,19692621,2021-04-30T16:28:09Z,COMPLETED,00:12:58,0.1,1,xc,85,[1] ‘1.18.0’,[1] ‘4.4.2’
b77768,19692258,2021-04-30T16:28:08Z,COMPLETED,00:07:57,0.1,1,lc,23,[1] ‘1.18.0’,[1] ‘4.4.2’
b77768,19692437,2021-04-30T16:28:11Z,COMPLETED,00:10:58,0.1,1,lx,2,[1] ‘1.18.0’,[1] ‘4.4.2’
b77768,19692314,2021-04-30T16:28:08Z,COMPLETED,00:08:50,0.1,1,lc,79,[1] ‘1.18.0’,[1] ‘4.4.2’
b77768,19692622,2021-04-30T16:28:09Z,COMPLETED,00:10:47,0.1,1,xc,86,[1] ‘1.18.0’,[1] ‘4.4.2’
b77768,19692264,2021-04-30T16:28:08Z,COMPLETED,00:09:01,0.1,1,lc,29,[1] ‘1.18.0’,[1] ‘4.4.2’
b77768,19692436,2021-04-30T16:28:11Z,COMPLETED,00:11:38,0.1,1,lx,1,[1] ‘1.18.0’,[1] ‘4.4.2’
b77768,19692320,2021-04-30T16:28:08Z,COMPLETED,00:09:18,0.1,1,lc,85,[1] ‘1.18.0’,[1] ‘4.4.2’
b77768,19692624,2021-04-30T16:28:10Z,COMPLETED,00:13:32,0.1,1,xc,88,[1] ‘1.18.0’,[1] ‘4.4.2’
b77768,19692267,2021-04-30T16:28:08Z,COMPLETED,00:09:00,0.1,1,lc,32,[1] ‘1.18.0’,[1] ‘4.4.2’
b77768,19692434,2021-04-30T16:28:11Z,COMPLETED,00:10:53,0.1,1,ll,99,[1] ‘1.18.0’,[1] ‘4.4.2’
b77768,19692324,2021-04-30T16:28:08Z,COMPLETED,00:08:49,0.1,1,lc,89,[1] ‘1.18.0’,[1] ‘4.4.2’
b77768,19692623,2021-04-30T16:28:10Z,COMPLETED,00:15:20,0.1,1,xc,87,[1] ‘1.18.0’,[1] ‘4.4.2’
b77768,19692262,2021-04-30T16:28:08Z,COMPLETED,00:08:30,0.1,1,lc,27,[1] ‘1.18.0’,[1] ‘4.4.2’
b77768,19692440,2021-04-30T16:28:11Z,COMPLETED,00:11:54,0.1,1,lx,5,[1] ‘1.18.0’,[1] ‘4.4.2’
b77768,19692326,2021-04-30T16:28:08Z,COMPLETED,00:08:33,0.1,1,lc,91,[1] ‘1.18.0’,[1] ‘4.4.2’
b77768,19692625,2021-04-30T16:28:10Z,COMPLETED,00:14:27,0.1,1,xc,89,[1] ‘1.18.0’,[1] ‘4.4.2’
b77768,19692286,2021-04-30T16:28:08Z,COMPLETED,00:06:58,0.1,1,lc,51,[1] ‘1.18.0’,[1] ‘4.4.2’
b77768,19692438,2021-04-30T16:28:11Z,COMPLETED,00:10:06,0.1,1,lx,3,[1] ‘1.18.0’,[1] ‘4.4.2’
b77768,19692309,2021-04-30T16:28:08Z,COMPLETED,00:10:03,0.1,1,lc,74,[1] ‘1.18.0’,[1] ‘4.4.2’
b77768,19692626,2021-04-30T16:28:10Z,COMPLETED,00:14:46,0.1,1,xc,90,[1] ‘1.18.0’,[1] ‘4.4.2’
b77768,19692284,2021-04-30T16:28:08Z,COMPLETED,00:08:27,0.1,1,lc,49,[1] ‘1.18.0’,[1] ‘4.4.2’
b77768,19692426,2021-04-30T16:28:11Z,COMPLETED,00:12:02,0.1,1,ll,91,[1] ‘1.18.0’,[1] ‘4.4.2’
b77768,19692315,2021-04-30T16:28:08Z,COMPLETED,00:09:20,0.1,1,lc,80,[1] ‘1.18.0’,[1] ‘4.4.2’
b77768,19692627,2021-04-30T16:28:10Z,COMPLETED,00:13:25,0.1,1,xc,91,[1] ‘1.18.0’,[1] ‘4.4.2’
b77768,19692240,2021-04-30T16:28:08Z,COMPLETED,00:08:44,0.1,1,lc,5,[1] ‘1.18.0’,[1] ‘4.4.2’
b77768,19692420,2021-04-30T16:28:11Z,COMPLETED,00:10:19,0.1,1,ll,85,[1] ‘1.18.0’,[1] ‘4.4.2’
b77768,19692343,2021-04-30T16:28:08Z,COMPLETED,00:10:27,0.1,1,ll,8,[1] ‘1.18.0’,[1] ‘4.4.2’
b77768,19692628,2021-04-30T16:28:11Z,COMPLETED,00:12:00,0.1,1,xc,92,[1] ‘1.18.0’,[1] ‘4.4.2’
b77768,19692269,2021-04-30T16:28:08Z,COMPLETED,00:09:16,0.1,1,lc,34,[1] ‘1.18.0’,[1] ‘4.4.2’
b77768,19692433,2021-04-30T16:28:11Z,COMPLETED,00:09:50,0.1,1,ll,98,[1] ‘1.18.0’,[1] ‘4.4.2’
b77768,19692306,2021-04-30T16:28:08Z,COMPLETED,00:07:15,0.1,1,lc,71,[1] ‘1.18.0’,[1] ‘4.4.2’
b77768,19692629,2021-04-30T16:28:11Z,COMPLETED,00:15:24,0.1,1,xc,93,[1] ‘1.18.0’,[1] ‘4.4.2’
b77768,19692242,2021-04-30T16:28:08Z,COMPLETED,00:09:48,0.1,1,lc,7,[1] ‘1.18.0’,[1] ‘4.4.2’
b77768,19692424,2021-04-30T16:28:11Z,COMPLETED,00:09:56,0.1,1,ll,89,[1] ‘1.18.0’,[1] ‘4.4.2’
b77768,19692308,2021-04-30T16:28:08Z,COMPLETED,00:10:15,0.1,1,lc,73,[1] ‘1.18.0’,[1] ‘4.4.2’
b77768,19692630,2021-04-30T16:28:11Z,COMPLETED,00:13:19,0.1,1,xc,94,[1] ‘1.18.0’,[1] ‘4.4.2’
b77768,19692291,2021-04-30T16:28:08Z,COMPLETED,00:08:29,0.1,1,lc,56,[1] ‘1.18.0’,[1] ‘4.4.2’
b77768,19692422,2021-04-30T16:28:11Z,COMPLETED,00:11:43,0.1,1,ll,87,[1] ‘1.18.0’,[1] ‘4.4.2’
b77768,19692319,2021-04-30T16:28:08Z,COMPLETED,00:08:34,0.1,1,lc,84,[1] ‘1.18.0’,[1] ‘4.4.2’
b77768,19692631,2021-04-30T16:28:11Z,COMPLETED,00:12:31,0.1,1,xc,95,[1] ‘1.18.0’,[1] ‘4.4.2’
b77768,19692293,2021-04-30T16:28:08Z,COMPLETED,00:09:06,0.1,1,lc,58,[1] ‘1.18.0’,[1] ‘4.4.2’
b77768,19692430,2021-04-30T16:28:11Z,COMPLETED,00:09:24,0.1,1,ll,95,[1] ‘1.18.0’,[1] ‘4.4.2’
b77768,19692301,2021-04-30T16:28:08Z,COMPLETED,00:09:53,0.1,1,lc,66,[1] ‘1.18.0’,[1] ‘4.4.2’
b77768,19692632,2021-04-30T16:28:11Z,COMPLETED,00:09:54,0.1,1,xc,96,[1] ‘1.18.0’,[1] ‘4.4.2’
b77768,19692271,2021-04-30T16:28:08Z,COMPLETED,00:08:23,0.1,1,lc,36,[1] ‘1.18.0’,[1] ‘4.4.2’
b77768,19692427,2021-04-30T16:28:11Z,COMPLETED,00:10:10,0.1,1,ll,92,[1] ‘1.18.0’,[1] ‘4.4.2’
b77768,19692303,2021-04-30T16:28:08Z,COMPLETED,00:08:17,0.1,1,lc,68,[1] ‘1.18.0’,[1] ‘4.4.2’
b77768,19692633,2021-04-30T16:28:11Z,COMPLETED,00:14:01,0.1,1,xc,97,[1] ‘1.18.0’,[1] ‘4.4.2’
b77768,19692275,2021-04-30T16:28:08Z,COMPLETED,00:09:05,0.1,1,lc,40,[1] ‘1.18.0’,[1] ‘4.4.2’
b77768,19692425,2021-04-30T16:28:11Z,COMPLETED,00:11:48,0.1,1,ll,90,[1] ‘1.18.0’,[1] ‘4.4.2’
b77768,19692330,2021-04-30T16:28:08Z,COMPLETED,00:07:45,0.1,1,lc,95,[1] ‘1.18.0’,[1] ‘4.4.2’
b77768,19692634,2021-04-30T16:28:11Z,COMPLETED,00:10:38,0.1,1,xc,98,[1] ‘1.18.0’,[1] ‘4.4.2’
b77768,19692266,2021-04-30T16:28:08Z,COMPLETED,00:09:02,0.1,1,lc,31,[1] ‘1.18.0’,[1] ‘4.4.2’
b77768,19692423,2021-04-30T16:28:11Z,COMPLETED,00:10:29,0.1,1,ll,88,[1] ‘1.18.0’,[1] ‘4.4.2’
b77768,19692342,2021-04-30T16:28:08Z,COMPLETED,00:11:02,0.1,1,ll,7,[1] ‘1.18.0’,[1] ‘4.4.2’
b77768,19692635,2021-04-30T16:28:11Z,COMPLETED,00:15:40,0.1,1,xc,99,[1] ‘1.18.0’,[1] ‘4.4.2’
b77768,19692260,2021-04-30T16:28:08Z,COMPLETED,00:08:36,0.1,1,lc,25,[1] ‘1.18.0’,[1] ‘4.4.2’
b77768,19692421,2021-04-30T16:28:11Z,COMPLETED,00:09:28,0.1,1,ll,86,[1] ‘1.18.0’,[1] ‘4.4.2’
b77768,19692336,2021-04-30T16:28:08Z,COMPLETED,00:12:01,0.1,1,ll,1,[1] ‘1.18.0’,[1] ‘4.4.2’
b77768,19692636,2021-04-30T16:28:12Z,COMPLETED,00:11:53,0.1,1,xc,100,[1] ‘1.18.0’,[1] ‘4.4.2’
b77768,19692265,2021-04-30T16:28:08Z,COMPLETED,00:10:17,0.1,1,lc,30,[1] ‘1.18.0’,[1] ‘4.4.2’
b77768,19692419,2021-04-30T16:28:11Z,COMPLETED,00:10:38,0.1,1,ll,84,[1] ‘1.18.0’,[1] ‘4.4.2’
b77768,19692340,2021-04-30T16:28:08Z,COMPLETED,00:11:32,0.1,1,ll,5,[1] ‘1.18.0’,[1] ‘4.4.2’
b77768,19692261,2021-04-30T16:28:08Z,COMPLETED,00:07:56,0.1,1,lc,26,[1] ‘1.18.0’,[1] ‘4.4.2’
b77768,19692415,2021-04-30T16:28:11Z,COMPLETED,00:10:06,0.1,1,ll,80,[1] ‘1.18.0’,[1] ‘4.4.2’
b77768,19692338,2021-04-30T16:28:08Z,COMPLETED,00:09:44,0.1,1,ll,3,[1] ‘1.18.0’,[1] ‘4.4.2’
b77768,19692285,2021-04-30T16:28:08Z,COMPLETED,00:09:29,0.1,1,lc,50,[1] ‘1.18.0’,[1] ‘4.4.2’
b77768,19692638,2021-04-30T16:28:12Z,COMPLETED,00:13:10,0.1,1,xl,2,[1] ‘1.18.0’,[1] ‘4.4.2’
b77768,19692679,2021-04-30T16:28:12Z,COMPLETED,00:14:27,0.1,1,xl,43,[1] ‘1.18.0’,[1] ‘4.4.2’
b77768,19692413,2021-04-30T16:28:11Z,COMPLETED,00:12:12,0.1,1,ll,78,[1] ‘1.18.0’,[1] ‘4.4.2’
b77768,19692341,2021-04-30T16:28:08Z,COMPLETED,00:11:17,0.1,1,ll,6,[1] ‘1.18.0’,[1] ‘4.4.2’
b77768,19692248,2021-04-30T16:28:08Z,COMPLETED,00:08:07,0.1,1,lc,13,[1] ‘1.18.0’,[1] ‘4.4.2’
b77768,19692639,2021-04-30T16:28:12Z,COMPLETED,00:14:30,0.1,1,xl,3,[1] ‘1.18.0’,[1] ‘4.4.2’
b77768,19692657,2021-04-30T16:28:12Z,COMPLETED,00:16:34,0.1,1,xl,21,[1] ‘1.18.0’,[1] ‘4.4.2’
b77768,19692411,2021-04-30T16:28:11Z,COMPLETED,00:10:25,0.1,1,ll,76,[1] ‘1.18.0’,[1] ‘4.4.2’
b77768,19692334,2021-04-30T16:28:08Z,COMPLETED,00:08:51,0.1,1,lc,99,[1] ‘1.18.0’,[1] ‘4.4.2’
b77768,19692250,2021-04-30T16:28:08Z,COMPLETED,00:10:09,0.1,1,lc,15,[1] ‘1.18.0’,[1] ‘4.4.2’
b77768,19692643,2021-04-30T16:28:12Z,COMPLETED,00:14:09,0.1,1,xl,7,[1] ‘1.18.0’,[1] ‘4.4.2’
b77768,19692661,2021-04-30T16:28:12Z,COMPLETED,00:13:08,0.1,1,xl,25,[1] ‘1.18.0’,[1] ‘4.4.2’
b77768,19692417,2021-04-30T16:28:11Z,COMPLETED,00:09:38,0.1,1,ll,82,[1] ‘1.18.0’,[1] ‘4.4.2’
b77768,19692332,2021-04-30T16:28:08Z,COMPLETED,00:07:56,0.1,1,lc,97,[1] ‘1.18.0’,[1] ‘4.4.2’
b77768,19692246,2021-04-30T16:28:08Z,COMPLETED,00:08:04,0.1,1,lc,11,[1] ‘1.18.0’,[1] ‘4.4.2’
b77768,19692640,2021-04-30T16:28:12Z,COMPLETED,00:14:57,0.1,1,xl,4,[1] ‘1.18.0’,[1] ‘4.4.2’
b77768,19692659,2021-04-30T16:28:12Z,COMPLETED,00:13:28,0.1,1,xl,23,[1] ‘1.18.0’,[1] ‘4.4.2’
b77768,19692442,2021-04-30T16:28:11Z,COMPLETED,00:11:01,0.1,1,lx,7,[1] ‘1.18.0’,[1] ‘4.4.2’
b77768,19692322,2021-04-30T16:28:08Z,COMPLETED,00:11:02,0.1,1,lc,87,[1] ‘1.18.0’,[1] ‘4.4.2’
b77768,19692244,2021-04-30T16:28:08Z,COMPLETED,00:08:32,0.1,1,lc,9,[1] ‘1.18.0’,[1] ‘4.4.2’
b77768,19692641,2021-04-30T16:28:12Z,COMPLETED,00:15:01,0.1,1,xl,5,[1] ‘1.18.0’,[1] ‘4.4.2’
b77768,19692654,2021-04-30T16:28:12Z,COMPLETED,00:14:56,0.1,1,xl,18,[1] ‘1.18.0’,[1] ‘4.4.2’
b77768,19692412,2021-04-30T16:28:11Z,COMPLETED,00:10:10,0.1,1,ll,77,[1] ‘1.18.0’,[1] ‘4.4.2’
b77768,19692325,2021-04-30T16:28:08Z,COMPLETED,00:09:47,0.1,1,lc,90,[1] ‘1.18.0’,[1] ‘4.4.2’
b77768,19692257,2021-04-30T16:28:08Z,COMPLETED,00:08:27,0.1,1,lc,22,[1] ‘1.18.0’,[1] ‘4.4.2’
b77768,19692680,2021-04-30T16:28:12Z,COMPLETED,00:14:50,0.1,1,xl,44,[1] ‘1.18.0’,[1] ‘4.4.2’
b77768,19692418,2021-04-30T16:28:11Z,COMPLETED,00:10:32,0.1,1,ll,83,[1] ‘1.18.0’,[1] ‘4.4.2’
b77768,19692323,2021-04-30T16:28:08Z,COMPLETED,00:08:54,0.1,1,lc,88,[1] ‘1.18.0’,[1] ‘4.4.2’
b77768,19692255,2021-04-30T16:28:08Z,COMPLETED,00:08:24,0.1,1,lc,20,[1] ‘1.18.0’,[1] ‘4.4.2’
b77768,19692655,2021-04-30T16:28:12Z,COMPLETED,00:14:22,0.1,1,xl,19,[1] ‘1.18.0’,[1] ‘4.4.2’
b77768,19692416,2021-04-30T16:28:11Z,COMPLETED,00:10:44,0.1,1,ll,81,[1] ‘1.18.0’,[1] ‘4.4.2’
b77768,19692327,2021-04-30T16:28:08Z,COMPLETED,00:08:51,0.1,1,lc,92,[1] ‘1.18.0’,[1] ‘4.4.2’
b77768,19692259,2021-04-30T16:28:08Z,COMPLETED,00:07:47,0.1,1,lc,24,[1] ‘1.18.0’,[1] ‘4.4.2’
b77768,19692672,2021-04-30T16:28:12Z,COMPLETED,00:12:52,0.1,1,xl,36,[1] ‘1.18.0’,[1] ‘4.4.2’
b77768,19692414,2021-04-30T16:28:11Z,COMPLETED,00:10:30,0.1,1,ll,79,[1] ‘1.18.0’,[1] ‘4.4.2’
b77768,19692321,2021-04-30T16:28:08Z,COMPLETED,00:07:22,0.1,1,lc,86,[1] ‘1.18.0’,[1] ‘4.4.2’
b77768,19692252,2021-04-30T16:28:08Z,COMPLETED,00:07:56,0.1,1,lc,17,[1] ‘1.18.0’,[1] ‘4.4.2’
b77768,19692676,2021-04-30T16:28:12Z,COMPLETED,00:12:54,0.1,1,xl,40,[1] ‘1.18.0’,[1] ‘4.4.2’
b77768,19692447,2021-04-30T16:28:11Z,COMPLETED,00:11:32,0.1,1,lx,12,[1] ‘1.18.0’,[1] ‘4.4.2’
b77768,19692328,2021-04-30T16:28:08Z,COMPLETED,00:09:43,0.1,1,lc,93,[1] ‘1.18.0’,[1] ‘4.4.2’
b77768,19692254,2021-04-30T16:28:08Z,COMPLETED,00:10:32,0.1,1,lc,19,[1] ‘1.18.0’,[1] ‘4.4.2’
b77768,19692674,2021-04-30T16:28:12Z,COMPLETED,00:14:25,0.1,1,xl,38,[1] ‘1.18.0’,[1] ‘4.4.2’
b77768,19692444,2021-04-30T16:28:11Z,COMPLETED,00:11:49,0.1,1,lx,9,[1] ‘1.18.0’,[1] ‘4.4.2’
b77768,19692329,2021-04-30T16:28:08Z,COMPLETED,00:08:14,0.1,1,lc,94,[1] ‘1.18.0’,[1] ‘4.4.2’
b77768,19692251,2021-04-30T16:28:08Z,COMPLETED,00:09:26,0.1,1,lc,16,[1] ‘1.18.0’,[1] ‘4.4.2’
b77768,19693058,2021-04-30T16:28:12Z,COMPLETED,00:21:03,0.1,1,xl2,21,[1] ‘1.18.0’,[1] ‘4.4.2’
b77768,19692678,2021-04-30T16:28:12Z,COMPLETED,00:13:57,0.1,1,xl,42,[1] ‘1.18.0’,[1] ‘4.4.2’
b77768,19692445,2021-04-30T16:28:11Z,COMPLETED,00:09:32,0.1,1,lx,10,[1] ‘1.18.0’,[1] ‘4.4.2’
b77768,19692335,2021-04-30T16:28:08Z,COMPLETED,00:12:59,0.1,1,lc,100,[1] ‘1.18.0’,[1] ‘4.4.2’
b77768,19692645,2021-04-30T16:28:13Z,COMPLETED,00:15:01,0.1,1,xl,9,[1] ‘1.18.0’,[1] ‘4.4.2’
b77768,19692253,2021-04-30T16:28:08Z,COMPLETED,00:08:21,0.1,1,lc,18,[1] ‘1.18.0’,[1] ‘4.4.2’
b77768,19693062,2021-04-30T16:28:12Z,COMPLETED,00:19:55,0.1,1,xl2,25,[1] ‘1.18.0’,[1] ‘4.4.2’
b77768,19692673,2021-04-30T16:28:12Z,COMPLETED,00:15:51,0.1,1,xl,37,[1] ‘1.18.0’,[1] ‘4.4.2’
b77768,19692450,2021-04-30T16:28:11Z,COMPLETED,00:11:07,0.1,1,lx,15,[1] ‘1.18.0’,[1] ‘4.4.2’
b77768,19692333,2021-04-30T16:28:08Z,COMPLETED,00:09:20,0.1,1,lc,98,[1] ‘1.18.0’,[1] ‘4.4.2’
b77768,19692295,2021-04-30T16:28:08Z,COMPLETED,00:09:41,0.1,1,lc,60,[1] ‘1.18.0’,[1] ‘4.4.2’
b77768,19692675,2021-04-30T16:28:12Z,COMPLETED,00:14:49,0.1,1,xl,39,[1] ‘1.18.0’,[1] ‘4.4.2’
b77768,19692448,2021-04-30T16:28:11Z,COMPLETED,00:10:29,0.1,1,lx,13,[1] ‘1.18.0’,[1] ‘4.4.2’
b77768,19692331,2021-04-30T16:28:08Z,COMPLETED,00:08:00,0.1,1,lc,96,[1] ‘1.18.0’,[1] ‘4.4.2’
b77768,19692273,2021-04-30T16:28:08Z,COMPLETED,00:08:30,0.1,1,lc,38,[1] ‘1.18.0’,[1] ‘4.4.2’
b77768,19692677,2021-04-30T16:28:12Z,COMPLETED,00:16:26,0.1,1,xl,41,[1] ‘1.18.0’,[1] ‘4.4.2’
b77768,19692449,2021-04-30T16:28:11Z,COMPLETED,00:11:05,0.1,1,lx,14,[1] ‘1.18.0’,[1] ‘4.4.2’
b77768,19692298,2021-04-30T16:28:08Z,COMPLETED,00:11:00,0.1,1,lc,63,[1] ‘1.18.0’,[1] ‘4.4.2’
b77768,19692268,2021-04-30T16:28:08Z,COMPLETED,00:08:34,0.1,1,lc,33,[1] ‘1.18.0’,[1] ‘4.4.2’
b77768,19692671,2021-04-30T16:28:12Z,COMPLETED,00:14:39,0.1,1,xl,35,[1] ‘1.18.0’,[1] ‘4.4.2’
b77768,19692443,2021-04-30T16:28:11Z,COMPLETED,00:11:07,0.1,1,lx,8,[1] ‘1.18.0’,[1] ‘4.4.2’
b77768,19692296,2021-04-30T16:28:08Z,COMPLETED,00:10:18,0.1,1,lc,61,[1] ‘1.18.0’,[1] ‘4.4.2’
b77768,19692294,2021-04-30T16:28:08Z,COMPLETED,00:08:54,0.1,1,lc,59,[1] ‘1.18.0’,[1] ‘4.4.2’
b77768,19692683,2021-04-30T16:28:13Z,COMPLETED,00:17:34,0.1,1,xl,47,[1] ‘1.18.0’,[1] ‘4.4.2’
b77768,19692451,2021-04-30T16:28:11Z,COMPLETED,00:10:11,0.1,1,lx,16,[1] ‘1.18.0’,[1] ‘4.4.2’
b77768,19692297,2021-04-30T16:28:08Z,COMPLETED,00:10:39,0.1,1,lc,62,[1] ‘1.18.0’,[1] ‘4.4.2’
b77768,19692290,2021-04-30T16:28:08Z,COMPLETED,00:08:26,0.1,1,lc,55,[1] ‘1.18.0’,[1] ‘4.4.2’
b77768,19692681,2021-04-30T16:28:13Z,COMPLETED,00:15:52,0.1,1,xl,45,[1] ‘1.18.0’,[1] ‘4.4.2’
b77768,19692452,2021-04-30T16:28:11Z,COMPLETED,00:10:25,0.1,1,lx,17,[1] ‘1.18.0’,[1] ‘4.4.2’
b77768,19692299,2021-04-30T16:28:08Z,COMPLETED,00:09:47,0.1,1,lc,64,[1] ‘1.18.0’,[1] ‘4.4.2’
b77768,19692288,2021-04-30T16:28:08Z,COMPLETED,00:07:39,0.1,1,lc,53,[1] ‘1.18.0’,[1] ‘4.4.2’
b77768,19692682,2021-04-30T16:28:13Z,COMPLETED,00:13:50,0.1,1,xl,46,[1] ‘1.18.0’,[1] ‘4.4.2’
b77768,19692446,2021-04-30T16:28:11Z,COMPLETED,00:11:39,0.1,1,lx,11,[1] ‘1.18.0’,[1] ‘4.4.2’
b77768,19692292,2021-04-30T16:28:08Z,COMPLETED,00:09:37,0.1,1,lc,57,[1] ‘1.18.0’,[1] ‘4.4.2’
b77768,19692660,2021-04-30T16:28:13Z,COMPLETED,00:14:26,0.1,1,xl,24,[1] ‘1.18.0’,[1] ‘4.4.2’
b77768,19692454,2021-04-30T16:28:11Z,COMPLETED,00:12:52,0.1,1,lx,19,[1] ‘1.18.0’,[1] ‘4.4.2’
b77768,19692270,2021-04-30T16:28:08Z,COMPLETED,00:08:14,0.1,1,lc,35,[1] ‘1.18.0’,[1] ‘4.4.2’
b77768,19692658,2021-04-30T16:28:13Z,COMPLETED,00:14:27,0.1,1,xl,22,[1] ‘1.18.0’,[1] ‘4.4.2’
b77768,19692453,2021-04-30T16:28:11Z,COMPLETED,00:10:35,0.1,1,lx,18,[1] ‘1.18.0’,[1] ‘4.4.2’
b77768,19692272,2021-04-30T16:28:08Z,COMPLETED,00:09:03,0.1,1,lc,37,[1] ‘1.18.0’,[1] ‘4.4.2’
b77768,19692662,2021-04-30T16:28:13Z,COMPLETED,00:13:38,0.1,1,xl,26,[1] ‘1.18.0’,[1] ‘4.4.2’
b77768,19692455,2021-04-30T16:28:11Z,COMPLETED,00:10:24,0.1,1,lx,20,[1] ‘1.18.0’,[1] ‘4.4.2’
b77768,19692274,2021-04-30T16:28:08Z,COMPLETED,00:09:37,0.1,1,lc,39,[1] ‘1.18.0’,[1] ‘4.4.2’
b77768,19692656,2021-04-30T16:28:13Z,COMPLETED,00:14:37,0.1,1,xl,20,[1] ‘1.18.0’,[1] ‘4.4.2’
b77768,19692457,2021-04-30T16:28:11Z,COMPLETED,00:10:27,0.1,1,lx,22,[1] ‘1.18.0’,[1] ‘4.4.2’
b77768,19692276,2021-04-30T16:28:08Z,COMPLETED,00:11:27,0.1,1,lc,41,[1] ‘1.18.0’,[1] ‘4.4.2’
b77768,19692684,2021-04-30T16:28:13Z,COMPLETED,00:15:14,0.1,1,xl,48,[1] ‘1.18.0’,[1] ‘4.4.2’
b77768,19692456,2021-04-30T16:28:11Z,COMPLETED,00:12:14,0.1,1,lx,21,[1] ‘1.18.0’,[1] ‘4.4.2’
b77768,19692278,2021-04-30T16:28:08Z,COMPLETED,00:10:06,0.1,1,lc,43,[1] ‘1.18.0’,[1] ‘4.4.2’
b77768,19692668,2021-04-30T16:28:13Z,COMPLETED,00:13:07,0.1,1,xl,32,[1] ‘1.18.0’,[1] ‘4.4.2’
b77768,19692458,2021-04-30T16:28:11Z,COMPLETED,00:09:40,0.1,1,lx,23,[1] ‘1.18.0’,[1] ‘4.4.2’
b77768,19692280,2021-04-30T16:28:08Z,COMPLETED,00:09:50,0.1,1,lc,45,[1] ‘1.18.0’,[1] ‘4.4.2’
b77768,19692666,2021-04-30T16:28:13Z,COMPLETED,00:14:28,0.1,1,xl,30,[1] ‘1.18.0’,[1] ‘4.4.2’
b77768,19692459,2021-04-30T16:28:11Z,COMPLETED,00:11:14,0.1,1,lx,24,[1] ‘1.18.0’,[1] ‘4.4.2’
b77768,19692282,2021-04-30T16:28:08Z,COMPLETED,00:10:16,0.1,1,lc,47,[1] ‘1.18.0’,[1] ‘4.4.2’
b77768,19692664,2021-04-30T16:28:13Z,COMPLETED,00:11:59,0.1,1,xl,28,[1] ‘1.18.0’,[1] ‘4.4.2’
b77768,19692460,2021-04-30T16:28:11Z,COMPLETED,00:10:30,0.1,1,lx,25,[1] ‘1.18.0’,[1] ‘4.4.2’
b77768,19692277,2021-04-30T16:28:08Z,COMPLETED,00:09:54,0.1,1,lc,42,[1] ‘1.18.0’,[1] ‘4.4.2’
b77768,19692670,2021-04-30T16:28:13Z,COMPLETED,00:15:24,0.1,1,xl,34,[1] ‘1.18.0’,[1] ‘4.4.2’
b77768,19692464,2021-04-30T16:28:11Z,COMPLETED,00:11:09,0.1,1,lx,29,[1] ‘1.18.0’,[1] ‘4.4.2’
b77768,19692281,2021-04-30T16:28:08Z,COMPLETED,00:10:40,0.1,1,lc,46,[1] ‘1.18.0’,[1] ‘4.4.2’
b77768,19692669,2021-04-30T16:28:13Z,COMPLETED,00:15:58,0.1,1,xl,33,[1] ‘1.18.0’,[1] ‘4.4.2’
b77768,19692466,2021-04-30T16:28:11Z,COMPLETED,00:10:36,0.1,1,lx,31,[1] ‘1.18.0’,[1] ‘4.4.2’
b77768,19692283,2021-04-30T16:28:08Z,COMPLETED,00:09:31,0.1,1,lc,48,[1] ‘1.18.0’,[1] ‘4.4.2’
b77768,19692663,2021-04-30T16:28:13Z,COMPLETED,00:15:45,0.1,1,xl,27,[1] ‘1.18.0’,[1] ‘4.4.2’
b77768,19693071,2021-04-30T16:28:13Z,COMPLETED,00:21:40,0.1,1,xl2,34,[1] ‘1.18.0’,[1] ‘4.4.2’
b77768,19692462,2021-04-30T16:28:11Z,COMPLETED,00:11:17,0.1,1,lx,27,[1] ‘1.18.0’,[1] ‘4.4.2’
b77768,19692279,2021-04-30T16:28:08Z,COMPLETED,00:09:40,0.1,1,lc,44,[1] ‘1.18.0’,[1] ‘4.4.2’
b77768,19692667,2021-04-30T16:28:13Z,COMPLETED,00:13:26,0.1,1,xl,31,[1] ‘1.18.0’,[1] ‘4.4.2’
b77768,19693067,2021-04-30T16:28:13Z,COMPLETED,00:26:38,0.1,1,xl2,30,[1] ‘1.18.0’,[1] ‘4.4.2’
b77768,19692465,2021-04-30T16:28:11Z,COMPLETED,00:10:30,0.1,1,lx,30,[1] ‘1.18.0’,[1] ‘4.4.2’
b77768,19692236,2021-04-30T16:28:08Z,COMPLETED,00:09:51,0.1,1,lc,1,[1] ‘1.18.0’,[1] ‘4.4.2’
b77768,19692665,2021-04-30T16:28:13Z,COMPLETED,00:14:44,0.1,1,xl,29,[1] ‘1.18.0’,[1] ‘4.4.2’
b77768,19693069,2021-04-30T16:28:13Z,COMPLETED,00:17:52,0.1,1,xl2,32,[1] ‘1.18.0’,[1] ‘4.4.2’
b77768,19692467,2021-04-30T16:28:11Z,COMPLETED,00:09:48,0.1,1,lx,32,[1] ‘1.18.0’,[1] ‘4.4.2’
b77768,19692238,2021-04-30T16:28:08Z,COMPLETED,00:09:53,0.1,1,lc,3,[1] ‘1.18.0’,[1] ‘4.4.2’
b77768,19692685,2021-04-30T16:28:13Z,COMPLETED,00:13:56,0.1,1,xl,49,[1] ‘1.18.0’,[1] ‘4.4.2’
b77768,19693066,2021-04-30T16:28:13Z,COMPLETED,00:18:48,0.1,1,xl2,29,[1] ‘1.18.0’,[1] ‘4.4.2’
b77768,19692463,2021-04-30T16:28:11Z,COMPLETED,00:09:56,0.1,1,lx,28,[1] ‘1.18.0’,[1] ‘4.4.2’
b77768,19692241,2021-04-30T16:28:09Z,COMPLETED,00:08:53,0.1,1,lc,6,[1] ‘1.18.0’,[1] ‘4.4.2’
b77768,19692686,2021-04-30T16:28:13Z,COMPLETED,00:19:47,0.1,1,xl,50,[1] ‘1.18.0’,[1] ‘4.4.2’
b77768,19693065,2021-04-30T16:28:13Z,COMPLETED,00:22:25,0.1,1,xl2,28,[1] ‘1.18.0’,[1] ‘4.4.2’
b77768,19692461,2021-04-30T16:28:11Z,COMPLETED,00:09:25,0.1,1,lx,26,[1] ‘1.18.0’,[1] ‘4.4.2’
b77768,19692239,2021-04-30T16:28:09Z,COMPLETED,00:08:50,0.1,1,lc,4,[1] ‘1.18.0’,[1] ‘4.4.2’
b77768,19693070,2021-04-30T16:28:13Z,COMPLETED,00:21:37,0.1,1,xl2,33,[1] ‘1.18.0’,[1] ‘4.4.2’
b77768,19692243,2021-04-30T16:28:09Z,COMPLETED,00:09:00,0.1,1,lc,8,[1] ‘1.18.0’,[1] ‘4.4.2’
b77768,19693068,2021-04-30T16:28:13Z,COMPLETED,00:18:05,0.1,1,xl2,31,[1] ‘1.18.0’,[1] ‘4.4.2’
b77768,19692237,2021-04-30T16:28:09Z,COMPLETED,00:09:51,0.1,1,lc,2,[1] ‘1.18.0’,[1] ‘4.4.2’
b77768,19693064,2021-04-30T16:28:13Z,COMPLETED,00:20:10,0.1,1,xl2,27,[1] ‘1.18.0’,[1] ‘4.4.2’
b77768,19693060,2021-04-30T16:28:13Z,COMPLETED,00:18:29,0.1,1,xl2,23,[1] ‘1.18.0’,[1] ‘4.4.2’
b77768,19693059,2021-04-30T16:28:13Z,COMPLETED,00:19:22,0.1,1,xl2,22,[1] ‘1.18.0’,[1] ‘4.4.2’
b77768,19693061,2021-04-30T16:28:13Z,COMPLETED,00:18:44,0.1,1,xl2,24,[1] ‘1.18.0’,[1] ‘4.4.2’
b77768,19693057,2021-04-30T16:28:13Z,COMPLETED,00:19:28,0.1,1,xl2,20,[1] ‘1.18.0’,[1] ‘4.4.2’
b77768,19693063,2021-04-30T16:28:13Z,COMPLETED,00:17:39,0.1,1,xl2,26,[1] ‘1.18.0’,[1] ‘4.4.2’
b77768,19692642,2021-04-30T16:28:13Z,COMPLETED,00:14:16,0.1,1,xl,6,[1] ‘1.18.0’,[1] ‘4.4.2’
b77768,19692646,2021-04-30T16:28:13Z,COMPLETED,00:13:59,0.1,1,xl,10,[1] ‘1.18.0’,[1] ‘4.4.2’
b77768,19692649,2021-04-30T16:28:13Z,COMPLETED,00:13:36,0.1,1,xl,13,[1] ‘1.18.0’,[1] ‘4.4.2’
b77768,19692687,2021-04-30T16:28:13Z,COMPLETED,00:14:09,0.1,1,xl,51,[1] ‘1.18.0’,[1] ‘4.4.2’
b77768,19692648,2021-04-30T16:28:13Z,COMPLETED,00:15:03,0.1,1,xl,12,[1] ‘1.18.0’,[1] ‘4.4.2’
b77768,19692688,2021-04-30T16:28:13Z,COMPLETED,00:13:30,0.1,1,xl,52,[1] ‘1.18.0’,[1] ‘4.4.2’
b77768,19692650,2021-04-30T16:28:13Z,COMPLETED,00:15:38,0.1,1,xl,14,[1] ‘1.18.0’,[1] ‘4.4.2’
b77768,19692689,2021-04-30T16:28:13Z,COMPLETED,00:13:18,0.1,1,xl,53,[1] ‘1.18.0’,[1] ‘4.4.2’
b77768,19692647,2021-04-30T16:28:13Z,COMPLETED,00:12:34,0.1,1,xl,11,[1] ‘1.18.0’,[1] ‘4.4.2’
b77768,19692653,2021-04-30T16:28:13Z,COMPLETED,00:14:50,0.1,1,xl,17,[1] ‘1.18.0’,[1] ‘4.4.2’
b77768,19692644,2021-04-30T16:28:13Z,COMPLETED,00:15:41,0.1,1,xl,8,[1] ‘1.18.0’,[1] ‘4.4.2’
b77768,19692652,2021-04-30T16:28:13Z,COMPLETED,00:13:56,0.1,1,xl,16,[1] ‘1.18.0’,[1] ‘4.4.2’
b77768,19692637,2021-04-30T16:28:13Z,COMPLETED,00:15:24,0.1,1,xl,1,[1] ‘1.18.0’,[1] ‘4.4.2’
b77768,19692690,2021-04-30T16:28:14Z,COMPLETED,00:12:55,0.1,1,xl,54,[1] ‘1.18.0’,[1] ‘4.4.2’
b77768,19692693,2021-04-30T16:28:14Z,COMPLETED,00:13:22,0.1,1,xl,57,[1] ‘1.18.0’,[1] ‘4.4.2’
b77768,19692691,2021-04-30T16:28:14Z,COMPLETED,00:13:20,0.1,1,xl,55,[1] ‘1.18.0’,[1] ‘4.4.2’
b77768,19692651,2021-04-30T16:28:14Z,COMPLETED,00:13:48,0.1,1,xl,15,[1] ‘1.18.0’,[1] ‘4.4.2’
b77768,19692695,2021-04-30T16:28:14Z,COMPLETED,00:13:52,0.1,1,xl,59,[1] ‘1.18.0’,[1] ‘4.4.2’
b77768,19692694,2021-04-30T16:28:14Z,COMPLETED,00:16:18,0.1,1,xl,58,[1] ‘1.18.0’,[1] ‘4.4.2’
b77768,19692692,2021-04-30T16:28:14Z,COMPLETED,00:15:23,0.1,1,xl,56,[1] ‘1.18.0’,[1] ‘4.4.2’
b77768,19692696,2021-04-30T16:28:14Z,COMPLETED,00:14:33,0.1,1,xl,60,[1] ‘1.18.0’,[1] ‘4.4.2’
b77768,19692697,2021-04-30T16:28:14Z,COMPLETED,00:17:05,0.1,1,xl,61,[1] ‘1.18.0’,[1] ‘4.4.2’
b77768,19692493,2021-04-30T16:28:14Z,COMPLETED,00:12:38,0.1,1,lx,58,[1] ‘1.18.0’,[1] ‘4.4.2’
b77768,19692477,2021-04-30T16:28:14Z,COMPLETED,00:11:38,0.1,1,lx,42,[1] ‘1.18.0’,[1] ‘4.4.2’
b77768,19692482,2021-04-30T16:28:14Z,COMPLETED,00:11:38,0.1,1,lx,47,[1] ‘1.18.0’,[1] ‘4.4.2’
b77768,19692495,2021-04-30T16:28:14Z,COMPLETED,00:10:23,0.1,1,lx,60,[1] ‘1.18.0’,[1] ‘4.4.2’
b77768,19692491,2021-04-30T16:28:14Z,COMPLETED,00:10:24,0.1,1,lx,56,[1] ‘1.18.0’,[1] ‘4.4.2’
b77768,19692479,2021-04-30T16:28:14Z,COMPLETED,00:11:37,0.1,1,lx,44,[1] ‘1.18.0’,[1] ‘4.4.2’
b77768,19692480,2021-04-30T16:28:14Z,COMPLETED,00:11:55,0.1,1,lx,45,[1] ‘1.18.0’,[1] ‘4.4.2’
b77768,19692698,2021-04-30T16:28:14Z,COMPLETED,00:13:04,0.1,1,xl,62,[1] ‘1.18.0’,[1] ‘4.4.2’
b77768,19692494,2021-04-30T16:28:14Z,COMPLETED,00:10:53,0.1,1,lx,59,[1] ‘1.18.0’,[1] ‘4.4.2’
b77768,19692492,2021-04-30T16:28:14Z,COMPLETED,00:13:26,0.1,1,lx,57,[1] ‘1.18.0’,[1] ‘4.4.2’
b77768,19692496,2021-04-30T16:28:14Z,COMPLETED,00:11:35,0.1,1,lx,61,[1] ‘1.18.0’,[1] ‘4.4.2’
b77768,19692484,2021-04-30T16:28:14Z,COMPLETED,00:11:21,0.1,1,lx,49,[1] ‘1.18.0’,[1] ‘4.4.2’
b77768,19692490,2021-04-30T16:28:14Z,COMPLETED,00:10:33,0.1,1,lx,55,[1] ‘1.18.0’,[1] ‘4.4.2’
b77768,19692488,2021-04-30T16:28:14Z,COMPLETED,00:10:09,0.1,1,lx,53,[1] ‘1.18.0’,[1] ‘4.4.2’
b77768,19692486,2021-04-30T16:28:14Z,COMPLETED,00:10:28,0.1,1,lx,51,[1] ‘1.18.0’,[1] ‘4.4.2’
b77768,19692699,2021-04-30T16:28:14Z,COMPLETED,00:13:30,0.1,1,xl,63,[1] ‘1.18.0’,[1] ‘4.4.2’
b77768,19692497,2021-04-30T16:28:14Z,COMPLETED,00:10:42,0.1,1,lx,62,[1] ‘1.18.0’,[1] ‘4.4.2’
b77768,19692481,2021-04-30T16:28:14Z,COMPLETED,00:10:50,0.1,1,lx,46,[1] ‘1.18.0’,[1] ‘4.4.2’
b77768,19692476,2021-04-30T16:28:14Z,COMPLETED,00:12:08,0.1,1,lx,41,[1] ‘1.18.0’,[1] ‘4.4.2’
b77768,19692485,2021-04-30T16:28:14Z,COMPLETED,00:11:05,0.1,1,lx,50,[1] ‘1.18.0’,[1] ‘4.4.2’
b77768,19692483,2021-04-30T16:28:14Z,COMPLETED,00:11:05,0.1,1,lx,48,[1] ‘1.18.0’,[1] ‘4.4.2’
b77768,19692489,2021-04-30T16:28:14Z,COMPLETED,00:10:22,0.1,1,lx,54,[1] ‘1.18.0’,[1] ‘4.4.2’
b77768,19692487,2021-04-30T16:28:14Z,COMPLETED,00:11:13,0.1,1,lx,52,[1] ‘1.18.0’,[1] ‘4.4.2’
b77768,19692498,2021-04-30T16:28:14Z,COMPLETED,00:09:59,0.1,1,lx,63,[1] ‘1.18.0’,[1] ‘4.4.2’
b77768,19692478,2021-04-30T16:28:14Z,COMPLETED,00:10:40,0.1,1,lx,43,[1] ‘1.18.0’,[1] ‘4.4.2’
b77768,19692472,2021-04-30T16:28:14Z,COMPLETED,00:12:34,0.1,1,lx,37,[1] ‘1.18.0’,[1] ‘4.4.2’
b77768,19692502,2021-04-30T16:28:14Z,COMPLETED,00:10:53,0.1,1,lx,67,[1] ‘1.18.0’,[1] ‘4.4.2’
b77768,19692500,2021-04-30T16:28:14Z,COMPLETED,00:10:15,0.1,1,lx,65,[1] ‘1.18.0’,[1] ‘4.4.2’
b77768,19692468,2021-04-30T16:28:14Z,COMPLETED,00:10:31,0.1,1,lx,33,[1] ‘1.18.0’,[1] ‘4.4.2’
b77768,19692474,2021-04-30T16:28:14Z,COMPLETED,00:11:55,0.1,1,lx,39,[1] ‘1.18.0’,[1] ‘4.4.2’
b77768,19692499,2021-04-30T16:28:14Z,COMPLETED,00:10:34,0.1,1,lx,64,[1] ‘1.18.0’,[1] ‘4.4.2’
b77768,19692503,2021-04-30T16:28:14Z,COMPLETED,00:10:40,0.1,1,lx,68,[1] ‘1.18.0’,[1] ‘4.4.2’
b77768,19692501,2021-04-30T16:28:14Z,COMPLETED,00:10:47,0.1,1,lx,66,[1] ‘1.18.0’,[1] ‘4.4.2’
b77768,19692475,2021-04-30T16:28:14Z,COMPLETED,00:09:53,0.1,1,lx,40,[1] ‘1.18.0’,[1] ‘4.4.2’
b77768,19692469,2021-04-30T16:28:14Z,COMPLETED,00:10:19,0.1,1,lx,34,[1] ‘1.18.0’,[1] ‘4.4.2’
b77768,19692471,2021-04-30T16:28:14Z,COMPLETED,00:09:52,0.1,1,lx,36,[1] ‘1.18.0’,[1] ‘4.4.2’
b77768,19692470,2021-04-30T16:28:14Z,COMPLETED,00:10:35,0.1,1,lx,35,[1] ‘1.18.0’,[1] ‘4.4.2’
b77768,19692473,2021-04-30T16:28:14Z,COMPLETED,00:11:03,0.1,1,lx,38,[1] ‘1.18.0’,[1] ‘4.4.2’
b77768,19692505,2021-04-30T16:28:15Z,COMPLETED,00:10:43,0.1,1,lx,70,[1] ‘1.18.0’,[1] ‘4.4.2’
b77768,19692504,2021-04-30T16:28:15Z,COMPLETED,00:10:26,0.1,1,lx,69,[1] ‘1.18.0’,[1] ‘4.4.2’
b77768,19692700,2021-04-30T16:28:15Z,COMPLETED,00:14:37,0.1,1,xl,64,[1] ‘1.18.0’,[1] ‘4.4.2’
b77768,19692701,2021-04-30T16:28:15Z,COMPLETED,00:14:30,0.1,1,xl,65,[1] ‘1.18.0’,[1] ‘4.4.2’
b77768,19692506,2021-04-30T16:28:15Z,COMPLETED,00:09:22,0.1,1,lx,71,[1] ‘1.18.0’,[1] ‘4.4.2’
b77768,19692507,2021-04-30T16:28:15Z,COMPLETED,00:11:08,0.1,1,lx,72,[1] ‘1.18.0’,[1] ‘4.4.2’
b77768,19692508,2021-04-30T16:28:15Z,COMPLETED,00:09:48,0.1,1,lx,73,[1] ‘1.18.0’,[1] ‘4.4.2’
b77768,19692703,2021-04-30T16:28:15Z,COMPLETED,00:13:45,0.1,1,xl,67,[1] ‘1.18.0’,[1] ‘4.4.2’
b77768,19692704,2021-04-30T16:28:15Z,COMPLETED,00:13:40,0.1,1,xl,68,[1] ‘1.18.0’,[1] ‘4.4.2’
b77768,19692702,2021-04-30T16:28:15Z,COMPLETED,00:14:01,0.1,1,xl,66,[1] ‘1.18.0’,[1] ‘4.4.2’
b77768,19692509,2021-04-30T16:28:15Z,COMPLETED,00:11:02,0.1,1,lx,74,[1] ‘1.18.0’,[1] ‘4.4.2’
b77768,19692510,2021-04-30T16:28:15Z,COMPLETED,00:11:05,0.1,1,lx,75,[1] ‘1.18.0’,[1] ‘4.4.2’
b77768,19692512,2021-04-30T16:28:15Z,COMPLETED,00:10:27,0.1,1,lx,77,[1] ‘1.18.0’,[1] ‘4.4.2’
b77768,19692513,2021-04-30T16:28:15Z,COMPLETED,00:12:05,0.1,1,lx,78,[1] ‘1.18.0’,[1] ‘4.4.2’
b77768,19692511,2021-04-30T16:28:15Z,COMPLETED,00:10:16,0.1,1,lx,76,[1] ‘1.18.0’,[1] ‘4.4.2’
b77768,19692514,2021-04-30T16:28:16Z,COMPLETED,00:10:56,0.1,1,lx,79,[1] ‘1.18.0’,[1] ‘4.4.2’
b77768,19692515,2021-04-30T16:28:16Z,COMPLETED,00:10:59,0.1,1,lx,80,[1] ‘1.18.0’,[1] ‘4.4.2’
b77768,19692538,2021-04-30T16:28:16Z,COMPLETED,00:13:37,0.1,1,xc,3,[1] ‘1.18.0’,[1] ‘4.4.2’
b77768,19692542,2021-04-30T16:28:16Z,COMPLETED,00:14:25,0.1,1,xc,7,[1] ‘1.18.0’,[1] ‘4.4.2’
b77768,19692540,2021-04-30T16:28:16Z,COMPLETED,00:12:36,0.1,1,xc,5,[1] ‘1.18.0’,[1] ‘4.4.2’
b77768,19692539,2021-04-30T16:28:16Z,COMPLETED,00:13:31,0.1,1,xc,4,[1] ‘1.18.0’,[1] ‘4.4.2’
b77768,19692537,2021-04-30T16:28:16Z,COMPLETED,00:15:09,0.1,1,xc,2,[1] ‘1.18.0’,[1] ‘4.4.2’
b77768,19692543,2021-04-30T16:28:16Z,COMPLETED,00:12:49,0.1,1,xc,8,[1] ‘1.18.0’,[1] ‘4.4.2’
b77768,19692541,2021-04-30T16:28:16Z,COMPLETED,00:11:25,0.1,1,xc,6,[1] ‘1.18.0’,[1] ‘4.4.2’
b77768,19692544,2021-04-30T16:28:16Z,COMPLETED,00:14:45,0.1,1,xc,9,[1] ‘1.18.0’,[1] ‘4.4.2’
b77768,19692521,2021-04-30T16:28:16Z,COMPLETED,00:09:19,0.1,1,lx,86,[1] ‘1.18.0’,[1] ‘4.4.2’
b77768,19692517,2021-04-30T16:28:16Z,COMPLETED,00:09:31,0.1,1,lx,82,[1] ‘1.18.0’,[1] ‘4.4.2’
b77768,19692519,2021-04-30T16:28:16Z,COMPLETED,00:10:33,0.1,1,lx,84,[1] ‘1.18.0’,[1] ‘4.4.2’
b77768,19692516,2021-04-30T16:28:16Z,COMPLETED,00:11:05,0.1,1,lx,81,[1] ‘1.18.0’,[1] ‘4.4.2’
b77768,19692522,2021-04-30T16:28:16Z,COMPLETED,00:11:42,0.1,1,lx,87,[1] ‘1.18.0’,[1] ‘4.4.2’
b77768,19692520,2021-04-30T16:28:16Z,COMPLETED,00:10:53,0.1,1,lx,85,[1] ‘1.18.0’,[1] ‘4.4.2’
b77768,19692518,2021-04-30T16:28:16Z,COMPLETED,00:10:26,0.1,1,lx,83,[1] ‘1.18.0’,[1] ‘4.4.2’
b77768,19692523,2021-04-30T16:28:16Z,COMPLETED,00:10:20,0.1,1,lx,88,[1] ‘1.18.0’,[1] ‘4.4.2’
b77768,19692524,2021-04-30T16:28:16Z,COMPLETED,00:10:33,0.1,1,lx,89,[1] ‘1.18.0’,[1] ‘4.4.2’
b77768,19692526,2021-04-30T16:28:16Z,COMPLETED,00:12:44,0.1,1,lx,91,[1] ‘1.18.0’,[1] ‘4.4.2’
b77768,19692528,2021-04-30T16:28:16Z,COMPLETED,00:10:54,0.1,1,lx,93,[1] ‘1.18.0’,[1] ‘4.4.2’
b77768,19692527,2021-04-30T16:28:16Z,COMPLETED,00:10:55,0.1,1,lx,92,[1] ‘1.18.0’,[1] ‘4.4.2’
b77768,19692525,2021-04-30T16:28:16Z,COMPLETED,00:11:38,0.1,1,lx,90,[1] ‘1.18.0’,[1] ‘4.4.2’
b77768,19692529,2021-04-30T16:28:16Z,COMPLETED,00:10:36,0.1,1,lx,94,[1] ‘1.18.0’,[1] ‘4.4.2’
b77768,19692561,2021-04-30T16:28:16Z,COMPLETED,00:11:22,0.1,1,xc,26,[1] ‘1.18.0’,[1] ‘4.4.2’
b77768,19692563,2021-04-30T16:28:16Z,COMPLETED,00:10:52,0.1,1,xc,28,[1] ‘1.18.0’,[1] ‘4.4.2’
b77768,19692534,2021-04-30T16:28:16Z,COMPLETED,00:12:12,0.1,1,lx,99,[1] ‘1.18.0’,[1] ‘4.4.2’
b77768,19692532,2021-04-30T16:28:16Z,COMPLETED,00:11:21,0.1,1,lx,97,[1] ‘1.18.0’,[1] ‘4.4.2’
b77768,19692536,2021-04-30T16:28:16Z,COMPLETED,00:15:39,0.1,1,xc,1,[1] ‘1.18.0’,[1] ‘4.4.2’
b77768,19692553,2021-04-30T16:28:16Z,COMPLETED,00:12:59,0.1,1,xc,18,[1] ‘1.18.0’,[1] ‘4.4.2’
b77768,19692557,2021-04-30T16:28:16Z,COMPLETED,00:12:46,0.1,1,xc,22,[1] ‘1.18.0’,[1] ‘4.4.2’
b77768,19692551,2021-04-30T16:28:16Z,COMPLETED,00:13:17,0.1,1,xc,16,[1] ‘1.18.0’,[1] ‘4.4.2’
b77768,19692555,2021-04-30T16:28:16Z,COMPLETED,00:12:47,0.1,1,xc,20,[1] ‘1.18.0’,[1] ‘4.4.2’
b77768,19692568,2021-04-30T16:28:17Z,COMPLETED,00:13:25,0.1,1,xc,33,[1] ‘1.18.0’,[1] ‘4.4.2’
b77768,19692562,2021-04-30T16:28:17Z,COMPLETED,00:12:55,0.1,1,xc,27,[1] ‘1.18.0’,[1] ‘4.4.2’
b77768,19692564,2021-04-30T16:28:17Z,COMPLETED,00:13:01,0.1,1,xc,29,[1] ‘1.18.0’,[1] ‘4.4.2’
b77768,19692560,2021-04-30T16:28:17Z,COMPLETED,00:11:04,0.1,1,xc,25,[1] ‘1.18.0’,[1] ‘4.4.2’
b77768,19692566,2021-04-30T16:28:17Z,COMPLETED,00:13:20,0.1,1,xc,31,[1] ‘1.18.0’,[1] ‘4.4.2’
b77768,19692554,2021-04-30T16:28:17Z,COMPLETED,00:13:32,0.1,1,xc,19,[1] ‘1.18.0’,[1] ‘4.4.2’
b77768,19692558,2021-04-30T16:28:17Z,COMPLETED,00:10:23,0.1,1,xc,23,[1] ‘1.18.0’,[1] ‘4.4.2’
b77768,19692552,2021-04-30T16:28:17Z,COMPLETED,00:13:16,0.1,1,xc,17,[1] ‘1.18.0’,[1] ‘4.4.2’
b77768,19692556,2021-04-30T16:28:17Z,COMPLETED,00:15:32,0.1,1,xc,21,[1] ‘1.18.0’,[1] ‘4.4.2’
b77768,19692530,2021-04-30T16:28:17Z,COMPLETED,00:10:30,0.1,1,lx,95,[1] ‘1.18.0’,[1] ‘4.4.2’
b77768,19692559,2021-04-30T16:28:17Z,COMPLETED,00:09:46,0.1,1,xc,24,[1] ‘1.18.0’,[1] ‘4.4.2’
b77768,19692565,2021-04-30T16:28:17Z,COMPLETED,00:14:56,0.1,1,xc,30,[1] ‘1.18.0’,[1] ‘4.4.2’
b77768,19692533,2021-04-30T16:28:17Z,COMPLETED,00:10:13,0.1,1,lx,98,[1] ‘1.18.0’,[1] ‘4.4.2’
b77768,19692535,2021-04-30T16:28:17Z,COMPLETED,00:10:57,0.1,1,lx,100,[1] ‘1.18.0’,[1] ‘4.4.2’
b77768,19692531,2021-04-30T16:28:17Z,COMPLETED,00:10:12,0.1,1,lx,96,[1] ‘1.18.0’,[1] ‘4.4.2’
b77768,19693072,2021-04-30T16:28:17Z,COMPLETED,00:18:40,0.1,1,xl2,35,[1] ‘1.18.0’,[1] ‘4.4.2’
b77768,19692571,2021-04-30T16:28:17Z,COMPLETED,00:10:50,0.1,1,xc,36,[1] ‘1.18.0’,[1] ‘4.4.2’
b77768,19692567,2021-04-30T16:28:17Z,COMPLETED,00:16:08,0.1,1,xc,32,[1] ‘1.18.0’,[1] ‘4.4.2’
b77768,19692569,2021-04-30T16:28:17Z,COMPLETED,00:12:21,0.1,1,xc,34,[1] ‘1.18.0’,[1] ‘4.4.2’
b77768,19692573,2021-04-30T16:28:17Z,COMPLETED,00:10:06,0.1,1,xc,38,[1] ‘1.18.0’,[1] ‘4.4.2’
b77768,19692591,2021-04-30T16:28:17Z,COMPLETED,00:10:49,0.1,1,xc,55,[1] ‘1.18.0’,[1] ‘4.4.2’
b77768,19692587,2021-04-30T16:28:17Z,COMPLETED,00:10:51,0.1,1,xc,51,[1] ‘1.18.0’,[1] ‘4.4.2’
b77768,19692585,2021-04-30T16:28:17Z,COMPLETED,00:13:20,0.1,1,xc,49,[1] ‘1.18.0’,[1] ‘4.4.2’
b77768,19692589,2021-04-30T16:28:17Z,COMPLETED,00:11:26,0.1,1,xc,53,[1] ‘1.18.0’,[1] ‘4.4.2’
b77768,19692570,2021-04-30T16:28:17Z,COMPLETED,00:11:21,0.1,1,xc,35,[1] ‘1.18.0’,[1] ‘4.4.2’
b77768,19692572,2021-04-30T16:28:17Z,COMPLETED,00:14:52,0.1,1,xc,37,[1] ‘1.18.0’,[1] ‘4.4.2’
b77768,19692574,2021-04-30T16:28:17Z,COMPLETED,00:13:31,0.1,1,xc,39,[1] ‘1.18.0’,[1] ‘4.4.2’
b77768,19692588,2021-04-30T16:28:17Z,COMPLETED,00:12:13,0.1,1,xc,52,[1] ‘1.18.0’,[1] ‘4.4.2’
b77768,19692583,2021-04-30T16:28:17Z,COMPLETED,00:12:19,0.1,1,xc,48,[1] ‘1.18.0’,[1] ‘4.4.2’
b77768,19692586,2021-04-30T16:28:17Z,COMPLETED,00:12:19,0.1,1,xc,50,[1] ‘1.18.0’,[1] ‘4.4.2’
b77768,19692590,2021-04-30T16:28:17Z,COMPLETED,00:12:27,0.1,1,xc,54,[1] ‘1.18.0’,[1] ‘4.4.2’
b77768,19692575,2021-04-30T16:28:17Z,COMPLETED,00:11:07,0.1,1,xc,40,[1] ‘1.18.0’,[1] ‘4.4.2’
b77768,19692581,2021-04-30T16:28:17Z,COMPLETED,00:14:51,0.1,1,xc,46,[1] ‘1.18.0’,[1] ‘4.4.2’
b77768,19692577,2021-04-30T16:28:17Z,COMPLETED,00:11:52,0.1,1,xc,42,[1] ‘1.18.0’,[1] ‘4.4.2’
b77768,19692579,2021-04-30T16:28:17Z,COMPLETED,00:13:19,0.1,1,xc,44,[1] ‘1.18.0’,[1] ‘4.4.2’
b77768,19692576,2021-04-30T16:28:17Z,COMPLETED,00:16:54,0.1,1,xc,41,[1] ‘1.18.0’,[1] ‘4.4.2’
b77768,19692580,2021-04-30T16:28:17Z,COMPLETED,00:12:41,0.1,1,xc,45,[1] ‘1.18.0’,[1] ‘4.4.2’
b77768,19692578,2021-04-30T16:28:17Z,COMPLETED,00:13:06,0.1,1,xc,43,[1] ‘1.18.0’,[1] ‘4.4.2’
b77768,19692582,2021-04-30T16:28:17Z,COMPLETED,00:12:59,0.1,1,xc,47,[1] ‘1.18.0’,[1] ‘4.4.2’
b77768,19692545,2021-04-30T16:28:17Z,COMPLETED,00:13:15,0.1,1,xc,10,[1] ‘1.18.0’,[1] ‘4.4.2’
b77768,19692549,2021-04-30T16:28:17Z,COMPLETED,00:16:03,0.1,1,xc,14,[1] ‘1.18.0’,[1] ‘4.4.2’
b77768,19692548,2021-04-30T16:28:17Z,COMPLETED,00:10:23,0.1,1,xc,13,[1] ‘1.18.0’,[1] ‘4.4.2’
b77768,19692546,2021-04-30T16:28:17Z,COMPLETED,00:13:00,0.1,1,xc,11,[1] ‘1.18.0’,[1] ‘4.4.2’
b77768,19692547,2021-04-30T16:28:17Z,COMPLETED,00:13:42,0.1,1,xc,12,[1] ‘1.18.0’,[1] ‘4.4.2’
b77768,19692550,2021-04-30T16:28:17Z,COMPLETED,00:14:38,0.1,1,xc,15,[1] ‘1.18.0’,[1] ‘4.4.2’
b77768,19693077,2021-04-30T16:28:18Z,COMPLETED,00:18:09,0.1,1,xl2,40,[1] ‘1.18.0’,[1] ‘4.4.2’
b77768,19693081,2021-04-30T16:28:19Z,COMPLETED,00:20:27,0.1,1,xl2,44,[1] ‘1.18.0’,[1] ‘4.4.2’
b77768,19693078,2021-04-30T16:28:20Z,COMPLETED,00:26:38,0.1,1,xl2,41,[1] ‘1.18.0’,[1] ‘4.4.2’
b77768,19692785,2021-04-30T16:28:20Z,COMPLETED,00:17:02,0.1,1,xx,49,[1] ‘1.18.0’,[1] ‘4.4.2’
b77768,19692787,2021-04-30T16:28:20Z,COMPLETED,00:20:00,0.1,1,xx,51,[1] ‘1.18.0’,[1] ‘4.4.2’
b77768,19692789,2021-04-30T16:28:20Z,COMPLETED,00:18:12,0.1,1,xx,53,[1] ‘1.18.0’,[1] ‘4.4.2’
b77768,19693082,2021-04-30T16:28:20Z,COMPLETED,00:21:15,0.1,1,xl2,45,[1] ‘1.18.0’,[1] ‘4.4.2’
b77768,19692767,2021-04-30T16:28:20Z,COMPLETED,00:18:28,0.1,1,xx,31,[1] ‘1.18.0’,[1] ‘4.4.2’
b77768,19692815,2021-04-30T16:28:20Z,COMPLETED,00:16:24,0.1,1,xx,79,[1] ‘1.18.0’,[1] ‘4.4.2’
b77768,19693079,2021-04-30T16:28:20Z,COMPLETED,00:21:37,0.1,1,xl2,42,[1] ‘1.18.0’,[1] ‘4.4.2’
b77768,19692774,2021-04-30T16:28:21Z,COMPLETED,00:16:47,0.1,1,xx,38,[1] ‘1.18.0’,[1] ‘4.4.2’
b77768,19692803,2021-04-30T16:28:21Z,COMPLETED,00:18:36,0.1,1,xx,67,[1] ‘1.18.0’,[1] ‘4.4.2’
b77768,19692801,2021-04-30T16:28:21Z,COMPLETED,00:19:45,0.1,1,xx,65,[1] ‘1.18.0’,[1] ‘4.4.2’
b77768,19692778,2021-04-30T16:28:21Z,COMPLETED,00:19:21,0.1,1,xx,42,[1] ‘1.18.0’,[1] ‘4.4.2’
b77768,19692798,2021-04-30T16:28:21Z,COMPLETED,00:16:31,0.1,1,xx,62,[1] ‘1.18.0’,[1] ‘4.4.2’
b77768,19692794,2021-04-30T16:28:21Z,COMPLETED,00:17:59,0.1,1,xx,58,[1] ‘1.18.0’,[1] ‘4.4.2’
b77768,19693076,2021-04-30T16:28:21Z,COMPLETED,00:19:57,0.1,1,xl2,39,[1] ‘1.18.0’,[1] ‘4.4.2’
b77768,19693080,2021-04-30T16:28:21Z,COMPLETED,00:24:51,0.1,1,xl2,43,[1] ‘1.18.0’,[1] ‘4.4.2’
b77768,19692769,2021-04-30T16:28:21Z,COMPLETED,00:19:23,0.1,1,xx,33,[1] ‘1.18.0’,[1] ‘4.4.2’
b77768,19692765,2021-04-30T16:28:21Z,COMPLETED,00:17:10,0.1,1,xx,29,[1] ‘1.18.0’,[1] ‘4.4.2’
b77768,19692806,2021-04-30T16:28:21Z,COMPLETED,00:17:30,0.1,1,xx,70,[1] ‘1.18.0’,[1] ‘4.4.2’
b77768,19692802,2021-04-30T16:28:21Z,COMPLETED,00:15:58,0.1,1,xx,66,[1] ‘1.18.0’,[1] ‘4.4.2’
b77768,19692800,2021-04-30T16:28:21Z,COMPLETED,00:17:30,0.1,1,xx,64,[1] ‘1.18.0’,[1] ‘4.4.2’
b77768,19692779,2021-04-30T16:28:21Z,COMPLETED,00:18:17,0.1,1,xx,43,[1] ‘1.18.0’,[1] ‘4.4.2’
b77768,19692775,2021-04-30T16:28:21Z,COMPLETED,00:17:35,0.1,1,xx,39,[1] ‘1.18.0’,[1] ‘4.4.2’
b77768,19692776,2021-04-30T16:28:21Z,COMPLETED,00:14:12,0.1,1,xx,40,[1] ‘1.18.0’,[1] ‘4.4.2’
b77768,19692805,2021-04-30T16:28:21Z,COMPLETED,00:16:39,0.1,1,xx,69,[1] ‘1.18.0’,[1] ‘4.4.2’
b77768,19692766,2021-04-30T16:28:21Z,COMPLETED,00:18:44,0.1,1,xx,30,[1] ‘1.18.0’,[1] ‘4.4.2’
b77768,19692796,2021-04-30T16:28:21Z,COMPLETED,00:17:30,0.1,1,xx,60,[1] ‘1.18.0’,[1] ‘4.4.2’
b77768,19692792,2021-04-30T16:28:21Z,COMPLETED,00:21:16,0.1,1,xx,56,[1] ‘1.18.0’,[1] ‘4.4.2’
b77768,19693084,2021-04-30T16:28:21Z,COMPLETED,00:25:02,0.1,1,xl2,47,[1] ‘1.18.0’,[1] ‘4.4.2’
b77768,19692830,2021-04-30T16:28:21Z,COMPLETED,00:18:18,0.1,1,xx,94,[1] ‘1.18.0’,[1] ‘4.4.2’
b77768,19692864,2021-04-30T16:28:21Z,COMPLETED,00:22:52,0.1,1,xc2,28,[1] ‘1.18.0’,[1] ‘4.4.2’
b77768,19692866,2021-04-30T16:28:21Z,COMPLETED,00:25:57,0.1,1,xc2,30,[1] ‘1.18.0’,[1] ‘4.4.2’
b77768,19692828,2021-04-30T16:28:21Z,COMPLETED,00:20:28,0.1,1,xx,92,[1] ‘1.18.0’,[1] ‘4.4.2’
b77768,19692816,2021-04-30T16:28:21Z,COMPLETED,00:16:45,0.1,1,xx,80,[1] ‘1.18.0’,[1] ‘4.4.2’
b77768,19692842,2021-04-30T16:28:21Z,COMPLETED,00:20:13,0.1,1,xc2,6,[1] ‘1.18.0’,[1] ‘4.4.2’
b77768,19692844,2021-04-30T16:28:21Z,COMPLETED,00:22:27,0.1,1,xc2,8,[1] ‘1.18.0’,[1] ‘4.4.2’
b77768,19692849,2021-04-30T16:28:21Z,COMPLETED,00:18:52,0.1,1,xc2,13,[1] ‘1.18.0’,[1] ‘4.4.2’
b77768,19692854,2021-04-30T16:28:21Z,COMPLETED,00:20:55,0.1,1,xc2,18,[1] ‘1.18.0’,[1] ‘4.4.2’
b77768,19692822,2021-04-30T16:28:21Z,COMPLETED,00:15:15,0.1,1,xx,86,[1] ‘1.18.0’,[1] ‘4.4.2’
b77768,19692819,2021-04-30T16:28:21Z,COMPLETED,00:17:18,0.1,1,xx,83,[1] ‘1.18.0’,[1] ‘4.4.2’
b77768,19692841,2021-04-30T16:28:21Z,COMPLETED,00:20:15,0.1,1,xc2,5,[1] ‘1.18.0’,[1] ‘4.4.2’
b77768,19692843,2021-04-30T16:28:21Z,COMPLETED,00:30:31,0.1,1,xc2,7,[1] ‘1.18.0’,[1] ‘4.4.2’
b77768,19692865,2021-04-30T16:28:21Z,COMPLETED,00:20:48,0.1,1,xc2,29,[1] ‘1.18.0’,[1] ‘4.4.2’
b77768,19692840,2021-04-30T16:28:21Z,COMPLETED,00:22:45,0.1,1,xc2,4,[1] ‘1.18.0’,[1] ‘4.4.2’
b77768,19693075,2021-04-30T16:28:21Z,COMPLETED,00:22:40,0.1,1,xl2,38,[1] ‘1.18.0’,[1] ‘4.4.2’
b77768,19692863,2021-04-30T16:28:21Z,COMPLETED,00:20:16,0.1,1,xc2,27,[1] ‘1.18.0’,[1] ‘4.4.2’
b77768,19692859,2021-04-30T16:28:21Z,COMPLETED,00:20:29,0.1,1,xc2,23,[1] ‘1.18.0’,[1] ‘4.4.2’
b77768,19692853,2021-04-30T16:28:21Z,COMPLETED,00:20:03,0.1,1,xc2,17,[1] ‘1.18.0’,[1] ‘4.4.2’
b77768,19692851,2021-04-30T16:28:21Z,COMPLETED,00:22:37,0.1,1,xc2,15,[1] ‘1.18.0’,[1] ‘4.4.2’
b77768,19693083,2021-04-30T16:28:21Z,COMPLETED,00:21:11,0.1,1,xl2,46,[1] ‘1.18.0’,[1] ‘4.4.2’
b77768,19692780,2021-04-30T16:28:21Z,COMPLETED,00:18:03,0.1,1,xx,44,[1] ‘1.18.0’,[1] ‘4.4.2’
b77768,19692777,2021-04-30T16:28:21Z,COMPLETED,00:20:12,0.1,1,xx,41,[1] ‘1.18.0’,[1] ‘4.4.2’
b77768,19692773,2021-04-30T16:28:21Z,COMPLETED,00:20:36,0.1,1,xx,37,[1] ‘1.18.0’,[1] ‘4.4.2’
b77768,19692820,2021-04-30T16:28:21Z,COMPLETED,00:16:28,0.1,1,xx,84,[1] ‘1.18.0’,[1] ‘4.4.2’
b77768,19692804,2021-04-30T16:28:21Z,COMPLETED,00:16:01,0.1,1,xx,68,[1] ‘1.18.0’,[1] ‘4.4.2’
b77768,19692788,2021-04-30T16:28:21Z,COMPLETED,00:17:23,0.1,1,xx,52,[1] ‘1.18.0’,[1] ‘4.4.2’
b77768,19692790,2021-04-30T16:28:21Z,COMPLETED,00:17:01,0.1,1,xx,54,[1] ‘1.18.0’,[1] ‘4.4.2’
b77768,19692786,2021-04-30T16:28:21Z,COMPLETED,00:16:54,0.1,1,xx,50,[1] ‘1.18.0’,[1] ‘4.4.2’
b77768,19692799,2021-04-30T16:28:21Z,COMPLETED,00:17:16,0.1,1,xx,63,[1] ‘1.18.0’,[1] ‘4.4.2’
b77768,19692797,2021-04-30T16:28:21Z,COMPLETED,00:19:33,0.1,1,xx,61,[1] ‘1.18.0’,[1] ‘4.4.2’
b77768,19692795,2021-04-30T16:28:21Z,COMPLETED,00:17:43,0.1,1,xx,59,[1] ‘1.18.0’,[1] ‘4.4.2’
b77768,19692791,2021-04-30T16:28:21Z,COMPLETED,00:15:56,0.1,1,xx,55,[1] ‘1.18.0’,[1] ‘4.4.2’
b77768,19692793,2021-04-30T16:28:21Z,COMPLETED,00:16:49,0.1,1,xx,57,[1] ‘1.18.0’,[1] ‘4.4.2’
b77768,19692770,2021-04-30T16:28:21Z,COMPLETED,00:20:00,0.1,1,xx,34,[1] ‘1.18.0’,[1] ‘4.4.2’
b77768,19692768,2021-04-30T16:28:21Z,COMPLETED,00:14:09,0.1,1,xx,32,[1] ‘1.18.0’,[1] ‘4.4.2’
b77768,19692771,2021-04-30T16:28:21Z,COMPLETED,00:17:50,0.1,1,xx,35,[1] ‘1.18.0’,[1] ‘4.4.2’
b77768,19692772,2021-04-30T16:28:21Z,COMPLETED,00:16:48,0.1,1,xx,36,[1] ‘1.18.0’,[1] ‘4.4.2’
b77768,19692807,2021-04-30T16:28:21Z,COMPLETED,00:17:02,0.1,1,xx,71,[1] ‘1.18.0’,[1] ‘4.4.2’
b77768,19692813,2021-04-30T16:28:21Z,COMPLETED,00:16:39,0.1,1,xx,77,[1] ‘1.18.0’,[1] ‘4.4.2’
b77768,19692809,2021-04-30T16:28:21Z,COMPLETED,00:15:28,0.1,1,xx,73,[1] ‘1.18.0’,[1] ‘4.4.2’
b77768,19692811,2021-04-30T16:28:21Z,COMPLETED,00:15:28,0.1,1,xx,75,[1] ‘1.18.0’,[1] ‘4.4.2’
b77768,19692810,2021-04-30T16:28:21Z,COMPLETED,00:18:10,0.1,1,xx,74,[1] ‘1.18.0’,[1] ‘4.4.2’
b77768,19692814,2021-04-30T16:28:21Z,COMPLETED,00:18:23,0.1,1,xx,78,[1] ‘1.18.0’,[1] ‘4.4.2’
b77768,19692812,2021-04-30T16:28:21Z,COMPLETED,00:15:36,0.1,1,xx,76,[1] ‘1.18.0’,[1] ‘4.4.2’
b77768,19692808,2021-04-30T16:28:21Z,COMPLETED,00:19:50,0.1,1,xx,72,[1] ‘1.18.0’,[1] ‘4.4.2’
b77768,19692784,2021-04-30T16:28:21Z,COMPLETED,00:20:25,0.1,1,xx,48,[1] ‘1.18.0’,[1] ‘4.4.2’
b77768,19692782,2021-04-30T16:28:21Z,COMPLETED,00:18:25,0.1,1,xx,46,[1] ‘1.18.0’,[1] ‘4.4.2’
b77768,19692783,2021-04-30T16:28:21Z,COMPLETED,00:23:35,0.1,1,xx,47,[1] ‘1.18.0’,[1] ‘4.4.2’
b77768,19692781,2021-04-30T16:28:21Z,COMPLETED,00:22:27,0.1,1,xx,45,[1] ‘1.18.0’,[1] ‘4.4.2’
b77768,19692831,2021-04-30T16:28:22Z,COMPLETED,00:18:40,0.1,1,xx,95,[1] ‘1.18.0’,[1] ‘4.4.2’
b77768,19692827,2021-04-30T16:28:22Z,COMPLETED,00:16:08,0.1,1,xx,91,[1] ‘1.18.0’,[1] ‘4.4.2’
b77768,19692825,2021-04-30T16:28:22Z,COMPLETED,00:16:37,0.1,1,xx,89,[1] ‘1.18.0’,[1] ‘4.4.2’
b77768,19692829,2021-04-30T16:28:22Z,COMPLETED,00:23:22,0.1,1,xx,93,[1] ‘1.18.0’,[1] ‘4.4.2’
b77768,19692835,2021-04-30T16:28:22Z,COMPLETED,00:19:15,0.1,1,xx,99,[1] ‘1.18.0’,[1] ‘4.4.2’
b77768,19692824,2021-04-30T16:28:22Z,COMPLETED,00:20:08,0.1,1,xx,88,[1] ‘1.18.0’,[1] ‘4.4.2’
b77768,19692826,2021-04-30T16:28:22Z,COMPLETED,00:21:17,0.1,1,xx,90,[1] ‘1.18.0’,[1] ‘4.4.2’
b77768,19692832,2021-04-30T16:28:22Z,COMPLETED,00:16:56,0.1,1,xx,96,[1] ‘1.18.0’,[1] ‘4.4.2’
b77768,19692834,2021-04-30T16:28:22Z,COMPLETED,00:12:51,0.1,1,xx,98,[1] ‘1.18.0’,[1] ‘4.4.2’
b77768,19692846,2021-04-30T16:28:22Z,COMPLETED,00:20:28,0.1,1,xc2,10,[1] ‘1.18.0’,[1] ‘4.4.2’
b77768,19692847,2021-04-30T16:28:22Z,COMPLETED,00:20:52,0.1,1,xc2,11,[1] ‘1.18.0’,[1] ‘4.4.2’
b77768,19692845,2021-04-30T16:28:22Z,COMPLETED,00:20:30,0.1,1,xc2,9,[1] ‘1.18.0’,[1] ‘4.4.2’
b77768,19692852,2021-04-30T16:28:22Z,COMPLETED,00:27:58,0.1,1,xc2,16,[1] ‘1.18.0’,[1] ‘4.4.2’
b77768,19692833,2021-04-30T16:28:22Z,COMPLETED,00:20:22,0.1,1,xx,97,[1] ‘1.18.0’,[1] ‘4.4.2’
b77768,19692850,2021-04-30T16:28:22Z,COMPLETED,00:23:43,0.1,1,xc2,14,[1] ‘1.18.0’,[1] ‘4.4.2’
b77768,19692848,2021-04-30T16:28:22Z,COMPLETED,00:20:20,0.1,1,xc2,12,[1] ‘1.18.0’,[1] ‘4.4.2’
b77768,19692823,2021-04-30T16:28:22Z,COMPLETED,00:18:05,0.1,1,xx,87,[1] ‘1.18.0’,[1] ‘4.4.2’
b77768,19692817,2021-04-30T16:28:22Z,COMPLETED,00:19:03,0.1,1,xx,81,[1] ‘1.18.0’,[1] ‘4.4.2’
b77768,19692855,2021-04-30T16:28:22Z,COMPLETED,00:23:12,0.1,1,xc2,19,[1] ‘1.18.0’,[1] ‘4.4.2’
b77768,19692860,2021-04-30T16:28:22Z,COMPLETED,00:19:12,0.1,1,xc2,24,[1] ‘1.18.0’,[1] ‘4.4.2’
b77768,19692856,2021-04-30T16:28:22Z,COMPLETED,00:21:35,0.1,1,xc2,20,[1] ‘1.18.0’,[1] ‘4.4.2’
b77768,19692858,2021-04-30T16:28:22Z,COMPLETED,00:19:07,0.1,1,xc2,22,[1] ‘1.18.0’,[1] ‘4.4.2’
b77768,19692862,2021-04-30T16:28:22Z,COMPLETED,00:19:46,0.1,1,xc2,26,[1] ‘1.18.0’,[1] ‘4.4.2’
b77768,19692857,2021-04-30T16:28:22Z,COMPLETED,00:21:55,0.1,1,xc2,21,[1] ‘1.18.0’,[1] ‘4.4.2’
b77768,19692861,2021-04-30T16:28:22Z,COMPLETED,00:20:05,0.1,1,xc2,25,[1] ‘1.18.0’,[1] ‘4.4.2’
b77768,19692821,2021-04-30T16:28:22Z,COMPLETED,00:20:26,0.1,1,xx,85,[1] ‘1.18.0’,[1] ‘4.4.2’
b77768,19692818,2021-04-30T16:28:22Z,COMPLETED,00:14:10,0.1,1,xx,82,[1] ‘1.18.0’,[1] ‘4.4.2’
b77768,19692837,2021-04-30T16:28:22Z,COMPLETED,00:23:18,0.1,1,xc2,1,[1] ‘1.18.0’,[1] ‘4.4.2’
b77768,19692839,2021-04-30T16:28:22Z,COMPLETED,00:32:51,0.1,1,xc2,3,[1] ‘1.18.0’,[1] ‘4.4.2’
b77768,19692838,2021-04-30T16:28:22Z,COMPLETED,00:22:36,0.1,1,xc2,2,[1] ‘1.18.0’,[1] ‘4.4.2’
b77768,19692836,2021-04-30T16:28:22Z,COMPLETED,00:18:28,0.1,1,xx,100,[1] ‘1.18.0’,[1] ‘4.4.2’
b77768,19693073,2021-04-30T16:28:23Z,COMPLETED,00:18:06,0.1,1,xl2,36,[1] ‘1.18.0’,[1] ‘4.4.2’
b77768,19692761,2021-04-30T16:28:23Z,COMPLETED,00:14:33,0.1,1,xx,25,[1] ‘1.18.0’,[1] ‘4.4.2’
b77768,19693086,2021-04-30T16:28:23Z,COMPLETED,00:18:56,0.1,1,xl2,49,[1] ‘1.18.0’,[1] ‘4.4.2’
b77768,19692757,2021-04-30T16:28:23Z,COMPLETED,00:21:33,0.1,1,xx,21,[1] ‘1.18.0’,[1] ‘4.4.2’
b77768,19692763,2021-04-30T16:28:23Z,COMPLETED,00:20:22,0.1,1,xx,27,[1] ‘1.18.0’,[1] ‘4.4.2’
b77768,19692707,2021-04-30T16:28:23Z,COMPLETED,00:13:29,0.1,1,xl,71,[1] ‘1.18.0’,[1] ‘4.4.2’
b77768,19692716,2021-04-30T16:28:23Z,COMPLETED,00:15:14,0.1,1,xl,80,[1] ‘1.18.0’,[1] ‘4.4.2’
b77768,19692748,2021-04-30T16:28:23Z,COMPLETED,00:19:15,0.1,1,xx,12,[1] ‘1.18.0’,[1] ‘4.4.2’
b77768,19692762,2021-04-30T16:28:23Z,COMPLETED,00:16:57,0.1,1,xx,26,[1] ‘1.18.0’,[1] ‘4.4.2’
b77768,19692746,2021-04-30T16:28:23Z,COMPLETED,00:14:43,0.1,1,xx,10,[1] ‘1.18.0’,[1] ‘4.4.2’
b77768,19692737,2021-04-30T16:28:23Z,COMPLETED,00:16:28,0.1,1,xx,1,[1] ‘1.18.0’,[1] ‘4.4.2’
b77768,19692739,2021-04-30T16:28:23Z,COMPLETED,00:18:35,0.1,1,xx,3,[1] ‘1.18.0’,[1] ‘4.4.2’
b77768,19692705,2021-04-30T16:28:23Z,COMPLETED,00:13:09,0.1,1,xl,69,[1] ‘1.18.0’,[1] ‘4.4.2’
b77768,19693087,2021-04-30T16:28:24Z,COMPLETED,00:21:05,0.1,1,xl2,50,[1] ‘1.18.0’,[1] ‘4.4.2’
b77768,19693088,2021-04-30T16:28:24Z,COMPLETED,00:18:20,0.1,1,xl2,51,[1] ‘1.18.0’,[1] ‘4.4.2’
b77768,19693089,2021-04-30T16:28:24Z,COMPLETED,00:16:44,0.1,1,xl2,52,[1] ‘1.18.0’,[1] ‘4.4.2’
b77768,19692720,2021-04-30T16:28:24Z,COMPLETED,00:13:33,0.1,1,xl,84,[1] ‘1.18.0’,[1] ‘4.4.2’
b77768,19692714,2021-04-30T16:28:24Z,COMPLETED,00:14:55,0.1,1,xl,78,[1] ‘1.18.0’,[1] ‘4.4.2’
b77768,19692725,2021-04-30T16:28:24Z,COMPLETED,00:13:11,0.1,1,xl,89,[1] ‘1.18.0’,[1] ‘4.4.2’
b77768,19692759,2021-04-30T16:28:25Z,COMPLETED,00:17:57,0.1,1,xx,23,[1] ‘1.18.0’,[1] ‘4.4.2’
b77768,19692730,2021-04-30T16:28:25Z,COMPLETED,00:18:37,0.1,1,xl,94,[1] ‘1.18.0’,[1] ‘4.4.2’
b77768,19692718,2021-04-30T16:28:25Z,COMPLETED,00:13:10,0.1,1,xl,82,[1] ‘1.18.0’,[1] ‘4.4.2’
b77768,19692723,2021-04-30T16:28:25Z,COMPLETED,00:15:40,0.1,1,xl,87,[1] ‘1.18.0’,[1] ‘4.4.2’
b77768,19692721,2021-04-30T16:28:25Z,COMPLETED,00:16:00,0.1,1,xl,85,[1] ‘1.18.0’,[1] ‘4.4.2’
b77768,19692764,2021-04-30T16:28:25Z,COMPLETED,00:16:03,0.1,1,xx,28,[1] ‘1.18.0’,[1] ‘4.4.2’
b77768,19692758,2021-04-30T16:28:25Z,COMPLETED,00:18:21,0.1,1,xx,22,[1] ‘1.18.0’,[1] ‘4.4.2’
b77768,19692740,2021-04-30T16:28:25Z,COMPLETED,00:18:36,0.1,1,xx,4,[1] ‘1.18.0’,[1] ‘4.4.2’
b77768,19692738,2021-04-30T16:28:25Z,COMPLETED,00:18:25,0.1,1,xx,2,[1] ‘1.18.0’,[1] ‘4.4.2’
b77768,19692760,2021-04-30T16:28:25Z,COMPLETED,00:19:43,0.1,1,xx,24,[1] ‘1.18.0’,[1] ‘4.4.2’
b77768,19692744,2021-04-30T16:28:25Z,COMPLETED,00:18:51,0.1,1,xx,8,[1] ‘1.18.0’,[1] ‘4.4.2’
b77768,19692742,2021-04-30T16:28:25Z,COMPLETED,00:18:31,0.1,1,xx,6,[1] ‘1.18.0’,[1] ‘4.4.2’
b77768,19693093,2021-04-30T16:28:25Z,COMPLETED,00:18:37,0.1,1,xl2,56,[1] ‘1.18.0’,[1] ‘4.4.2’
b77768,19692735,2021-04-30T16:28:25Z,COMPLETED,00:15:18,0.1,1,xl,99,[1] ‘1.18.0’,[1] ‘4.4.2’
b77768,19692733,2021-04-30T16:28:25Z,COMPLETED,00:17:16,0.1,1,xl,97,[1] ‘1.18.0’,[1] ‘4.4.2’
b77768,19693094,2021-04-30T16:28:25Z,COMPLETED,00:18:53,0.1,1,xl2,57,[1] ‘1.18.0’,[1] ‘4.4.2’
b77768,19693095,2021-04-30T16:28:25Z,COMPLETED,00:21:10,0.1,1,xl2,58,[1] ‘1.18.0’,[1] ‘4.4.2’
b77768,19692734,2021-04-30T16:28:25Z,COMPLETED,00:12:15,0.1,1,xl,98,[1] ‘1.18.0’,[1] ‘4.4.2’
b77768,19692717,2021-04-30T16:28:25Z,COMPLETED,00:15:57,0.1,1,xl,81,[1] ‘1.18.0’,[1] ‘4.4.2’
b77768,19692728,2021-04-30T16:28:25Z,COMPLETED,00:14:43,0.1,1,xl,92,[1] ‘1.18.0’,[1] ‘4.4.2’
b77768,19692726,2021-04-30T16:28:25Z,COMPLETED,00:15:28,0.1,1,xl,90,[1] ‘1.18.0’,[1] ‘4.4.2’
b77768,19692727,2021-04-30T16:28:25Z,COMPLETED,00:15:48,0.1,1,xl,91,[1] ‘1.18.0’,[1] ‘4.4.2’
b77768,19692719,2021-04-30T16:28:25Z,COMPLETED,00:13:33,0.1,1,xl,83,[1] ‘1.18.0’,[1] ‘4.4.2’
b77768,19692713,2021-04-30T16:28:25Z,COMPLETED,00:14:48,0.1,1,xl,77,[1] ‘1.18.0’,[1] ‘4.4.2’
b77768,19692736,2021-04-30T16:28:25Z,COMPLETED,00:15:15,0.1,1,xl,100,[1] ‘1.18.0’,[1] ‘4.4.2’
b77768,19692715,2021-04-30T16:28:25Z,COMPLETED,00:14:48,0.1,1,xl,79,[1] ‘1.18.0’,[1] ‘4.4.2’
b77768,19692747,2021-04-30T16:28:25Z,COMPLETED,00:17:51,0.1,1,xx,11,[1] ‘1.18.0’,[1] ‘4.4.2’
b77768,19692741,2021-04-30T16:28:25Z,COMPLETED,00:17:13,0.1,1,xx,5,[1] ‘1.18.0’,[1] ‘4.4.2’
b77768,19692724,2021-04-30T16:28:25Z,COMPLETED,00:16:57,0.1,1,xl,88,[1] ‘1.18.0’,[1] ‘4.4.2’
b77768,19692743,2021-04-30T16:28:25Z,COMPLETED,00:17:10,0.1,1,xx,7,[1] ‘1.18.0’,[1] ‘4.4.2’
b77768,19692709,2021-04-30T16:28:25Z,COMPLETED,00:13:57,0.1,1,xl,73,[1] ‘1.18.0’,[1] ‘4.4.2’
b77768,19692708,2021-04-30T16:28:25Z,COMPLETED,00:14:39,0.1,1,xl,72,[1] ‘1.18.0’,[1] ‘4.4.2’
b77768,19692706,2021-04-30T16:28:25Z,COMPLETED,00:13:44,0.1,1,xl,70,[1] ‘1.18.0’,[1] ‘4.4.2’
b77768,19692745,2021-04-30T16:28:25Z,COMPLETED,00:18:08,0.1,1,xx,9,[1] ‘1.18.0’,[1] ‘4.4.2’
b77768,19692722,2021-04-30T16:28:25Z,COMPLETED,00:13:57,0.1,1,xl,86,[1] ‘1.18.0’,[1] ‘4.4.2’
b77768,19692712,2021-04-30T16:28:25Z,COMPLETED,00:12:52,0.1,1,xl,76,[1] ‘1.18.0’,[1] ‘4.4.2’
b77768,19692752,2021-04-30T16:28:25Z,COMPLETED,00:16:02,0.1,1,xx,16,[1] ‘1.18.0’,[1] ‘4.4.2’
b77768,19692754,2021-04-30T16:28:25Z,COMPLETED,00:17:36,0.1,1,xx,18,[1] ‘1.18.0’,[1] ‘4.4.2’
b77768,19692756,2021-04-30T16:28:25Z,COMPLETED,00:16:51,0.1,1,xx,20,[1] ‘1.18.0’,[1] ‘4.4.2’
b77768,19692750,2021-04-30T16:28:25Z,COMPLETED,00:20:46,0.1,1,xx,14,[1] ‘1.18.0’,[1] ‘4.4.2’
b77768,19692749,2021-04-30T16:28:25Z,COMPLETED,00:18:14,0.1,1,xx,13,[1] ‘1.18.0’,[1] ‘4.4.2’
b77768,19692755,2021-04-30T16:28:25Z,COMPLETED,00:18:23,0.1,1,xx,19,[1] ‘1.18.0’,[1] ‘4.4.2’
b77768,19692751,2021-04-30T16:28:25Z,COMPLETED,00:17:20,0.1,1,xx,15,[1] ‘1.18.0’,[1] ‘4.4.2’
b77768,19692753,2021-04-30T16:28:25Z,COMPLETED,00:17:56,0.1,1,xx,17,[1] ‘1.18.0’,[1] ‘4.4.2’
b77768,19692732,2021-04-30T16:28:25Z,COMPLETED,00:16:33,0.1,1,xl,96,[1] ‘1.18.0’,[1] ‘4.4.2’
b77768,19692710,2021-04-30T16:28:25Z,COMPLETED,00:15:46,0.1,1,xl,74,[1] ‘1.18.0’,[1] ‘4.4.2’
b77768,19692711,2021-04-30T16:28:25Z,COMPLETED,00:13:46,0.1,1,xl,75,[1] ‘1.18.0’,[1] ‘4.4.2’
b77768,19692731,2021-04-30T16:28:25Z,COMPLETED,00:16:05,0.1,1,xl,95,[1] ‘1.18.0’,[1] ‘4.4.2’
b77768,19692729,2021-04-30T16:28:25Z,COMPLETED,00:16:53,0.1,1,xl,93,[1] ‘1.18.0’,[1] ‘4.4.2’
b77768,19693100,2021-04-30T16:28:26Z,COMPLETED,00:22:15,0.1,1,xl2,63,[1] ‘1.18.0’,[1] ‘4.4.2’
b77768,19693090,2021-04-30T16:28:26Z,COMPLETED,00:18:19,0.1,1,xl2,53,[1] ‘1.18.0’,[1] ‘4.4.2’
b77768,19693097,2021-04-30T16:28:26Z,COMPLETED,00:23:05,0.1,1,xl2,60,[1] ‘1.18.0’,[1] ‘4.4.2’
b77768,19693099,2021-04-30T16:28:26Z,COMPLETED,00:15:17,0.1,1,xl2,62,[1] ‘1.18.0’,[1] ‘4.4.2’
b77768,19693101,2021-04-30T16:28:26Z,COMPLETED,00:19:24,0.1,1,xl2,64,[1] ‘1.18.0’,[1] ‘4.4.2’
b77768,19692884,2021-04-30T16:28:27Z,COMPLETED,00:21:20,0.1,1,xc2,48,[1] ‘1.18.0’,[1] ‘4.4.2’
b77768,19692890,2021-04-30T16:28:27Z,COMPLETED,00:19:10,0.1,1,xc2,54,[1] ‘1.18.0’,[1] ‘4.4.2’
b77768,19693098,2021-04-30T16:28:27Z,COMPLETED,00:21:50,0.1,1,xl2,61,[1] ‘1.18.0’,[1] ‘4.4.2’
b77768,19692876,2021-04-30T16:28:27Z,COMPLETED,00:19:50,0.1,1,xc2,40,[1] ‘1.18.0’,[1] ‘4.4.2’
b77768,19692886,2021-04-30T16:28:27Z,COMPLETED,00:21:10,0.1,1,xc2,50,[1] ‘1.18.0’,[1] ‘4.4.2’
b77768,19692900,2021-04-30T16:28:27Z,COMPLETED,00:21:11,0.1,1,xc2,64,[1] ‘1.18.0’,[1] ‘4.4.2’
b77768,19692899,2021-04-30T16:28:27Z,COMPLETED,00:35:17,0.1,1,xc2,63,[1] ‘1.18.0’,[1] ‘4.4.2’
b77768,19693091,2021-04-30T16:28:27Z,COMPLETED,00:17:40,0.1,1,xl2,54,[1] ‘1.18.0’,[1] ‘4.4.2’
b77768,19692878,2021-04-30T16:28:27Z,COMPLETED,00:21:18,0.1,1,xc2,42,[1] ‘1.18.0’,[1] ‘4.4.2’
b77768,19692880,2021-04-30T16:28:27Z,COMPLETED,00:21:24,0.1,1,xc2,44,[1] ‘1.18.0’,[1] ‘4.4.2’
b77768,19692882,2021-04-30T16:28:27Z,COMPLETED,00:24:23,0.1,1,xc2,46,[1] ‘1.18.0’,[1] ‘4.4.2’
b77768,19692889,2021-04-30T16:28:27Z,COMPLETED,00:19:25,0.1,1,xc2,53,[1] ‘1.18.0’,[1] ‘4.4.2’
b77768,19692885,2021-04-30T16:28:27Z,COMPLETED,00:20:45,0.1,1,xc2,49,[1] ‘1.18.0’,[1] ‘4.4.2’
b77768,19692887,2021-04-30T16:28:27Z,COMPLETED,00:18:01,0.1,1,xc2,51,[1] ‘1.18.0’,[1] ‘4.4.2’
b77768,19692883,2021-04-30T16:28:27Z,COMPLETED,00:23:25,0.1,1,xc2,47,[1] ‘1.18.0’,[1] ‘4.4.2’
b77768,19692895,2021-04-30T16:28:27Z,COMPLETED,00:22:13,0.1,1,xc2,59,[1] ‘1.18.0’,[1] ‘4.4.2’
b77768,19693074,2021-04-30T16:28:27Z,COMPLETED,00:18:33,0.1,1,xl2,37,[1] ‘1.18.0’,[1] ‘4.4.2’
b77768,19692881,2021-04-30T16:28:27Z,COMPLETED,00:23:52,0.1,1,xc2,45,[1] ‘1.18.0’,[1] ‘4.4.2’
b77768,19693102,2021-04-30T16:28:27Z,COMPLETED,00:23:07,0.1,1,xl2,65,[1] ‘1.18.0’,[1] ‘4.4.2’
b77768,19692875,2021-04-30T16:28:27Z,COMPLETED,00:22:57,0.1,1,xc2,39,[1] ‘1.18.0’,[1] ‘4.4.2’
b77768,19692879,2021-04-30T16:28:27Z,COMPLETED,00:25:57,0.1,1,xc2,43,[1] ‘1.18.0’,[1] ‘4.4.2’
b77768,19692877,2021-04-30T16:28:27Z,COMPLETED,00:28:25,0.1,1,xc2,41,[1] ‘1.18.0’,[1] ‘4.4.2’
b77768,19692870,2021-04-30T16:28:27Z,COMPLETED,00:21:47,0.1,1,xc2,34,[1] ‘1.18.0’,[1] ‘4.4.2’
b77768,19692893,2021-04-30T16:28:27Z,COMPLETED,00:20:58,0.1,1,xc2,57,[1] ‘1.18.0’,[1] ‘4.4.2’
b77768,19692891,2021-04-30T16:28:27Z,COMPLETED,00:26:45,0.1,1,xc2,55,[1] ‘1.18.0’,[1] ‘4.4.2’
b77768,19692897,2021-04-30T16:28:27Z,COMPLETED,00:25:57,0.1,1,xc2,61,[1] ‘1.18.0’,[1] ‘4.4.2’
b77768,19692888,2021-04-30T16:28:27Z,COMPLETED,00:21:24,0.1,1,xc2,52,[1] ‘1.18.0’,[1] ‘4.4.2’
b77768,19692916,2021-04-30T16:28:27Z,COMPLETED,00:24:05,0.1,1,xc2,80,[1] ‘1.18.0’,[1] ‘4.4.2’
b77768,19692868,2021-04-30T16:28:27Z,COMPLETED,00:22:50,0.1,1,xc2,32,[1] ‘1.18.0’,[1] ‘4.4.2’
b77768,19692915,2021-04-30T16:28:27Z,COMPLETED,00:21:38,0.1,1,xc2,79,[1] ‘1.18.0’,[1] ‘4.4.2’
b77768,19692874,2021-04-30T16:28:27Z,COMPLETED,00:22:54,0.1,1,xc2,38,[1] ‘1.18.0’,[1] ‘4.4.2’
b77768,19692896,2021-04-30T16:28:27Z,COMPLETED,00:22:41,0.1,1,xc2,60,[1] ‘1.18.0’,[1] ‘4.4.2’
b77768,19692894,2021-04-30T16:28:27Z,COMPLETED,00:22:23,0.1,1,xc2,58,[1] ‘1.18.0’,[1] ‘4.4.2’
b77768,19692892,2021-04-30T16:28:27Z,COMPLETED,00:21:26,0.1,1,xc2,56,[1] ‘1.18.0’,[1] ‘4.4.2’
b77768,19692898,2021-04-30T16:28:27Z,COMPLETED,00:21:30,0.1,1,xc2,62,[1] ‘1.18.0’,[1] ‘4.4.2’
b77768,19692905,2021-04-30T16:28:27Z,COMPLETED,00:20:02,0.1,1,xc2,69,[1] ‘1.18.0’,[1] ‘4.4.2’
b77768,19692901,2021-04-30T16:28:27Z,COMPLETED,00:23:35,0.1,1,xc2,65,[1] ‘1.18.0’,[1] ‘4.4.2’
b77768,19692903,2021-04-30T16:28:27Z,COMPLETED,00:19:13,0.1,1,xc2,67,[1] ‘1.18.0’,[1] ‘4.4.2’
b77768,19692872,2021-04-30T16:28:27Z,COMPLETED,00:25:57,0.1,1,xc2,36,[1] ‘1.18.0’,[1] ‘4.4.2’
b77768,19692873,2021-04-30T16:28:27Z,COMPLETED,00:21:01,0.1,1,xc2,37,[1] ‘1.18.0’,[1] ‘4.4.2’
b77768,19692902,2021-04-30T16:28:27Z,COMPLETED,00:22:14,0.1,1,xc2,66,[1] ‘1.18.0’,[1] ‘4.4.2’
b77768,19692904,2021-04-30T16:28:27Z,COMPLETED,00:25:57,0.1,1,xc2,68,[1] ‘1.18.0’,[1] ‘4.4.2’
b77768,19692906,2021-04-30T16:28:27Z,COMPLETED,00:18:41,0.1,1,xc2,70,[1] ‘1.18.0’,[1] ‘4.4.2’
b77768,19692867,2021-04-30T16:28:27Z,COMPLETED,00:20:18,0.1,1,xc2,31,[1] ‘1.18.0’,[1] ‘4.4.2’
b77768,19692914,2021-04-30T16:28:27Z,COMPLETED,00:21:54,0.1,1,xc2,78,[1] ‘1.18.0’,[1] ‘4.4.2’
b77768,19692908,2021-04-30T16:28:27Z,COMPLETED,00:21:56,0.1,1,xc2,72,[1] ‘1.18.0’,[1] ‘4.4.2’
b77768,19692912,2021-04-30T16:28:27Z,COMPLETED,00:18:12,0.1,1,xc2,76,[1] ‘1.18.0’,[1] ‘4.4.2’
b77768,19692910,2021-04-30T16:28:27Z,COMPLETED,00:26:50,0.1,1,xc2,74,[1] ‘1.18.0’,[1] ‘4.4.2’
b77768,19692909,2021-04-30T16:28:27Z,COMPLETED,00:33:27,0.1,1,xc2,73,[1] ‘1.18.0’,[1] ‘4.4.2’
b77768,19692913,2021-04-30T16:28:27Z,COMPLETED,00:24:11,0.1,1,xc2,77,[1] ‘1.18.0’,[1] ‘4.4.2’
b77768,19692911,2021-04-30T16:28:27Z,COMPLETED,00:20:06,0.1,1,xc2,75,[1] ‘1.18.0’,[1] ‘4.4.2’
b77768,19692907,2021-04-30T16:28:27Z,COMPLETED,00:20:32,0.1,1,xc2,71,[1] ‘1.18.0’,[1] ‘4.4.2’
b77768,19692871,2021-04-30T16:28:27Z,COMPLETED,00:19:43,0.1,1,xc2,35,[1] ‘1.18.0’,[1] ‘4.4.2’
b77768,19692869,2021-04-30T16:28:27Z,COMPLETED,00:20:41,0.1,1,xc2,33,[1] ‘1.18.0’,[1] ‘4.4.2’
b77768,19693096,2021-04-30T16:28:27Z,COMPLETED,00:20:33,0.1,1,xl2,59,[1] ‘1.18.0’,[1] ‘4.4.2’
b77768,19692917,2021-04-30T16:28:27Z,COMPLETED,00:22:17,0.1,1,xc2,81,[1] ‘1.18.0’,[1] ‘4.4.2’
b77768,19693092,2021-04-30T16:28:27Z,COMPLETED,00:20:54,0.1,1,xl2,55,[1] ‘1.18.0’,[1] ‘4.4.2’
b77768,19693104,2021-04-30T16:28:27Z,COMPLETED,00:19:30,0.1,1,xl2,67,[1] ‘1.18.0’,[1] ‘4.4.2’
b77768,19692918,2021-04-30T16:28:27Z,COMPLETED,00:22:19,0.1,1,xc2,82,[1] ‘1.18.0’,[1] ‘4.4.2’
b77768,19692920,2021-04-30T16:28:27Z,COMPLETED,00:19:33,0.1,1,xc2,84,[1] ‘1.18.0’,[1] ‘4.4.2’
b77768,19692922,2021-04-30T16:28:28Z,COMPLETED,00:17:30,0.1,1,xc2,86,[1] ‘1.18.0’,[1] ‘4.4.2’
b77768,19693103,2021-04-30T16:28:28Z,COMPLETED,00:22:24,0.1,1,xl2,66,[1] ‘1.18.0’,[1] ‘4.4.2’
b77768,19692921,2021-04-30T16:28:28Z,COMPLETED,00:22:29,0.1,1,xc2,85,[1] ‘1.18.0’,[1] ‘4.4.2’
b77768,19692919,2021-04-30T16:28:28Z,COMPLETED,00:20:28,0.1,1,xc2,83,[1] ‘1.18.0’,[1] ‘4.4.2’
b77768,19692928,2021-04-30T16:28:28Z,COMPLETED,00:21:17,0.1,1,xc2,92,[1] ‘1.18.0’,[1] ‘4.4.2’
b77768,19692926,2021-04-30T16:28:28Z,COMPLETED,00:22:13,0.1,1,xc2,90,[1] ‘1.18.0’,[1] ‘4.4.2’
b77768,19692924,2021-04-30T16:28:28Z,COMPLETED,00:20:53,0.1,1,xc2,88,[1] ‘1.18.0’,[1] ‘4.4.2’
b77768,19692930,2021-04-30T16:28:28Z,COMPLETED,00:19:54,0.1,1,xc2,94,[1] ‘1.18.0’,[1] ‘4.4.2’
b77768,19692925,2021-04-30T16:28:28Z,COMPLETED,00:22:36,0.1,1,xc2,89,[1] ‘1.18.0’,[1] ‘4.4.2’
b77768,19692923,2021-04-30T16:28:28Z,COMPLETED,00:23:15,0.1,1,xc2,87,[1] ‘1.18.0’,[1] ‘4.4.2’
b77768,19692929,2021-04-30T16:28:28Z,COMPLETED,00:21:47,0.1,1,xc2,93,[1] ‘1.18.0’,[1] ‘4.4.2’
b77768,19692927,2021-04-30T16:28:28Z,COMPLETED,00:20:29,0.1,1,xc2,91,[1] ‘1.18.0’,[1] ‘4.4.2’
b77768,19693105,2021-04-30T16:28:28Z,COMPLETED,00:24:09,0.1,1,xl2,68,[1] ‘1.18.0’,[1] ‘4.4.2’
b77768,19693111,2021-04-30T16:28:28Z,COMPLETED,00:26:56,0.1,1,xl2,74,[1] ‘1.18.0’,[1] ‘4.4.2’
b77768,19693085,2021-04-30T16:28:28Z,COMPLETED,00:20:59,0.1,1,xl2,48,[1] ‘1.18.0’,[1] ‘4.4.2’
b77768,19693114,2021-04-30T16:28:28Z,COMPLETED,00:21:23,0.1,1,xl2,77,[1] ‘1.18.0’,[1] ‘4.4.2’
b77768,19693106,2021-04-30T16:28:28Z,COMPLETED,00:20:49,0.1,1,xl2,69,[1] ‘1.18.0’,[1] ‘4.4.2’
b77768,19693108,2021-04-30T16:28:28Z,COMPLETED,00:22:21,0.1,1,xl2,71,[1] ‘1.18.0’,[1] ‘4.4.2’
b77768,19693115,2021-04-30T16:28:28Z,COMPLETED,00:21:45,0.1,1,xl2,78,[1] ‘1.18.0’,[1] ‘4.4.2’
b77768,19693116,2021-04-30T16:28:28Z,COMPLETED,00:21:58,0.1,1,xl2,79,[1] ‘1.18.0’,[1] ‘4.4.2’
b77768,19693113,2021-04-30T16:28:28Z,COMPLETED,00:19:38,0.1,1,xl2,76,[1] ‘1.18.0’,[1] ‘4.4.2’
b77768,19693119,2021-04-30T16:28:28Z,COMPLETED,00:17:22,0.1,1,xl2,82,[1] ‘1.18.0’,[1] ‘4.4.2’
b77768,19693117,2021-04-30T16:28:28Z,COMPLETED,00:23:02,0.1,1,xl2,80,[1] ‘1.18.0’,[1] ‘4.4.2’
b77768,19693118,2021-04-30T16:28:29Z,COMPLETED,00:24:58,0.1,1,xl2,81,[1] ‘1.18.0’,[1] ‘4.4.2’
b77768,19693110,2021-04-30T16:28:29Z,COMPLETED,00:20:33,0.1,1,xl2,73,[1] ‘1.18.0’,[1] ‘4.4.2’
b77768,19693109,2021-04-30T16:28:29Z,COMPLETED,00:20:26,0.1,1,xl2,72,[1] ‘1.18.0’,[1] ‘4.4.2’
b77768,19693107,2021-04-30T16:28:29Z,COMPLETED,00:18:45,0.1,1,xl2,70,[1] ‘1.18.0’,[1] ‘4.4.2’
b77768,19693112,2021-04-30T16:28:29Z,COMPLETED,00:21:25,0.1,1,xl2,75,[1] ‘1.18.0’,[1] ‘4.4.2’
b77768,19693120,2021-04-30T16:28:29Z,COMPLETED,00:19:38,0.1,1,xl2,83,[1] ‘1.18.0’,[1] ‘4.4.2’
b77768,19692980,2021-04-30T16:28:30Z,COMPLETED,00:11:12,0.1,1,lx2,44,[1] ‘1.18.0’,[1] ‘4.4.2’
b77768,19692984,2021-04-30T16:28:30Z,COMPLETED,00:10:42,0.1,1,lx2,48,[1] ‘1.18.0’,[1] ‘4.4.2’
b77768,19692944,2021-04-30T16:28:30Z,COMPLETED,00:10:53,0.1,1,lx2,8,[1] ‘1.18.0’,[1] ‘4.4.2’
b77768,19692940,2021-04-30T16:28:30Z,COMPLETED,00:10:41,0.1,1,lx2,4,[1] ‘1.18.0’,[1] ‘4.4.2’
b77768,19692946,2021-04-30T16:28:30Z,COMPLETED,00:09:48,0.1,1,lx2,10,[1] ‘1.18.0’,[1] ‘4.4.2’
b77768,19692942,2021-04-30T16:28:30Z,COMPLETED,00:11:05,0.1,1,lx2,6,[1] ‘1.18.0’,[1] ‘4.4.2’
b77768,19692981,2021-04-30T16:28:30Z,COMPLETED,00:11:56,0.1,1,lx2,45,[1] ‘1.18.0’,[1] ‘4.4.2’
b77768,19692979,2021-04-30T16:28:30Z,COMPLETED,00:10:54,0.1,1,lx2,43,[1] ‘1.18.0’,[1] ‘4.4.2’
b77768,19692933,2021-04-30T16:28:30Z,COMPLETED,00:21:05,0.1,1,xc2,97,[1] ‘1.18.0’,[1] ‘4.4.2’
b77768,19692932,2021-04-30T16:28:30Z,COMPLETED,00:25:56,0.1,1,xc2,96,[1] ‘1.18.0’,[1] ‘4.4.2’
b77768,19692938,2021-04-30T16:28:30Z,COMPLETED,00:09:41,0.1,1,lx2,2,[1] ‘1.18.0’,[1] ‘4.4.2’
b77768,19692967,2021-04-30T16:28:30Z,COMPLETED,00:10:26,0.1,1,lx2,31,[1] ‘1.18.0’,[1] ‘4.4.2’
b77768,19692934,2021-04-30T16:28:30Z,COMPLETED,00:24:57,0.1,1,xc2,98,[1] ‘1.18.0’,[1] ‘4.4.2’
b77768,19692951,2021-04-30T16:28:30Z,COMPLETED,00:12:13,0.1,1,lx2,15,[1] ‘1.18.0’,[1] ‘4.4.2’
b77768,19692935,2021-04-30T16:28:30Z,COMPLETED,00:23:54,0.1,1,xc2,99,[1] ‘1.18.0’,[1] ‘4.4.2’
b77768,19692983,2021-04-30T16:28:30Z,COMPLETED,00:11:55,0.1,1,lx2,47,[1] ‘1.18.0’,[1] ‘4.4.2’
b77768,19692950,2021-04-30T16:28:30Z,COMPLETED,00:10:25,0.1,1,lx2,14,[1] ‘1.18.0’,[1] ‘4.4.2’
b77768,19692954,2021-04-30T16:28:30Z,COMPLETED,00:10:19,0.1,1,lx2,18,[1] ‘1.18.0’,[1] ‘4.4.2’
b77768,19692952,2021-04-30T16:28:30Z,COMPLETED,00:10:04,0.1,1,lx2,16,[1] ‘1.18.0’,[1] ‘4.4.2’
b77768,19692959,2021-04-30T16:28:30Z,COMPLETED,00:10:00,0.1,1,lx2,23,[1] ‘1.18.0’,[1] ‘4.4.2’
b77768,19692977,2021-04-30T16:28:30Z,COMPLETED,00:11:10,0.1,1,lx2,41,[1] ‘1.18.0’,[1] ‘4.4.2’
b77768,19692971,2021-04-30T16:28:30Z,COMPLETED,00:09:58,0.1,1,lx2,35,[1] ‘1.18.0’,[1] ‘4.4.2’
b77768,19692973,2021-04-30T16:28:30Z,COMPLETED,00:11:46,0.1,1,lx2,37,[1] ‘1.18.0’,[1] ‘4.4.2’
b77768,19692975,2021-04-30T16:28:30Z,COMPLETED,00:11:30,0.1,1,lx2,39,[1] ‘1.18.0’,[1] ‘4.4.2’
b77768,19693047,2021-04-30T16:28:30Z,COMPLETED,00:19:02,0.1,1,xl2,10,[1] ‘1.18.0’,[1] ‘4.4.2’
b77768,19692982,2021-04-30T16:28:30Z,COMPLETED,00:10:47,0.1,1,lx2,46,[1] ‘1.18.0’,[1] ‘4.4.2’
b77768,19692986,2021-04-30T16:28:30Z,COMPLETED,00:12:05,0.1,1,lx2,50,[1] ‘1.18.0’,[1] ‘4.4.2’
b77768,19692941,2021-04-30T16:28:31Z,COMPLETED,00:10:51,0.1,1,lx2,5,[1] ‘1.18.0’,[1] ‘4.4.2’
b77768,19692939,2021-04-30T16:28:31Z,COMPLETED,00:10:26,0.1,1,lx2,3,[1] ‘1.18.0’,[1] ‘4.4.2’
b77768,19692945,2021-04-30T16:28:31Z,COMPLETED,00:12:16,0.1,1,lx2,9,[1] ‘1.18.0’,[1] ‘4.4.2’
b77768,19692943,2021-04-30T16:28:31Z,COMPLETED,00:11:01,0.1,1,lx2,7,[1] ‘1.18.0’,[1] ‘4.4.2’
b77768,19692985,2021-04-30T16:28:31Z,COMPLETED,00:10:23,0.1,1,lx2,49,[1] ‘1.18.0’,[1] ‘4.4.2’
b77768,19692947,2021-04-30T16:28:31Z,COMPLETED,00:10:24,0.1,1,lx2,11,[1] ‘1.18.0’,[1] ‘4.4.2’
b77768,19692953,2021-04-30T16:28:31Z,COMPLETED,00:10:38,0.1,1,lx2,17,[1] ‘1.18.0’,[1] ‘4.4.2’
b77768,19692949,2021-04-30T16:28:31Z,COMPLETED,00:10:59,0.1,1,lx2,13,[1] ‘1.18.0’,[1] ‘4.4.2’
b77768,19692948,2021-04-30T16:28:31Z,COMPLETED,00:10:24,0.1,1,lx2,12,[1] ‘1.18.0’,[1] ‘4.4.2’
b77768,19692936,2021-04-30T16:28:31Z,COMPLETED,00:19:52,0.1,1,xc2,100,[1] ‘1.18.0’,[1] ‘4.4.2’
b77768,19692976,2021-04-30T16:28:31Z,COMPLETED,00:10:11,0.1,1,lx2,40,[1] ‘1.18.0’,[1] ‘4.4.2’
b77768,19692974,2021-04-30T16:28:31Z,COMPLETED,00:10:19,0.1,1,lx2,38,[1] ‘1.18.0’,[1] ‘4.4.2’
b77768,19692978,2021-04-30T16:28:31Z,COMPLETED,00:11:04,0.1,1,lx2,42,[1] ‘1.18.0’,[1] ‘4.4.2’
b77768,19692972,2021-04-30T16:28:31Z,COMPLETED,00:09:59,0.1,1,lx2,36,[1] ‘1.18.0’,[1] ‘4.4.2’
b77768,19692957,2021-04-30T16:28:31Z,COMPLETED,00:11:13,0.1,1,lx2,21,[1] ‘1.18.0’,[1] ‘4.4.2’
b77768,19692955,2021-04-30T16:28:31Z,COMPLETED,00:12:04,0.1,1,lx2,19,[1] ‘1.18.0’,[1] ‘4.4.2’
b77768,19692961,2021-04-30T16:28:31Z,COMPLETED,00:10:28,0.1,1,lx2,25,[1] ‘1.18.0’,[1] ‘4.4.2’
b77768,19692931,2021-04-30T16:28:31Z,COMPLETED,00:20:47,0.1,1,xc2,95,[1] ‘1.18.0’,[1] ‘4.4.2’
b77768,19692937,2021-04-30T16:28:31Z,COMPLETED,00:13:01,0.1,1,lx2,1,[1] ‘1.18.0’,[1] ‘4.4.2’
b77768,19692965,2021-04-30T16:28:31Z,COMPLETED,00:11:32,0.1,1,lx2,29,[1] ‘1.18.0’,[1] ‘4.4.2’
b77768,19692969,2021-04-30T16:28:31Z,COMPLETED,00:10:32,0.1,1,lx2,33,[1] ‘1.18.0’,[1] ‘4.4.2’
b77768,19692963,2021-04-30T16:28:31Z,COMPLETED,00:10:42,0.1,1,lx2,27,[1] ‘1.18.0’,[1] ‘4.4.2’
b77768,19692958,2021-04-30T16:28:31Z,COMPLETED,00:10:13,0.1,1,lx2,22,[1] ‘1.18.0’,[1] ‘4.4.2’
b77768,19692956,2021-04-30T16:28:31Z,COMPLETED,00:10:34,0.1,1,lx2,20,[1] ‘1.18.0’,[1] ‘4.4.2’
b77768,19692962,2021-04-30T16:28:31Z,COMPLETED,00:08:55,0.1,1,lx2,26,[1] ‘1.18.0’,[1] ‘4.4.2’
b77768,19692960,2021-04-30T16:28:31Z,COMPLETED,00:10:07,0.1,1,lx2,24,[1] ‘1.18.0’,[1] ‘4.4.2’
b77768,19692966,2021-04-30T16:28:31Z,COMPLETED,00:11:01,0.1,1,lx2,30,[1] ‘1.18.0’,[1] ‘4.4.2’
b77768,19692964,2021-04-30T16:28:31Z,COMPLETED,00:10:05,0.1,1,lx2,28,[1] ‘1.18.0’,[1] ‘4.4.2’
b77768,19692968,2021-04-30T16:28:31Z,COMPLETED,00:10:32,0.1,1,lx2,32,[1] ‘1.18.0’,[1] ‘4.4.2’
b77768,19692970,2021-04-30T16:28:31Z,COMPLETED,00:11:38,0.1,1,lx2,34,[1] ‘1.18.0’,[1] ‘4.4.2’
b77768,19692990,2021-04-30T16:28:31Z,COMPLETED,00:10:20,0.1,1,lx2,54,[1] ‘1.18.0’,[1] ‘4.4.2’
b77768,19692988,2021-04-30T16:28:31Z,COMPLETED,00:11:08,0.1,1,lx2,52,[1] ‘1.18.0’,[1] ‘4.4.2’
b77768,19692991,2021-04-30T16:28:31Z,COMPLETED,00:10:33,0.1,1,lx2,55,[1] ‘1.18.0’,[1] ‘4.4.2’
b77768,19692989,2021-04-30T16:28:31Z,COMPLETED,00:09:42,0.1,1,lx2,53,[1] ‘1.18.0’,[1] ‘4.4.2’
b77768,19692987,2021-04-30T16:28:31Z,COMPLETED,00:10:56,0.1,1,lx2,51,[1] ‘1.18.0’,[1] ‘4.4.2’
b77768,19693002,2021-04-30T16:28:31Z,COMPLETED,00:10:54,0.1,1,lx2,66,[1] ‘1.18.0’,[1] ‘4.4.2’
b77768,19693006,2021-04-30T16:28:31Z,COMPLETED,00:10:07,0.1,1,lx2,70,[1] ‘1.18.0’,[1] ‘4.4.2’
b77768,19693041,2021-04-30T16:28:31Z,COMPLETED,00:23:09,0.1,1,xl2,4,[1] ‘1.18.0’,[1] ‘4.4.2’
b77768,19693043,2021-04-30T16:28:31Z,COMPLETED,00:20:21,0.1,1,xl2,6,[1] ‘1.18.0’,[1] ‘4.4.2’
b77768,19693027,2021-04-30T16:28:31Z,COMPLETED,00:11:22,0.1,1,lx2,90,[1] ‘1.18.0’,[1] ‘4.4.2’
b77768,19693029,2021-04-30T16:28:31Z,COMPLETED,00:09:41,0.1,1,lx2,92,[1] ‘1.18.0’,[1] ‘4.4.2’
b77768,19693004,2021-04-30T16:28:31Z,COMPLETED,00:10:37,0.1,1,lx2,68,[1] ‘1.18.0’,[1] ‘4.4.2’
b77768,19692996,2021-04-30T16:28:31Z,COMPLETED,00:10:33,0.1,1,lx2,60,[1] ‘1.18.0’,[1] ‘4.4.2’
b77768,19692998,2021-04-30T16:28:32Z,COMPLETED,00:11:02,0.1,1,lx2,62,[1] ‘1.18.0’,[1] ‘4.4.2’
b77768,19693017,2021-04-30T16:28:32Z,COMPLETED,00:10:17,0.1,1,lx2,80,[1] ‘1.18.0’,[1] ‘4.4.2’
b77768,19693021,2021-04-30T16:28:32Z,COMPLETED,00:10:08,0.1,1,lx2,84,[1] ‘1.18.0’,[1] ‘4.4.2’
b77768,19693019,2021-04-30T16:28:32Z,COMPLETED,00:09:17,0.1,1,lx2,82,[1] ‘1.18.0’,[1] ‘4.4.2’
b77768,19693000,2021-04-30T16:28:32Z,COMPLETED,00:10:45,0.1,1,lx2,64,[1] ‘1.18.0’,[1] ‘4.4.2’
b77768,19693051,2021-04-30T16:28:32Z,COMPLETED,00:26:46,0.1,1,xl2,14,[1] ‘1.18.0’,[1] ‘4.4.2’
b77768,19693003,2021-04-30T16:28:32Z,COMPLETED,00:10:36,0.1,1,lx2,67,[1] ‘1.18.0’,[1] ‘4.4.2’
b77768,19693001,2021-04-30T16:28:32Z,COMPLETED,00:10:43,0.1,1,lx2,65,[1] ‘1.18.0’,[1] ‘4.4.2’
b77768,19693007,2021-04-30T16:28:32Z,COMPLETED,00:09:00,0.1,1,lx2,71,[1] ‘1.18.0’,[1] ‘4.4.2’
b77768,19693018,2021-04-30T16:28:32Z,COMPLETED,00:09:58,0.1,1,lx2,81,[1] ‘1.18.0’,[1] ‘4.4.2’
b77768,19692992,2021-04-30T16:28:32Z,COMPLETED,00:09:42,0.1,1,lx2,56,[1] ‘1.18.0’,[1] ‘4.4.2’
b77768,19693045,2021-04-30T16:28:32Z,COMPLETED,00:20:33,0.1,1,xl2,8,[1] ‘1.18.0’,[1] ‘4.4.2’
b77768,19693010,2021-04-30T16:28:32Z,COMPLETED,00:09:56,0.1,1,lx2,73,[1] ‘1.18.0’,[1] ‘4.4.2’
b77768,19693023,2021-04-30T16:28:32Z,COMPLETED,00:09:20,0.1,1,lx2,86,[1] ‘1.18.0’,[1] ‘4.4.2’
b77768,19693005,2021-04-30T16:28:32Z,COMPLETED,00:09:29,0.1,1,lx2,69,[1] ‘1.18.0’,[1] ‘4.4.2’
b77768,19693032,2021-04-30T16:28:32Z,COMPLETED,00:11:09,0.1,1,lx2,95,[1] ‘1.18.0’,[1] ‘4.4.2’
b77768,19693020,2021-04-30T16:28:32Z,COMPLETED,00:10:15,0.1,1,lx2,83,[1] ‘1.18.0’,[1] ‘4.4.2’
b77768,19693024,2021-04-30T16:28:32Z,COMPLETED,00:11:27,0.1,1,lx2,87,[1] ‘1.18.0’,[1] ‘4.4.2’
b77768,19693022,2021-04-30T16:28:32Z,COMPLETED,00:10:38,0.1,1,lx2,85,[1] ‘1.18.0’,[1] ‘4.4.2’
b77768,19693028,2021-04-30T16:28:32Z,COMPLETED,00:11:19,0.1,1,lx2,91,[1] ‘1.18.0’,[1] ‘4.4.2’
b77768,19693030,2021-04-30T16:28:32Z,COMPLETED,00:10:52,0.1,1,lx2,93,[1] ‘1.18.0’,[1] ‘4.4.2’
b77768,19693012,2021-04-30T16:28:32Z,COMPLETED,00:10:06,0.1,1,lx2,75,[1] ‘1.18.0’,[1] ‘4.4.2’
b77768,19693016,2021-04-30T16:28:32Z,COMPLETED,00:10:41,0.1,1,lx2,79,[1] ‘1.18.0’,[1] ‘4.4.2’
b77768,19693046,2021-04-30T16:28:32Z,COMPLETED,00:22:37,0.1,1,xl2,9,[1] ‘1.18.0’,[1] ‘4.4.2’
b77768,19693042,2021-04-30T16:28:32Z,COMPLETED,00:20:31,0.1,1,xl2,5,[1] ‘1.18.0’,[1] ‘4.4.2’
b77768,19693044,2021-04-30T16:28:32Z,COMPLETED,00:23:31,0.1,1,xl2,7,[1] ‘1.18.0’,[1] ‘4.4.2’
b77768,19693048,2021-04-30T16:28:32Z,COMPLETED,00:17:27,0.1,1,xl2,11,[1] ‘1.18.0’,[1] ‘4.4.2’
b77768,19693014,2021-04-30T16:28:32Z,COMPLETED,00:10:06,0.1,1,lx2,77,[1] ‘1.18.0’,[1] ‘4.4.2’
b77768,19693055,2021-04-30T16:28:32Z,COMPLETED,00:21:59,0.1,1,xl2,18,[1] ‘1.18.0’,[1] ‘4.4.2’
b77768,19693053,2021-04-30T16:28:32Z,COMPLETED,00:23:09,0.1,1,xl2,16,[1] ‘1.18.0’,[1] ‘4.4.2’
b77768,19693025,2021-04-30T16:28:32Z,COMPLETED,00:10:33,0.1,1,lx2,88,[1] ‘1.18.0’,[1] ‘4.4.2’
b77768,19693031,2021-04-30T16:28:32Z,COMPLETED,00:10:19,0.1,1,lx2,94,[1] ‘1.18.0’,[1] ‘4.4.2’
b77768,19693026,2021-04-30T16:28:32Z,COMPLETED,00:10:10,0.1,1,lx2,89,[1] ‘1.18.0’,[1] ‘4.4.2’
b77768,19692997,2021-04-30T16:28:32Z,COMPLETED,00:11:16,0.1,1,lx2,61,[1] ‘1.18.0’,[1] ‘4.4.2’
b77768,19692993,2021-04-30T16:28:32Z,COMPLETED,00:11:00,0.1,1,lx2,57,[1] ‘1.18.0’,[1] ‘4.4.2’
b77768,19692995,2021-04-30T16:28:32Z,COMPLETED,00:10:48,0.1,1,lx2,59,[1] ‘1.18.0’,[1] ‘4.4.2’
b77768,19693056,2021-04-30T16:28:33Z,COMPLETED,00:21:18,0.1,1,xl2,19,[1] ‘1.18.0’,[1] ‘4.4.2’
b77768,19693050,2021-04-30T16:28:33Z,COMPLETED,00:21:17,0.1,1,xl2,13,[1] ‘1.18.0’,[1] ‘4.4.2’
b77768,19693054,2021-04-30T16:28:33Z,COMPLETED,00:20:57,0.1,1,xl2,17,[1] ‘1.18.0’,[1] ‘4.4.2’
b77768,19693052,2021-04-30T16:28:33Z,COMPLETED,00:21:34,0.1,1,xl2,15,[1] ‘1.18.0’,[1] ‘4.4.2’
b77768,19693049,2021-04-30T16:28:33Z,COMPLETED,00:20:09,0.1,1,xl2,12,[1] ‘1.18.0’,[1] ‘4.4.2’
b77768,19693011,2021-04-30T16:28:33Z,COMPLETED,00:11:38,0.1,1,lx2,74,[1] ‘1.18.0’,[1] ‘4.4.2’
b77768,19693008,2021-04-30T16:28:33Z,COMPLETED,00:11:09,0.1,1,lx2,72,[1] ‘1.18.0’,[1] ‘4.4.2’
b77768,19693015,2021-04-30T16:28:33Z,COMPLETED,00:12:02,0.1,1,lx2,78,[1] ‘1.18.0’,[1] ‘4.4.2’
b77768,19692999,2021-04-30T16:28:33Z,COMPLETED,00:09:38,0.1,1,lx2,63,[1] ‘1.18.0’,[1] ‘4.4.2’
b77768,19693013,2021-04-30T16:28:33Z,COMPLETED,00:10:32,0.1,1,lx2,76,[1] ‘1.18.0’,[1] ‘4.4.2’
b77768,19692994,2021-04-30T16:28:33Z,COMPLETED,00:12:14,0.1,1,lx2,58,[1] ‘1.18.0’,[1] ‘4.4.2’
b77768,19693040,2021-04-30T16:28:33Z,COMPLETED,00:23:00,0.1,1,xl2,3,[1] ‘1.18.0’,[1] ‘4.4.2’
b77768,19693036,2021-04-30T16:28:33Z,COMPLETED,00:10:39,0.1,1,lx2,99,[1] ‘1.18.0’,[1] ‘4.4.2’
b77768,19693038,2021-04-30T16:28:33Z,COMPLETED,00:22:08,0.1,1,xl2,1,[1] ‘1.18.0’,[1] ‘4.4.2’
b77768,19693034,2021-04-30T16:28:33Z,COMPLETED,00:10:01,0.1,1,lx2,97,[1] ‘1.18.0’,[1] ‘4.4.2’
b77768,19693033,2021-04-30T16:28:33Z,COMPLETED,00:09:46,0.1,1,lx2,96,[1] ‘1.18.0’,[1] ‘4.4.2’
b77768,19693039,2021-04-30T16:28:33Z,COMPLETED,00:20:02,0.1,1,xl2,2,[1] ‘1.18.0’,[1] ‘4.4.2’
b77768,19693037,2021-04-30T16:28:33Z,COMPLETED,00:10:46,0.1,1,lx2,100,[1] ‘1.18.0’,[1] ‘4.4.2’
b77768,19693035,2021-04-30T16:28:33Z,COMPLETED,00:10:50,0.1,1,lx2,98,[1] ‘1.18.0’,[1] ‘4.4.2’
b77768,19693121,2021-04-30T16:34:44Z,COMPLETED,00:17:36,0.1,1,xl2,84,[1] ‘1.18.0’,[1] ‘4.4.2’
b77768,19693122,2021-04-30T16:35:02Z,COMPLETED,00:19:07,0.1,1,xl2,85,[1] ‘1.18.0’,[1] ‘4.4.2’
b77768,19693123,2021-04-30T16:35:07Z,COMPLETED,00:18:51,0.1,1,xl2,86,[1] ‘1.18.0’,[1] ‘4.4.2’
b77768,19693124,2021-04-30T16:35:08Z,COMPLETED,00:22:07,0.1,1,xl2,87,[1] ‘1.18.0’,[1] ‘4.4.2’
b77768,19693126,2021-04-30T16:35:22Z,COMPLETED,00:16:54,0.1,1,xl2,89,[1] ‘1.18.0’,[1] ‘4.4.2’
b77768,19693127,2021-04-30T16:35:23Z,COMPLETED,00:21:56,0.1,1,xl2,90,[1] ‘1.18.0’,[1] ‘4.4.2’
b77768,19693128,2021-04-30T16:35:28Z,COMPLETED,00:17:44,0.1,1,xl2,91,[1] ‘1.18.0’,[1] ‘4.4.2’
b77768,19693129,2021-04-30T16:35:30Z,COMPLETED,00:20:51,0.1,1,xl2,92,[1] ‘1.18.0’,[1] ‘4.4.2’
b77768,19693125,2021-04-30T16:35:31Z,COMPLETED,00:20:08,0.1,1,xl2,88,[1] ‘1.18.0’,[1] ‘4.4.2’
b77768,19693131,2021-04-30T16:35:40Z,COMPLETED,00:18:28,0.1,1,xl2,94,[1] ‘1.18.0’,[1] ‘4.4.2’
b77768,19693133,2021-04-30T16:35:42Z,COMPLETED,00:20:33,0.1,1,xl2,96,[1] ‘1.18.0’,[1] ‘4.4.2’
b77768,19693134,2021-04-30T16:35:45Z,COMPLETED,00:22:29,0.1,1,xl2,97,[1] ‘1.18.0’,[1] ‘4.4.2’
b77768,19693132,2021-04-30T16:35:46Z,COMPLETED,00:19:22,0.1,1,xl2,95,[1] ‘1.18.0’,[1] ‘4.4.2’
b77768,19693130,2021-04-30T16:35:46Z,COMPLETED,00:20:13,0.1,1,xl2,93,[1] ‘1.18.0’,[1] ‘4.4.2’
b77768,19693135,2021-04-30T16:35:46Z,COMPLETED,00:18:37,0.1,1,xl2,98,[1] ‘1.18.0’,[1] ‘4.4.2’
b77768,19693136,2021-04-30T16:35:50Z,COMPLETED,00:24:25,0.1,1,xl2,99,[1] ‘1.18.0’,[1] ‘4.4.2’
b77768,19693137,2021-04-30T16:35:50Z,COMPLETED,00:18:44,0.1,1,xl2,100,[1] ‘1.18.0’,[1] ‘4.4.2’
b77768,19693138,2021-04-30T16:35:57Z,COMPLETED,00:19:24,0.1,1,xx2,1,[1] ‘1.18.0’,[1] ‘4.4.2’
b77768,19693139,2021-04-30T16:35:59Z,COMPLETED,00:16:12,0.1,1,xx2,2,[1] ‘1.18.0’,[1] ‘4.4.2’
b77768,19693140,2021-04-30T16:36:02Z,COMPLETED,00:18:47,0.1,1,xx2,3,[1] ‘1.18.0’,[1] ‘4.4.2’
b77768,19693142,2021-04-30T16:36:03Z,COMPLETED,00:17:55,0.1,1,xx2,5,[1] ‘1.18.0’,[1] ‘4.4.2’
b77768,19693141,2021-04-30T16:36:03Z,COMPLETED,00:20:50,0.1,1,xx2,4,[1] ‘1.18.0’,[1] ‘4.4.2’
b77768,19693143,2021-04-30T16:36:04Z,COMPLETED,00:16:44,0.1,1,xx2,6,[1] ‘1.18.0’,[1] ‘4.4.2’
b77768,19693144,2021-04-30T16:36:07Z,COMPLETED,00:18:44,0.1,1,xx2,7,[1] ‘1.18.0’,[1] ‘4.4.2’
b77768,19693145,2021-04-30T16:36:08Z,COMPLETED,00:25:46,0.1,1,xx2,8,[1] ‘1.18.0’,[1] ‘4.4.2’
b77768,19693146,2021-04-30T16:36:08Z,COMPLETED,00:16:09,0.1,1,xx2,9,[1] ‘1.18.0’,[1] ‘4.4.2’
b77768,19693147,2021-04-30T16:36:08Z,COMPLETED,00:13:34,0.1,1,xx2,10,[1] ‘1.18.0’,[1] ‘4.4.2’
b77768,19693149,2021-04-30T16:36:10Z,COMPLETED,00:17:48,0.1,1,xx2,12,[1] ‘1.18.0’,[1] ‘4.4.2’
b77768,19693148,2021-04-30T16:36:10Z,COMPLETED,00:17:48,0.1,1,xx2,11,[1] ‘1.18.0’,[1] ‘4.4.2’
b77768,19693151,2021-04-30T16:36:17Z,COMPLETED,00:23:16,0.1,1,xx2,14,[1] ‘1.18.0’,[1] ‘4.4.2’
b77768,19693150,2021-04-30T16:36:17Z,COMPLETED,00:16:19,0.1,1,xx2,13,[1] ‘1.18.0’,[1] ‘4.4.2’
b77768,19693152,2021-04-30T16:36:17Z,COMPLETED,00:17:53,0.1,1,xx2,15,[1] ‘1.18.0’,[1] ‘4.4.2’
b77768,19693154,2021-04-30T16:36:17Z,COMPLETED,00:18:10,0.1,1,xx2,17,[1] ‘1.18.0’,[1] ‘4.4.2’
b77768,19693153,2021-04-30T16:36:17Z,COMPLETED,00:15:54,0.1,1,xx2,16,[1] ‘1.18.0’,[1] ‘4.4.2’
b77768,19693155,2021-04-30T16:36:17Z,COMPLETED,00:20:22,0.1,1,xx2,18,[1] ‘1.18.0’,[1] ‘4.4.2’
b77768,19693156,2021-04-30T16:36:17Z,COMPLETED,00:18:43,0.1,1,xx2,19,[1] ‘1.18.0’,[1] ‘4.4.2’
b77768,19693157,2021-04-30T16:36:18Z,COMPLETED,00:18:53,0.1,1,xx2,20,[1] ‘1.18.0’,[1] ‘4.4.2’
b77768,19693158,2021-04-30T16:36:20Z,COMPLETED,00:19:24,0.1,1,xx2,21,[1] ‘1.18.0’,[1] ‘4.4.2’
b77768,19693159,2021-04-30T16:36:20Z,COMPLETED,00:18:51,0.1,1,xx2,22,[1] ‘1.18.0’,[1] ‘4.4.2’
b77768,19693160,2021-04-30T16:36:20Z,COMPLETED,00:17:38,0.1,1,xx2,23,[1] ‘1.18.0’,[1] ‘4.4.2’
b77768,19693161,2021-04-30T16:36:20Z,COMPLETED,00:13:04,0.1,1,xx2,24,[1] ‘1.18.0’,[1] ‘4.4.2’
b77768,19693162,2021-04-30T16:36:26Z,COMPLETED,00:16:12,0.1,1,xx2,25,[1] ‘1.18.0’,[1] ‘4.4.2’
b77768,19693163,2021-04-30T16:36:31Z,COMPLETED,00:17:54,0.1,1,xx2,26,[1] ‘1.18.0’,[1] ‘4.4.2’
b77768,19693164,2021-04-30T16:36:32Z,COMPLETED,00:18:06,0.1,1,xx2,27,[1] ‘1.18.0’,[1] ‘4.4.2’
b77768,19693165,2021-04-30T16:36:34Z,COMPLETED,00:17:27,0.1,1,xx2,28,[1] ‘1.18.0’,[1] ‘4.4.2’
b77768,19693166,2021-04-30T16:36:35Z,COMPLETED,00:17:34,0.1,1,xx2,29,[1] ‘1.18.0’,[1] ‘4.4.2’
b77768,19693167,2021-04-30T16:36:35Z,COMPLETED,00:24:03,0.1,1,xx2,30,[1] ‘1.18.0’,[1] ‘4.4.2’
b77768,19693168,2021-04-30T16:36:37Z,COMPLETED,00:23:04,0.1,1,xx2,31,[1] ‘1.18.0’,[1] ‘4.4.2’
b77768,19693169,2021-04-30T16:36:37Z,COMPLETED,00:14:25,0.1,1,xx2,32,[1] ‘1.18.0’,[1] ‘4.4.2’
b77768,19693170,2021-04-30T16:36:40Z,COMPLETED,00:19:08,0.1,1,xx2,33,[1] ‘1.18.0’,[1] ‘4.4.2’
b77768,19693171,2021-04-30T16:36:40Z,COMPLETED,00:18:02,0.1,1,xx2,34,[1] ‘1.18.0’,[1] ‘4.4.2’
b77768,19693173,2021-04-30T16:36:44Z,COMPLETED,00:15:34,0.1,1,xx2,36,[1] ‘1.18.0’,[1] ‘4.4.2’
b77768,19693174,2021-04-30T16:36:44Z,COMPLETED,00:18:56,0.1,1,xx2,37,[1] ‘1.18.0’,[1] ‘4.4.2’
b77768,19693172,2021-04-30T16:36:44Z,COMPLETED,00:15:26,0.1,1,xx2,35,[1] ‘1.18.0’,[1] ‘4.4.2’
b77768,19693175,2021-04-30T16:36:44Z,COMPLETED,00:20:23,0.1,1,xx2,38,[1] ‘1.18.0’,[1] ‘4.4.2’
b77768,19693176,2021-04-30T16:36:45Z,COMPLETED,00:18:33,0.1,1,xx2,39,[1] ‘1.18.0’,[1] ‘4.4.2’
b77768,19693177,2021-04-30T16:36:47Z,COMPLETED,00:15:45,0.1,1,xx2,40,[1] ‘1.18.0’,[1] ‘4.4.2’
b77768,19693178,2021-04-30T16:36:47Z,COMPLETED,00:22:01,0.1,1,xx2,41,[1] ‘1.18.0’,[1] ‘4.4.2’
b77768,19693179,2021-04-30T16:36:51Z,COMPLETED,00:18:48,0.1,1,xx2,42,[1] ‘1.18.0’,[1] ‘4.4.2’
b77768,19693180,2021-04-30T16:36:53Z,COMPLETED,00:20:07,0.1,1,xx2,43,[1] ‘1.18.0’,[1] ‘4.4.2’
b77768,19693181,2021-04-30T16:36:54Z,COMPLETED,00:21:01,0.1,1,xx2,44,[1] ‘1.18.0’,[1] ‘4.4.2’
b77768,19693183,2021-04-30T16:36:58Z,COMPLETED,00:17:51,0.1,1,xx2,46,[1] ‘1.18.0’,[1] ‘4.4.2’
b77768,19693182,2021-04-30T16:36:58Z,COMPLETED,00:17:11,0.1,1,xx2,45,[1] ‘1.18.0’,[1] ‘4.4.2’
b77768,19693185,2021-04-30T16:36:59Z,COMPLETED,00:16:59,0.1,1,xx2,48,[1] ‘1.18.0’,[1] ‘4.4.2’
b77768,19693184,2021-04-30T16:37:00Z,COMPLETED,00:21:22,0.1,1,xx2,47,[1] ‘1.18.0’,[1] ‘4.4.2’
b77768,19693186,2021-04-30T16:37:01Z,COMPLETED,00:19:20,0.1,1,xx2,49,[1] ‘1.18.0’,[1] ‘4.4.2’
b77768,19693187,2021-04-30T16:37:04Z,COMPLETED,00:19:13,0.1,1,xx2,50,[1] ‘1.18.0’,[1] ‘4.4.2’
b77768,19693188,2021-04-30T16:37:06Z,COMPLETED,00:15:26,0.1,1,xx2,51,[1] ‘1.18.0’,[1] ‘4.4.2’
b77768,19693189,2021-04-30T16:37:06Z,COMPLETED,00:16:53,0.1,1,xx2,52,[1] ‘1.18.0’,[1] ‘4.4.2’
b77768,19693190,2021-04-30T16:37:08Z,COMPLETED,00:14:59,0.1,1,xx2,53,[1] ‘1.18.0’,[1] ‘4.4.2’
b77768,19693191,2021-04-30T16:37:08Z,COMPLETED,00:13:34,0.1,1,xx2,54,[1] ‘1.18.0’,[1] ‘4.4.2’
b77768,19693192,2021-04-30T16:37:10Z,COMPLETED,00:14:43,0.1,1,xx2,55,[1] ‘1.18.0’,[1] ‘4.4.2’
b77768,19693193,2021-04-30T16:37:13Z,COMPLETED,00:20:26,0.1,1,xx2,56,[1] ‘1.18.0’,[1] ‘4.4.2’
b77768,19693195,2021-04-30T16:37:14Z,COMPLETED,00:17:38,0.1,1,xx2,58,[1] ‘1.18.0’,[1] ‘4.4.2’
b77768,19693196,2021-04-30T16:37:14Z,COMPLETED,00:15:54,0.1,1,xx2,59,[1] ‘1.18.0’,[1] ‘4.4.2’
b77768,19693194,2021-04-30T16:37:14Z,COMPLETED,00:16:46,0.1,1,xx2,57,[1] ‘1.18.0’,[1] ‘4.4.2’
b77768,19693197,2021-04-30T16:37:15Z,COMPLETED,00:21:21,0.1,1,xx2,60,[1] ‘1.18.0’,[1] ‘4.4.2’
b77768,19693198,2021-04-30T16:37:16Z,COMPLETED,00:23:08,0.1,1,xx2,61,[1] ‘1.18.0’,[1] ‘4.4.2’
b77768,19693199,2021-04-30T16:37:16Z,COMPLETED,00:13:14,0.1,1,xx2,62,[1] ‘1.18.0’,[1] ‘4.4.2’
b77768,19693200,2021-04-30T16:37:16Z,COMPLETED,00:20:20,0.1,1,xx2,63,[1] ‘1.18.0’,[1] ‘4.4.2’
b77768,19693201,2021-04-30T16:37:19Z,COMPLETED,00:20:44,0.1,1,xx2,64,[1] ‘1.18.0’,[1] ‘4.4.2’
b77768,19693202,2021-04-30T16:37:20Z,COMPLETED,00:18:44,0.1,1,xx2,65,[1] ‘1.18.0’,[1] ‘4.4.2’
b77768,19693203,2021-04-30T16:37:22Z,COMPLETED,00:17:08,0.1,1,xx2,66,[1] ‘1.18.0’,[1] ‘4.4.2’
b77768,19693207,2021-04-30T16:37:23Z,COMPLETED,00:15:48,0.1,1,xx2,70,[1] ‘1.18.0’,[1] ‘4.4.2’
b77768,19693204,2021-04-30T16:37:23Z,COMPLETED,00:15:44,0.1,1,xx2,67,[1] ‘1.18.0’,[1] ‘4.4.2’
b77768,19693205,2021-04-30T16:37:23Z,COMPLETED,00:17:25,0.1,1,xx2,68,[1] ‘1.18.0’,[1] ‘4.4.2’
b77768,19693206,2021-04-30T16:37:23Z,COMPLETED,00:14:50,0.1,1,xx2,69,[1] ‘1.18.0’,[1] ‘4.4.2’
b77768,19693209,2021-04-30T16:37:25Z,COMPLETED,00:19:56,0.1,1,xx2,72,[1] ‘1.18.0’,[1] ‘4.4.2’
b77768,19693208,2021-04-30T16:37:25Z,COMPLETED,00:17:23,0.1,1,xx2,71,[1] ‘1.18.0’,[1] ‘4.4.2’
b77768,19693213,2021-04-30T16:37:27Z,COMPLETED,00:15:17,0.1,1,xx2,76,[1] ‘1.18.0’,[1] ‘4.4.2’
b77768,19693210,2021-04-30T16:37:27Z,COMPLETED,00:18:48,0.1,1,xx2,73,[1] ‘1.18.0’,[1] ‘4.4.2’
b77768,19693211,2021-04-30T16:37:27Z,COMPLETED,00:17:11,0.1,1,xx2,74,[1] ‘1.18.0’,[1] ‘4.4.2’
b77768,19693212,2021-04-30T16:37:27Z,COMPLETED,00:14:56,0.1,1,xx2,75,[1] ‘1.18.0’,[1] ‘4.4.2’
b77768,19693215,2021-04-30T16:37:29Z,COMPLETED,00:17:08,0.1,1,xx2,78,[1] ‘1.18.0’,[1] ‘4.4.2’
b77768,19693214,2021-04-30T16:37:29Z,COMPLETED,00:17:16,0.1,1,xx2,77,[1] ‘1.18.0’,[1] ‘4.4.2’
b77768,19693216,2021-04-30T16:37:30Z,COMPLETED,00:19:25,0.1,1,xx2,79,[1] ‘1.18.0’,[1] ‘4.4.2’
b77768,19693217,2021-04-30T16:37:30Z,COMPLETED,00:20:09,0.1,1,xx2,80,[1] ‘1.18.0’,[1] ‘4.4.2’
b77768,19693218,2021-04-30T16:37:31Z,COMPLETED,00:19:43,0.1,1,xx2,81,[1] ‘1.18.0’,[1] ‘4.4.2’
b77768,19693220,2021-04-30T16:37:33Z,COMPLETED,00:22:45,0.1,1,xx2,83,[1] ‘1.18.0’,[1] ‘4.4.2’
b77768,19693221,2021-04-30T16:37:33Z,COMPLETED,00:18:56,0.1,1,xx2,84,[1] ‘1.18.0’,[1] ‘4.4.2’
b77768,19693222,2021-04-30T16:37:33Z,COMPLETED,00:19:12,0.1,1,xx2,85,[1] ‘1.18.0’,[1] ‘4.4.2’
b77768,19693219,2021-04-30T16:37:33Z,COMPLETED,00:17:42,0.1,1,xx2,82,[1] ‘1.18.0’,[1] ‘4.4.2’
b77768,19693226,2021-04-30T16:37:34Z,COMPLETED,00:14:46,0.1,1,xx2,89,[1] ‘1.18.0’,[1] ‘4.4.2’
b77768,19693223,2021-04-30T16:37:34Z,COMPLETED,00:14:50,0.1,1,xx2,86,[1] ‘1.18.0’,[1] ‘4.4.2’
b77768,19693225,2021-04-30T16:37:34Z,COMPLETED,00:16:24,0.1,1,xx2,88,[1] ‘1.18.0’,[1] ‘4.4.2’
b77768,19693224,2021-04-30T16:37:34Z,COMPLETED,00:20:07,0.1,1,xx2,87,[1] ‘1.18.0’,[1] ‘4.4.2’
b77768,19693229,2021-04-30T16:37:36Z,COMPLETED,00:18:15,0.1,1,xx2,92,[1] ‘1.18.0’,[1] ‘4.4.2’
b77768,19693228,2021-04-30T16:37:36Z,COMPLETED,00:17:06,0.1,1,xx2,91,[1] ‘1.18.0’,[1] ‘4.4.2’
b77768,19693227,2021-04-30T16:37:36Z,COMPLETED,00:19:30,0.1,1,xx2,90,[1] ‘1.18.0’,[1] ‘4.4.2’
b77768,19693231,2021-04-30T16:37:37Z,COMPLETED,00:21:11,0.1,1,xx2,94,[1] ‘1.18.0’,[1] ‘4.4.2’
b77768,19693230,2021-04-30T16:37:37Z,COMPLETED,00:19:26,0.1,1,xx2,93,[1] ‘1.18.0’,[1] ‘4.4.2’
b77768,19693232,2021-04-30T16:37:38Z,COMPLETED,00:20:15,0.1,1,xx2,95,[1] ‘1.18.0’,[1] ‘4.4.2’
b77768,19693233,2021-04-30T16:37:39Z,COMPLETED,00:20:37,0.1,1,xx2,96,[1] ‘1.18.0’,[1] ‘4.4.2’
b77768,19693236,2021-04-30T16:37:40Z,COMPLETED,00:19:49,0.1,1,xx2,99,[1] ‘1.18.0’,[1] ‘4.4.2’
b77768,19693235,2021-04-30T16:37:40Z,COMPLETED,00:15:31,0.1,1,xx2,98,[1] ‘1.18.0’,[1] ‘4.4.2’
b77768,19693237,2021-04-30T16:37:40Z,COMPLETED,00:18:03,0.1,1,xx2,100,[1] ‘1.18.0’,[1] ‘4.4.2’
b77768,19693234,2021-04-30T16:37:40Z,COMPLETED,00:21:55,0.1,1,xx2,97,[1] ‘1.18.0’,[1] ‘4.4.2’
