batch_id,job_id,time_subm,status,runtime,nb_gens,immigration_rate,mainland_nb_species,mainland_z_sd,competition_sd,carrying_cap_sd,carrying_cap_opt,trait_opt,growth_rate,mutation_sd,trait_dist_sp,seed,comrad_version,comsie_version,sampling_on_event,sampling_freq,sampling_frac,brute_force_opt,csv_size
b63733,22646829,2022-01-02T18:47:08Z,COMPLETED,00:12:08,35000,1,1000,0.01,0.369,0.5,1000,0,1,0.001,0.1,10246,[1] ‚Äò0.2.0‚Äô,[1] ‚Äò2.0.1‚Äô,FALSE,200,0.5,simd_omp,  5.27M
b63733,22646834,2022-01-02T18:47:11Z,COMPLETED,00:22:56,155000,1e-5,1000,0.01,0.369,0.5,1000,0,1,0.001,0.1,48122,[1] ‚Äò0.2.0‚Äô,[1] ‚Äò2.0.1‚Äô,FALSE,200,0.5,simd_omp, 24.58M
b63733,22646833,2022-01-02T18:47:10Z,COMPLETED,00:25:40,170000,1e-4,1000,0.01,0.369,0.5,1000,0,1,0.001,0.1,3735,[1] ‚Äò0.2.0‚Äô,[1] ‚Äò2.0.1‚Äô,FALSE,200,0.5,simd_omp, 26.75M
b63733,22646831,2022-01-02T18:47:10Z,COMPLETED,00:31:05,200000,0.01,1000,0.01,0.369,0.5,1000,0,1,0.001,0.1,49234,[1] ‚Äò0.2.0‚Äô,[1] ‚Äò2.0.1‚Äô,FALSE,200,0.5,simd_omp, 32.18M
b63733,22646830,2022-01-02T18:47:10Z,COMPLETED,00:49:39,275000,0.1,1000,0.01,0.369,0.5,1000,0,1,0.001,0.1,13057,[1] ‚Äò0.2.0‚Äô,[1] ‚Äò2.0.1‚Äô,FALSE,200,0.5,simd_omp, 44.18M
b63733,22646832,2022-01-02T18:47:10Z,COMPLETED,00:28:33,185000,0.001,1000,0.01,0.369,0.5,1000,0,1,0.001,0.1,6992,[1] ‚Äò0.2.0‚Äô,[1] ‚Äò2.0.1‚Äô,FALSE,200,0.5,simd_omp, 29.69M
b63733,22646836,2022-01-02T18:47:11Z,COMPLETED,00:28:45,125000,0.1,1000,0.01,0.267,0.5,1000,0,1,0.001,0.1,9727,[1] ‚Äò0.2.0‚Äô,[1] ‚Äò2.0.1‚Äô,FALSE,200,0.5,simd_omp, 27.48M
b63733,22646835,2022-01-02T18:47:11Z,COMPLETED,00:56:58,140000,1,1000,0.01,0.267,0.5,1000,0,1,0.001,0.1,27837,[1] ‚Äò0.2.0‚Äô,[1] ‚Äò2.0.1‚Äô,FALSE,200,0.5,simd_omp, 29.78M
b63733,22646837,2022-01-02T18:47:12Z,COMPLETED,00:22:11,110000,0.01,1000,0.01,0.267,0.5,1000,0,1,0.001,0.1,16180,[1] ‚Äò0.2.0‚Äô,[1] ‚Äò2.0.1‚Äô,FALSE,200,0.5,simd_omp, 24.12M
b63733,22646838,2022-01-02T18:47:13Z,COMPLETED,00:06:53,35000,0.001,1000,0.01,0.267,0.5,1000,0,1,0.001,0.1,19827,[1] ‚Äò0.2.0‚Äô,[1] ‚Äò2.0.1‚Äô,FALSE,200,0.5,simd_omp,  7.4M
b63733,22646839,2022-01-02T18:47:16Z,COMPLETED,00:52:26,275000,1e-4,1000,0.01,0.267,0.5,1000,0,1,0.001,0.1,44708,[1] ‚Äò0.2.0‚Äô,[1] ‚Äò2.0.1‚Äô,FALSE,200,0.5,simd_omp, 59.94M
b63733,22646840,2022-01-02T18:47:19Z,COMPLETED,00:37:30,200000,1e-5,1000,0.01,0.267,0.5,1000,0,1,0.001,0.1,26994,[1] ‚Äò0.2.0‚Äô,[1] ‚Äò2.0.1‚Äô,FALSE,200,0.5,simd_omp, 43.74M
b63733,22646841,2022-01-02T18:47:19Z,COMPLETED,01:22:45,185000,1,1000,0.01,0.209,0.5,1000,0,1,0.001,0.1,28985,[1] ‚Äò0.2.0‚Äô,[1] ‚Äò2.0.1‚Äô,FALSE,200,0.5,simd_omp, 50.07M
b63733,22646842,2022-01-02T18:47:22Z,COMPLETED,00:47:34,170000,0.1,1000,0.01,0.209,0.5,1000,0,1,0.001,0.1,34718,[1] ‚Äò0.2.0‚Äô,[1] ‚Äò2.0.1‚Äô,FALSE,200,0.5,simd_omp, 47.67M
b63733,22646843,2022-01-02T18:47:25Z,COMPLETED,00:40:26,155000,0.01,1000,0.01,0.209,0.5,1000,0,1,0.001,0.1,41133,[1] ‚Äò0.2.0‚Äô,[1] ‚Äò2.0.1‚Äô,FALSE,200,0.5,simd_omp, 43.61M
b63733,22646844,2022-01-02T18:47:28Z,COMPLETED,00:35:23,140000,0.001,1000,0.01,0.209,0.5,1000,0,1,0.001,0.1,44181,[1] ‚Äò0.2.0‚Äô,[1] ‚Äò2.0.1‚Äô,FALSE,200,0.5,simd_omp, 38.54M
b63733,22646845,2022-01-02T18:47:31Z,COMPLETED,00:30:56,125000,1e-4,1000,0.01,0.209,0.5,1000,0,1,0.001,0.1,9635,[1] ‚Äò0.2.0‚Äô,[1] ‚Äò2.0.1‚Äô,FALSE,200,0.5,simd_omp, 34.01M
b63733,22646846,2022-01-02T18:47:35Z,COMPLETED,00:27:42,110000,1e-5,1000,0.01,0.209,0.5,1000,0,1,0.001,0.1,44309,[1] ‚Äò0.2.0‚Äô,[1] ‚Äò2.0.1‚Äô,FALSE,200,0.5,simd_omp, 30.2M
b63733,22646848,2022-01-02T18:47:39Z,COMPLETED,01:41:51,275000,0.1,1000,0.01,0.172,0.5,1000,0,1,0.001,0.1,21977,[1] ‚Äò0.2.0‚Äô,[1] ‚Äò2.0.1‚Äô,FALSE,200,0.5,simd_omp, 94.3M
b63733,22646847,2022-01-02T18:47:39Z,COMPLETED,00:19:40,35000,1,1000,0.01,0.172,0.5,1000,0,1,0.001,0.1,15674,[1] ‚Äò0.2.0‚Äô,[1] ‚Äò2.0.1‚Äô,FALSE,200,0.5,simd_omp, 11.49M
b63733,22646849,2022-01-02T18:47:41Z,COMPLETED,01:08:48,200000,0.01,1000,0.01,0.172,0.5,1000,0,1,0.001,0.1,9003,[1] ‚Äò0.2.0‚Äô,[1] ‚Äò2.0.1‚Äô,FALSE,200,0.5,simd_omp, 68.55M
b63733,22646850,2022-01-02T18:47:44Z,COMPLETED,01:01:18,185000,0.001,1000,0.01,0.172,0.5,1000,0,1,0.001,0.1,12804,[1] ‚Äò0.2.0‚Äô,[1] ‚Äò2.0.1‚Äô,FALSE,200,0.5,simd_omp, 62.38M
b63733,22646880,2022-01-02T18:48:07Z,COMPLETED,02:23:56,155000,0.01,1000,0.01,0.091,0.5,1000,0,1,0.001,0.1,2813,[1] ‚Äò0.2.0‚Äô,[1] ‚Äò2.0.1‚Äô,FALSE,200,0.5,simd_omp,100.42M
b63733,22646882,2022-01-02T18:48:07Z,COMPLETED,01:53:50,125000,1e-4,1000,0.01,0.091,0.5,1000,0,1,0.001,0.1,26628,[1] ‚Äò0.2.0‚Äô,[1] ‚Äò2.0.1‚Äô,FALSE,200,0.5,simd_omp, 80.25M
b63733,22646878,2022-01-02T18:48:07Z,COMPLETED,03:35:25,185000,1,1000,0.01,0.091,0.5,1000,0,1,0.001,0.1,33681,[1] ‚Äò0.2.0‚Äô,[1] ‚Äò2.0.1‚Äô,FALSE,200,0.5,simd_omp,118.7M
b63733,22646875,2022-01-02T18:48:07Z,COMPLETED,00:26:16,35000,0.001,1000,0.01,0.1,0.5,1000,0,1,0.001,0.1,41408,[1] ‚Äò0.2.0‚Äô,[1] ‚Äò2.0.1‚Äô,FALSE,200,0.5,simd_omp, 19.54M
b63733,22646873,2022-01-02T18:48:07Z,COMPLETED,01:25:46,110000,0.01,1000,0.01,0.1,0.5,1000,0,1,0.001,0.1,26384,[1] ‚Äò0.2.0‚Äô,[1] ‚Äò2.0.1‚Äô,FALSE,200,0.5,simd_omp, 64.03M
b63733,22646877,2022-01-02T18:48:07Z,COMPLETED,02:35:49,200000,1e-5,1000,0.01,0.1,0.5,1000,0,1,0.001,0.1,11450,[1] ‚Äò0.2.0‚Äô,[1] ‚Äò2.0.1‚Äô,FALSE,200,0.5,simd_omp,117.63M
b63733,22646864,2022-01-02T18:48:07Z,COMPLETED,00:56:11,110000,1e-5,1000,0.01,0.127,0.5,1000,0,1,0.001,0.1,4708,[1] ‚Äò0.2.0‚Äô,[1] ‚Äò2.0.1‚Äô,FALSE,200,0.5,simd_omp, 49.35M
b63733,22646855,2022-01-02T18:48:07Z,COMPLETED,00:47:44,110000,0.01,1000,0.01,0.146,0.5,1000,0,1,0.001,0.1,16152,[1] ‚Äò0.2.0‚Äô,[1] ‚Äò2.0.1‚Äô,FALSE,200,0.5,simd_omp, 44.05M
b63733,22646857,2022-01-02T18:48:07Z,COMPLETED,01:55:40,275000,1e-4,1000,0.01,0.146,0.5,1000,0,1,0.001,0.1,42319,[1] ‚Äò0.2.0‚Äô,[1] ‚Äò2.0.1‚Äô,FALSE,200,0.5,simd_omp,111.39M
b63733,22646853,2022-01-02T18:48:07Z,COMPLETED,01:28:25,140000,1,1000,0.01,0.146,0.5,1000,0,1,0.001,0.1,21638,[1] ‚Äò0.2.0‚Äô,[1] ‚Äò2.0.1‚Äô,FALSE,200,0.5,simd_omp, 55.15M
b63733,22646866,2022-01-02T18:48:07Z,COMPLETED,03:08:07,275000,0.1,1000,0.01,0.112,0.5,1000,0,1,0.001,0.1,10596,[1] ‚Äò0.2.0‚Äô,[1] ‚Äò2.0.1‚Äô,FALSE,200,0.5,simd_omp,144.9M
b63733,22646868,2022-01-02T18:48:07Z,COMPLETED,01:58:35,185000,0.001,1000,0.01,0.112,0.5,1000,0,1,0.001,0.1,2492,[1] ‚Äò0.2.0‚Äô,[1] ‚Äò2.0.1‚Äô,FALSE,200,0.5,simd_omp, 97.05M
b63733,22646865,2022-01-02T18:48:07Z,COMPLETED,00:31:04,35000,1,1000,0.01,0.112,0.5,1000,0,1,0.001,0.1,48223,[1] ‚Äò0.2.0‚Äô,[1] ‚Äò2.0.1‚Äô,FALSE,200,0.5,simd_omp, 17.87M
b63733,22646869,2022-01-02T18:48:07Z,COMPLETED,01:49:05,170000,1e-4,1000,0.01,0.112,0.5,1000,0,1,0.001,0.1,25278,[1] ‚Äò0.2.0‚Äô,[1] ‚Äò2.0.1‚Äô,FALSE,200,0.5,simd_omp, 88.51M
b63733,22646871,2022-01-02T18:48:07Z,COMPLETED,02:23:44,140000,1,1000,0.01,0.1,0.5,1000,0,1,0.001,0.1,40596,[1] ‚Äò0.2.0‚Äô,[1] ‚Äò2.0.1‚Äô,FALSE,200,0.5,simd_omp, 81.13M
b63733,22646879,2022-01-02T18:48:07Z,COMPLETED,02:44:55,170000,0.1,1000,0.01,0.091,0.5,1000,0,1,0.001,0.1,8424,[1] ‚Äò0.2.0‚Äô,[1] ‚Äò2.0.1‚Äô,FALSE,200,0.5,simd_omp,110.06M
b63733,22646881,2022-01-02T18:48:07Z,COMPLETED,02:08:55,140000,0.001,1000,0.01,0.091,0.5,1000,0,1,0.001,0.1,8105,[1] ‚Äò0.2.0‚Äô,[1] ‚Äò2.0.1‚Äô,FALSE,200,0.5,simd_omp, 90.16M
b63733,22646870,2022-01-02T18:48:07Z,COMPLETED,01:39:43,155000,1e-5,1000,0.01,0.112,0.5,1000,0,1,0.001,0.1,8727,[1] ‚Äò0.2.0‚Äô,[1] ‚Äò2.0.1‚Äô,FALSE,200,0.5,simd_omp, 81.17M
b63733,22646883,2022-01-02T18:48:07Z,COMPLETED,01:39:15,110000,1e-5,1000,0.01,0.091,0.5,1000,0,1,0.001,0.1,4990,[1] ‚Äò0.2.0‚Äô,[1] ‚Äò2.0.1‚Äô,FALSE,200,0.5,simd_omp, 69.86M
b63733,22646851,2022-01-02T18:48:07Z,COMPLETED,00:56:22,170000,1e-4,1000,0.01,0.172,0.5,1000,0,1,0.001,0.1,24964,[1] ‚Äò0.2.0‚Äô,[1] ‚Äò2.0.1‚Äô,FALSE,200,0.5,simd_omp, 57.7M
b63733,22646872,2022-01-02T18:48:07Z,COMPLETED,01:43:19,125000,0.1,1000,0.01,0.1,0.5,1000,0,1,0.001,0.1,26164,[1] ‚Äò0.2.0‚Äô,[1] ‚Äò2.0.1‚Äô,FALSE,200,0.5,simd_omp, 73.33M
b63733,22646867,2022-01-02T18:48:07Z,COMPLETED,02:11:45,200000,0.01,1000,0.01,0.112,0.5,1000,0,1,0.001,0.1,31928,[1] ‚Äò0.2.0‚Äô,[1] ‚Äò2.0.1‚Äô,FALSE,200,0.5,simd_omp,105.67M
b63733,22646876,2022-01-02T18:48:07Z,COMPLETED,03:36:22,275000,1e-4,1000,0.01,0.1,0.5,1000,0,1,0.001,0.1,1493,[1] ‚Äò0.2.0‚Äô,[1] ‚Äò2.0.1‚Äô,FALSE,200,0.5,simd_omp,162.96M
b63733,22646863,2022-01-02T18:48:07Z,COMPLETED,01:05:02,125000,1e-4,1000,0.01,0.127,0.5,1000,0,1,0.001,0.1,47564,[1] ‚Äò0.2.0‚Äô,[1] ‚Äò2.0.1‚Äô,FALSE,200,0.5,simd_omp, 56.35M
b63733,22646862,2022-01-02T18:48:07Z,COMPLETED,01:13:31,140000,0.001,1000,0.01,0.127,0.5,1000,0,1,0.001,0.1,39513,[1] ‚Äò0.2.0‚Äô,[1] ‚Äò2.0.1‚Äô,FALSE,200,0.5,simd_omp, 64.01M
b63733,22646856,2022-01-02T18:48:07Z,COMPLETED,00:15:03,35000,0.001,1000,0.01,0.146,0.5,1000,0,1,0.001,0.1,17609,[1] ‚Äò0.2.0‚Äô,[1] ‚Äò2.0.1‚Äô,FALSE,200,0.5,simd_omp, 13.6M
b63733,22646852,2022-01-02T18:48:07Z,COMPLETED,00:51:05,155000,1e-5,1000,0.01,0.172,0.5,1000,0,1,0.001,0.1,23213,[1] ‚Äò0.2.0‚Äô,[1] ‚Äò2.0.1‚Äô,FALSE,200,0.5,simd_omp, 51.62M
b63733,22646854,2022-01-02T18:48:07Z,COMPLETED,00:57:40,125000,0.1,1000,0.01,0.146,0.5,1000,0,1,0.001,0.1,334,[1] ‚Äò0.2.0‚Äô,[1] ‚Äò2.0.1‚Äô,FALSE,200,0.5,simd_omp, 49.99M
b63733,22646861,2022-01-02T18:48:07Z,COMPLETED,01:23:30,155000,0.01,1000,0.01,0.127,0.5,1000,0,1,0.001,0.1,38266,[1] ‚Äò0.2.0‚Äô,[1] ‚Äò2.0.1‚Äô,FALSE,200,0.5,simd_omp, 71.69M
b63733,22646860,2022-01-02T18:48:07Z,COMPLETED,01:35:13,170000,0.1,1000,0.01,0.127,0.5,1000,0,1,0.001,0.1,45630,[1] ‚Äò0.2.0‚Äô,[1] ‚Äò2.0.1‚Äô,FALSE,200,0.5,simd_omp, 78.45M
b63733,22646858,2022-01-02T18:48:07Z,COMPLETED,01:23:25,200000,1e-5,1000,0.01,0.146,0.5,1000,0,1,0.001,0.1,11515,[1] ‚Äò0.2.0‚Äô,[1] ‚Äò2.0.1‚Äô,FALSE,200,0.5,simd_omp, 79.64M
b63733,22646859,2022-01-02T18:48:07Z,COMPLETED,02:19:55,185000,1,1000,0.01,0.127,0.5,1000,0,1,0.001,0.1,48276,[1] ‚Äò0.2.0‚Äô,[1] ‚Äò2.0.1‚Äô,FALSE,200,0.5,simd_omp, 84.53M
b62566,22665728,2022-01-06T20:11:29Z,COMPLETED,03:41:09,350000,1,1000,0.01,0.369,0.5,1000,0,1,0.001,0.1,26154,[1] ‚Äò0.2.0‚Äô,[1] ‚Äò2.0.1‚Äô,TRUE,NA,0.05,simd_omp,  1.62G
b62566,22665729,2022-01-06T20:11:29Z,COMPLETED,01:08:30,350000,0.1,1000,0.01,0.369,0.5,1000,0,1,0.001,0.1,34625,[1] ‚Äò0.2.0‚Äô,[1] ‚Äò2.0.1‚Äô,TRUE,NA,0.05,simd_omp,228.82M
b62566,22665730,2022-01-06T20:11:30Z,COMPLETED,00:54:26,350000,0.01,1000,0.01,0.369,0.5,1000,0,1,0.001,0.1,26209,[1] ‚Äò0.2.0‚Äô,[1] ‚Äò2.0.1‚Äô,TRUE,NA,0.05,simd_omp, 23.27M
b62566,22665731,2022-01-06T20:11:30Z,COMPLETED,00:51:48,350000,0.001,1000,0.01,0.369,0.5,1000,0,1,0.001,0.1,21876,[1] ‚Äò0.2.0‚Äô,[1] ‚Äò2.0.1‚Äô,TRUE,NA,0.05,simd_omp,  2.49M
b62566,22665732,2022-01-06T20:11:30Z,COMPLETED,00:52:17,350000,1e-4,1000,0.01,0.369,0.5,1000,0,1,0.001,0.1,31068,[1] ‚Äò0.2.0‚Äô,[1] ‚Äò2.0.1‚Äô,TRUE,NA,0.05,simd_omp,384K
b62566,22665733,2022-01-06T20:11:31Z,COMPLETED,00:51:17,350000,1e-5,1000,0.01,0.369,0.5,1000,0,1,0.001,0.1,45919,[1] ‚Äò0.2.0‚Äô,[1] ‚Äò2.0.1‚Äô,TRUE,NA,0.05,simd_omp,160K
b62566,22665734,2022-01-06T20:11:32Z,COMPLETED,03:15:43,275000,1,1000,0.01,0.267,0.5,1000,0,1,0.001,0.1,43354,[1] ‚Äò0.2.0‚Äô,[1] ‚Äò2.0.1‚Äô,TRUE,NA,0.05,simd_omp,  1.66G
b62566,22665735,2022-01-06T20:11:33Z,COMPLETED,01:09:16,275000,0.1,1000,0.01,0.267,0.5,1000,0,1,0.001,0.1,33780,[1] ‚Äò0.2.0‚Äô,[1] ‚Äò2.0.1‚Äô,TRUE,NA,0.05,simd_omp,243.06M
b62566,22665736,2022-01-06T20:11:33Z,COMPLETED,00:55:57,275000,0.01,1000,0.01,0.267,0.5,1000,0,1,0.001,0.1,25744,[1] ‚Äò0.2.0‚Äô,[1] ‚Äò2.0.1‚Äô,TRUE,NA,0.05,simd_omp, 25.38M
b62566,22665737,2022-01-06T20:11:35Z,COMPLETED,00:53:30,275000,0.001,1000,0.01,0.267,0.5,1000,0,1,0.001,0.1,26760,[1] ‚Äò0.2.0‚Äô,[1] ‚Äò2.0.1‚Äô,TRUE,NA,0.05,simd_omp,  2.62M
b62566,22665738,2022-01-06T20:11:35Z,COMPLETED,00:52:52,275000,1e-4,1000,0.01,0.267,0.5,1000,0,1,0.001,0.1,43690,[1] ‚Äò0.2.0‚Äô,[1] ‚Äò2.0.1‚Äô,TRUE,NA,0.05,simd_omp,568K
b62566,22665739,2022-01-06T20:11:35Z,COMPLETED,00:54:04,275000,1e-5,1000,0.01,0.267,0.5,1000,0,1,0.001,0.1,6632,[1] ‚Äò0.2.0‚Äô,[1] ‚Äò2.0.1‚Äô,TRUE,NA,0.05,simd_omp,260K
b62566,22665740,2022-01-06T20:11:36Z,COMPLETED,02:40:23,200000,1,1000,0.01,0.209,0.5,1000,0,1,0.001,0.1,28523,[1] ‚Äò0.2.0‚Äô,[1] ‚Äò2.0.1‚Äô,TRUE,NA,0.05,simd_omp,  1.44G
b62566,22665741,2022-01-06T20:11:38Z,COMPLETED,01:03:12,200000,0.1,1000,0.01,0.209,0.5,1000,0,1,0.001,0.1,8177,[1] ‚Äò0.2.0‚Äô,[1] ‚Äò2.0.1‚Äô,TRUE,NA,0.05,simd_omp,220.15M
b62566,22665742,2022-01-06T20:11:39Z,COMPLETED,00:53:59,200000,0.01,1000,0.01,0.209,0.5,1000,0,1,0.001,0.1,21250,[1] ‚Äò0.2.0‚Äô,[1] ‚Äò2.0.1‚Äô,TRUE,NA,0.05,simd_omp, 22.53M
b62566,22665743,2022-01-06T20:11:39Z,COMPLETED,00:52:04,200000,0.001,1000,0.01,0.209,0.5,1000,0,1,0.001,0.1,15881,[1] ‚Äò0.2.0‚Äô,[1] ‚Äò2.0.1‚Äô,TRUE,NA,0.05,simd_omp,  2.53M
b62566,22665744,2022-01-06T20:11:42Z,COMPLETED,00:51:17,200000,1e-4,1000,0.01,0.209,0.5,1000,0,1,0.001,0.1,7225,[1] ‚Äò0.2.0‚Äô,[1] ‚Äò2.0.1‚Äô,TRUE,NA,0.05,simd_omp,540K
b62566,22665745,2022-01-06T20:11:42Z,COMPLETED,00:51:16,200000,1e-5,1000,0.01,0.209,0.5,1000,0,1,0.001,0.1,30676,[1] ‚Äò0.2.0‚Äô,[1] ‚Äò2.0.1‚Äô,TRUE,NA,0.05,simd_omp,496K
b62566,22665746,2022-01-06T20:11:42Z,COMPLETED,02:38:13,185000,1,1000,0.01,0.172,0.5,1000,0,1,0.001,0.1,14973,[1] ‚Äò0.2.0‚Äô,[1] ‚Äò2.0.1‚Äô,TRUE,NA,0.05,simd_omp,  1.57G
b62566,22665747,2022-01-06T20:11:42Z,COMPLETED,01:13:25,185000,0.1,1000,0.01,0.172,0.5,1000,0,1,0.001,0.1,29683,[1] ‚Äò0.2.0‚Äô,[1] ‚Äò2.0.1‚Äô,TRUE,NA,0.05,simd_omp,246.81M
b62566,22665748,2022-01-06T20:11:45Z,COMPLETED,01:02:43,185000,0.01,1000,0.01,0.172,0.5,1000,0,1,0.001,0.1,18353,[1] ‚Äò0.2.0‚Äô,[1] ‚Äò2.0.1‚Äô,TRUE,NA,0.05,simd_omp, 26.25M
b62566,22665749,2022-01-06T20:11:45Z,COMPLETED,01:00:34,185000,0.001,1000,0.01,0.172,0.5,1000,0,1,0.001,0.1,13754,[1] ‚Äò0.2.0‚Äô,[1] ‚Äò2.0.1‚Äô,TRUE,NA,0.05,simd_omp,  3.14M
b62566,22665750,2022-01-06T20:11:45Z,COMPLETED,01:01:25,185000,1e-4,1000,0.01,0.172,0.5,1000,0,1,0.001,0.1,12540,[1] ‚Äò0.2.0‚Äô,[1] ‚Äò2.0.1‚Äô,TRUE,NA,0.05,simd_omp,860K
b62566,22665751,2022-01-06T20:11:45Z,COMPLETED,01:00:34,185000,1e-5,1000,0.01,0.172,0.5,1000,0,1,0.001,0.1,38643,[1] ‚Äò0.2.0‚Äô,[1] ‚Äò2.0.1‚Äô,TRUE,NA,0.05,simd_omp,640K
b62566,22665752,2022-01-06T20:11:48Z,COMPLETED,02:40:53,170000,1,1000,0.01,0.146,0.5,1000,0,1,0.001,0.1,14906,[1] ‚Äò0.2.0‚Äô,[1] ‚Äò2.0.1‚Äô,TRUE,NA,0.05,simd_omp,  1.66G
b62566,22665753,2022-01-06T20:11:48Z,COMPLETED,01:22:46,170000,0.1,1000,0.01,0.146,0.5,1000,0,1,0.001,0.1,35078,[1] ‚Äò0.2.0‚Äô,[1] ‚Äò2.0.1‚Äô,TRUE,NA,0.05,simd_omp,268.52M
b62566,22665754,2022-01-06T20:11:48Z,COMPLETED,01:13:10,170000,0.01,1000,0.01,0.146,0.5,1000,0,1,0.001,0.1,3526,[1] ‚Äò0.2.0‚Äô,[1] ‚Äò2.0.1‚Äô,TRUE,NA,0.05,simd_omp, 28.27M
b62566,22665755,2022-01-06T20:11:48Z,COMPLETED,01:11:26,170000,0.001,1000,0.01,0.146,0.5,1000,0,1,0.001,0.1,38128,[1] ‚Äò0.2.0‚Äô,[1] ‚Äò2.0.1‚Äô,TRUE,NA,0.05,simd_omp,  3.85M
b62566,22665756,2022-01-06T20:11:51Z,COMPLETED,01:10:25,170000,1e-4,1000,0.01,0.146,0.5,1000,0,1,0.001,0.1,24174,[1] ‚Äò0.2.0‚Äô,[1] ‚Äò2.0.1‚Äô,TRUE,NA,0.05,simd_omp,  1.06M
b62566,22665757,2022-01-06T20:11:51Z,COMPLETED,01:12:24,170000,1e-5,1000,0.01,0.146,0.5,1000,0,1,0.001,0.1,46268,[1] ‚Äò0.2.0‚Äô,[1] ‚Äò2.0.1‚Äô,TRUE,NA,0.05,simd_omp,776K
b62566,22665759,2022-01-06T20:11:51Z,COMPLETED,01:35:07,155000,0.1,1000,0.01,0.127,0.5,1000,0,1,0.001,0.1,4360,[1] ‚Äò0.2.0‚Äô,[1] ‚Äò2.0.1‚Äô,TRUE,NA,0.05,simd_omp,285.35M
b62566,22665758,2022-01-06T20:11:51Z,COMPLETED,02:56:42,155000,1,1000,0.01,0.127,0.5,1000,0,1,0.001,0.1,10243,[1] ‚Äò0.2.0‚Äô,[1] ‚Äò2.0.1‚Äô,TRUE,NA,0.05,simd_omp,  1.71G
b62566,22665760,2022-01-06T20:11:52Z,COMPLETED,01:25:19,155000,0.01,1000,0.01,0.127,0.5,1000,0,1,0.001,0.1,16209,[1] ‚Äò0.2.0‚Äô,[1] ‚Äò2.0.1‚Äô,TRUE,NA,0.05,simd_omp, 28.93M
b62566,22665764,2022-01-06T20:11:55Z,COMPLETED,02:43:36,140000,1,1000,0.01,0.112,0.5,1000,0,1,0.001,0.1,11958,[1] ‚Äò0.2.0‚Äô,[1] ‚Äò2.0.1‚Äô,TRUE,NA,0.05,simd_omp,  1.73G
b62566,22665762,2022-01-06T20:11:55Z,COMPLETED,01:20:55,155000,1e-4,1000,0.01,0.127,0.5,1000,0,1,0.001,0.1,4366,[1] ‚Äò0.2.0‚Äô,[1] ‚Äò2.0.1‚Äô,TRUE,NA,0.05,simd_omp,  1.56M
b62566,22665763,2022-01-06T20:11:55Z,COMPLETED,01:20:08,155000,1e-5,1000,0.01,0.127,0.5,1000,0,1,0.001,0.1,43149,[1] ‚Äò0.2.0‚Äô,[1] ‚Äò2.0.1‚Äô,TRUE,NA,0.05,simd_omp,972K
b62566,22665761,2022-01-06T20:11:55Z,COMPLETED,01:19:36,155000,0.001,1000,0.01,0.127,0.5,1000,0,1,0.001,0.1,843,[1] ‚Äò0.2.0‚Äô,[1] ‚Äò2.0.1‚Äô,TRUE,NA,0.05,simd_omp,  3.59M
b62566,22665765,2022-01-06T20:11:56Z,COMPLETED,01:39:27,140000,0.1,1000,0.01,0.112,0.5,1000,0,1,0.001,0.1,20034,[1] ‚Äò0.2.0‚Äô,[1] ‚Äò2.0.1‚Äô,TRUE,NA,0.05,simd_omp,292.29M
b62566,22665766,2022-01-06T20:11:56Z,COMPLETED,01:31:09,140000,0.01,1000,0.01,0.112,0.5,1000,0,1,0.001,0.1,28385,[1] ‚Äò0.2.0‚Äô,[1] ‚Äò2.0.1‚Äô,TRUE,NA,0.05,simd_omp, 32.68M
b62566,22665767,2022-01-06T20:11:56Z,COMPLETED,01:30:12,140000,0.001,1000,0.01,0.112,0.5,1000,0,1,0.001,0.1,1272,[1] ‚Äò0.2.0‚Äô,[1] ‚Äò2.0.1‚Äô,TRUE,NA,0.05,simd_omp,  4.3M
b62566,22665769,2022-01-06T20:11:59Z,COMPLETED,01:28:10,140000,1e-5,1000,0.01,0.112,0.5,1000,0,1,0.001,0.1,2274,[1] ‚Äò0.2.0‚Äô,[1] ‚Äò2.0.1‚Äô,TRUE,NA,0.05,simd_omp,  1.31M
b62566,22665770,2022-01-06T20:11:59Z,COMPLETED,02:44:27,125000,1,1000,0.01,0.1,0.5,1000,0,1,0.001,0.1,41940,[1] ‚Äò0.2.0‚Äô,[1] ‚Äò2.0.1‚Äô,TRUE,NA,0.05,simd_omp,  1.72G
b62566,22665771,2022-01-06T20:11:59Z,COMPLETED,01:44:23,125000,0.1,1000,0.01,0.1,0.5,1000,0,1,0.001,0.1,47157,[1] ‚Äò0.2.0‚Äô,[1] ‚Äò2.0.1‚Äô,TRUE,NA,0.05,simd_omp,288.41M
b62566,22665768,2022-01-06T20:11:59Z,COMPLETED,01:28:16,140000,1e-4,1000,0.01,0.112,0.5,1000,0,1,0.001,0.1,473,[1] ‚Äò0.2.0‚Äô,[1] ‚Äò2.0.1‚Äô,TRUE,NA,0.05,simd_omp,  1.77M
b62566,22665773,2022-01-06T20:12:02Z,COMPLETED,01:35:55,125000,0.001,1000,0.01,0.1,0.5,1000,0,1,0.001,0.1,7797,[1] ‚Äò0.2.0‚Äô,[1] ‚Äò2.0.1‚Äô,TRUE,NA,0.05,simd_omp,  4.53M
b62566,22665772,2022-01-06T20:12:02Z,COMPLETED,01:38:15,125000,0.01,1000,0.01,0.1,0.5,1000,0,1,0.001,0.1,21931,[1] ‚Äò0.2.0‚Äô,[1] ‚Äò2.0.1‚Äô,TRUE,NA,0.05,simd_omp, 31.78M
b62566,22665774,2022-01-06T20:12:02Z,COMPLETED,01:36:53,125000,1e-4,1000,0.01,0.1,0.5,1000,0,1,0.001,0.1,39769,[1] ‚Äò0.2.0‚Äô,[1] ‚Äò2.0.1‚Äô,TRUE,NA,0.05,simd_omp,  1.84M
b62566,22665775,2022-01-06T20:12:02Z,COMPLETED,01:35:18,125000,1e-5,1000,0.01,0.1,0.5,1000,0,1,0.001,0.1,37848,[1] ‚Äò0.2.0‚Äô,[1] ‚Äò2.0.1‚Äô,TRUE,NA,0.05,simd_omp,  1.54M
b62566,22665776,2022-01-06T20:12:05Z,COMPLETED,02:42:30,110000,1,1000,0.01,0.091,0.5,1000,0,1,0.001,0.1,37270,[1] ‚Äò0.2.0‚Äô,[1] ‚Äò2.0.1‚Äô,TRUE,NA,0.05,simd_omp,  1.63G
b62566,22665777,2022-01-06T20:12:05Z,COMPLETED,01:48:23,110000,0.1,1000,0.01,0.091,0.5,1000,0,1,0.001,0.1,7203,[1] ‚Äò0.2.0‚Äô,[1] ‚Äò2.0.1‚Äô,TRUE,NA,0.05,simd_omp,282.06M
b62566,22665778,2022-01-06T20:12:05Z,COMPLETED,01:41:19,110000,0.01,1000,0.01,0.091,0.5,1000,0,1,0.001,0.1,18928,[1] ‚Äò0.2.0‚Äô,[1] ‚Äò2.0.1‚Äô,TRUE,NA,0.05,simd_omp, 29.68M
b62566,22665779,2022-01-06T20:12:05Z,COMPLETED,01:39:26,110000,0.001,1000,0.01,0.091,0.5,1000,0,1,0.001,0.1,2204,[1] ‚Äò0.2.0‚Äô,[1] ‚Äò2.0.1‚Äô,TRUE,NA,0.05,simd_omp,  3.94M
b38462,22665782,2022-01-06T20:13:27Z,COMPLETED,01:50:33,350000,1,1000,0.01,0.369,0.5,1000,0,1,0.001,0.1,26154,[1] ‚Äò0.2.0‚Äô,[1] ‚Äò2.0.1‚Äô,FALSE,200,0.05,simd_omp,  8.34M
b38462,22665783,2022-01-06T20:13:29Z,COMPLETED,00:59:55,350000,0.1,1000,0.01,0.369,0.5,1000,0,1,0.001,0.1,34625,[1] ‚Äò0.2.0‚Äô,[1] ‚Äò2.0.1‚Äô,FALSE,200,0.05,simd_omp,  6.14M
b38462,22665784,2022-01-06T20:13:29Z,COMPLETED,00:52:36,350000,0.01,1000,0.01,0.369,0.5,1000,0,1,0.001,0.1,26209,[1] ‚Äò0.2.0‚Äô,[1] ‚Äò2.0.1‚Äô,FALSE,200,0.05,simd_omp,  5.79M
b38462,22665785,2022-01-06T20:13:29Z,COMPLETED,00:51:26,350000,0.001,1000,0.01,0.369,0.5,1000,0,1,0.001,0.1,21876,[1] ‚Äò0.2.0‚Äô,[1] ‚Äò2.0.1‚Äô,FALSE,200,0.05,simd_omp,  5.7M
b38462,22665786,2022-01-06T20:13:29Z,COMPLETED,00:50:52,350000,1e-4,1000,0.01,0.369,0.5,1000,0,1,0.001,0.1,31068,[1] ‚Äò0.2.0‚Äô,[1] ‚Äò2.0.1‚Äô,FALSE,200,0.05,simd_omp,  5.61M
b38462,22665787,2022-01-06T20:13:29Z,COMPLETED,00:50:38,350000,1e-5,1000,0.01,0.369,0.5,1000,0,1,0.001,0.1,45919,[1] ‚Äò0.2.0‚Äô,[1] ‚Äò2.0.1‚Äô,FALSE,200,0.05,simd_omp,  5.55M
b38462,22665788,2022-01-06T20:13:29Z,COMPLETED,01:45:53,275000,1,1000,0.01,0.267,0.5,1000,0,1,0.001,0.1,43354,[1] ‚Äò0.2.0‚Äô,[1] ‚Äò2.0.1‚Äô,FALSE,200,0.05,simd_omp,  8.6M
b38462,22665789,2022-01-06T20:13:32Z,COMPLETED,01:01:46,275000,0.1,1000,0.01,0.267,0.5,1000,0,1,0.001,0.1,33780,[1] ‚Äò0.2.0‚Äô,[1] ‚Äò2.0.1‚Äô,FALSE,200,0.05,simd_omp,  6.53M
b38462,22665790,2022-01-06T20:13:32Z,COMPLETED,00:55:18,275000,0.01,1000,0.01,0.267,0.5,1000,0,1,0.001,0.1,25744,[1] ‚Äò0.2.0‚Äô,[1] ‚Äò2.0.1‚Äô,FALSE,200,0.05,simd_omp,  6.25M
b38462,22665792,2022-01-06T20:13:32Z,COMPLETED,00:52:53,275000,1e-4,1000,0.01,0.267,0.5,1000,0,1,0.001,0.1,43690,[1] ‚Äò0.2.0‚Äô,[1] ‚Äò2.0.1‚Äô,FALSE,200,0.05,simd_omp,  6.03M
b38462,22665791,2022-01-06T20:13:32Z,COMPLETED,00:53:42,275000,0.001,1000,0.01,0.267,0.5,1000,0,1,0.001,0.1,26760,[1] ‚Äò0.2.0‚Äô,[1] ‚Äò2.0.1‚Äô,FALSE,200,0.05,simd_omp,  6.12M
b38462,22665793,2022-01-06T20:13:32Z,COMPLETED,00:53:16,275000,1e-5,1000,0.01,0.267,0.5,1000,0,1,0.001,0.1,6632,[1] ‚Äò0.2.0‚Äô,[1] ‚Äò2.0.1‚Äô,FALSE,200,0.05,simd_omp,  6.07M
b38462,22665794,2022-01-06T20:13:35Z,COMPLETED,01:30:55,200000,1,1000,0.01,0.209,0.5,1000,0,1,0.001,0.1,28523,[1] ‚Äò0.2.0‚Äô,[1] ‚Äò2.0.1‚Äô,FALSE,200,0.05,simd_omp,  7.47M
b38462,22665796,2022-01-06T20:13:35Z,COMPLETED,00:53:09,200000,0.01,1000,0.01,0.209,0.5,1000,0,1,0.001,0.1,21250,[1] ‚Äò0.2.0‚Äô,[1] ‚Äò2.0.1‚Äô,FALSE,200,0.05,simd_omp,  5.79M
b38462,22665795,2022-01-06T20:13:35Z,COMPLETED,00:57:39,200000,0.1,1000,0.01,0.209,0.5,1000,0,1,0.001,0.1,8177,[1] ‚Äò0.2.0‚Äô,[1] ‚Äò2.0.1‚Äô,FALSE,200,0.05,simd_omp,  6.05M
b38462,22665798,2022-01-06T20:13:35Z,COMPLETED,00:51:12,200000,1e-4,1000,0.01,0.209,0.5,1000,0,1,0.001,0.1,7225,[1] ‚Äò0.2.0‚Äô,[1] ‚Äò2.0.1‚Äô,FALSE,200,0.05,simd_omp,  5.61M
b38462,22665797,2022-01-06T20:13:35Z,COMPLETED,00:51:43,200000,0.001,1000,0.01,0.209,0.5,1000,0,1,0.001,0.1,15881,[1] ‚Äò0.2.0‚Äô,[1] ‚Äò2.0.1‚Äô,FALSE,200,0.05,simd_omp,  5.66M
b38462,22665799,2022-01-06T20:13:36Z,COMPLETED,00:50:19,200000,1e-5,1000,0.01,0.209,0.5,1000,0,1,0.001,0.1,30676,[1] ‚Äò0.2.0‚Äô,[1] ‚Äò2.0.1‚Äô,FALSE,200,0.05,simd_omp,  5.59M
b38462,22665800,2022-01-06T20:13:39Z,COMPLETED,01:39:39,185000,1,1000,0.01,0.172,0.5,1000,0,1,0.001,0.1,14973,[1] ‚Äò0.2.0‚Äô,[1] ‚Äò2.0.1‚Äô,FALSE,200,0.05,simd_omp,  8.14M
b38462,22665802,2022-01-06T20:13:39Z,COMPLETED,01:03:06,185000,0.01,1000,0.01,0.172,0.5,1000,0,1,0.001,0.1,18353,[1] ‚Äò0.2.0‚Äô,[1] ‚Äò2.0.1‚Äô,FALSE,200,0.05,simd_omp,  6.57M
b38462,22665801,2022-01-06T20:13:39Z,COMPLETED,01:07:18,185000,0.1,1000,0.01,0.172,0.5,1000,0,1,0.001,0.1,29683,[1] ‚Äò0.2.0‚Äô,[1] ‚Äò2.0.1‚Äô,FALSE,200,0.05,simd_omp,  6.68M
b38462,22665804,2022-01-06T20:13:39Z,COMPLETED,01:01:35,185000,1e-4,1000,0.01,0.172,0.5,1000,0,1,0.001,0.1,12540,[1] ‚Äò0.2.0‚Äô,[1] ‚Äò2.0.1‚Äô,FALSE,200,0.05,simd_omp,  6.41M
b38462,22665803,2022-01-06T20:13:39Z,COMPLETED,01:01:12,185000,0.001,1000,0.01,0.172,0.5,1000,0,1,0.001,0.1,13754,[1] ‚Äò0.2.0‚Äô,[1] ‚Äò2.0.1‚Äô,FALSE,200,0.05,simd_omp,  6.38M
b38462,22665807,2022-01-06T20:13:41Z,COMPLETED,01:18:18,170000,0.1,1000,0.01,0.146,0.5,1000,0,1,0.001,0.1,35078,[1] ‚Äò0.2.0‚Äô,[1] ‚Äò2.0.1‚Äô,FALSE,200,0.05,simd_omp,  7.32M
b38462,22665806,2022-01-06T20:13:41Z,COMPLETED,01:47:56,170000,1,1000,0.01,0.146,0.5,1000,0,1,0.001,0.1,14906,[1] ‚Äò0.2.0‚Äô,[1] ‚Äò2.0.1‚Äô,FALSE,200,0.05,simd_omp,  8.59M
b38462,22665805,2022-01-06T20:13:41Z,COMPLETED,01:00:27,185000,1e-5,1000,0.01,0.172,0.5,1000,0,1,0.001,0.1,38643,[1] ‚Äò0.2.0‚Äô,[1] ‚Äò2.0.1‚Äô,FALSE,200,0.05,simd_omp,  6.29M
b38462,22665808,2022-01-06T20:13:44Z,COMPLETED,01:12:42,170000,0.01,1000,0.01,0.146,0.5,1000,0,1,0.001,0.1,3526,[1] ‚Äò0.2.0‚Äô,[1] ‚Äò2.0.1‚Äô,FALSE,200,0.05,simd_omp,  7.04M
b38462,22665810,2022-01-06T20:13:44Z,COMPLETED,01:10:31,170000,1e-4,1000,0.01,0.146,0.5,1000,0,1,0.001,0.1,24174,[1] ‚Äò0.2.0‚Äô,[1] ‚Äò2.0.1‚Äô,FALSE,200,0.05,simd_omp,  6.82M
b38462,22665809,2022-01-06T20:13:44Z,COMPLETED,01:11:10,170000,0.001,1000,0.01,0.146,0.5,1000,0,1,0.001,0.1,38128,[1] ‚Äò0.2.0‚Äô,[1] ‚Äò2.0.1‚Äô,FALSE,200,0.05,simd_omp,  6.91M
b38462,22665811,2022-01-06T20:13:44Z,COMPLETED,01:10:19,170000,1e-5,1000,0.01,0.146,0.5,1000,0,1,0.001,0.1,46268,[1] ‚Äò0.2.0‚Äô,[1] ‚Äò2.0.1‚Äô,FALSE,200,0.05,simd_omp,  6.82M
b38462,22665815,2022-01-06T20:13:47Z,COMPLETED,01:20:16,155000,0.001,1000,0.01,0.127,0.5,1000,0,1,0.001,0.1,843,[1] ‚Äò0.2.0‚Äô,[1] ‚Äò2.0.1‚Äô,FALSE,200,0.05,simd_omp,  7.25M
b38462,22665812,2022-01-06T20:13:47Z,COMPLETED,01:55:05,155000,1,1000,0.01,0.127,0.5,1000,0,1,0.001,0.1,10243,[1] ‚Äò0.2.0‚Äô,[1] ‚Äò2.0.1‚Äô,FALSE,200,0.05,simd_omp,  8.84M
b38462,22665814,2022-01-06T20:13:48Z,COMPLETED,01:22:48,155000,0.01,1000,0.01,0.127,0.5,1000,0,1,0.001,0.1,16209,[1] ‚Äò0.2.0‚Äô,[1] ‚Äò2.0.1‚Äô,FALSE,200,0.05,simd_omp,  7.42M
b38462,22665813,2022-01-06T20:13:48Z,COMPLETED,01:27:09,155000,0.1,1000,0.01,0.127,0.5,1000,0,1,0.001,0.1,4360,[1] ‚Äò0.2.0‚Äô,[1] ‚Äò2.0.1‚Äô,FALSE,200,0.05,simd_omp,  7.66M
b38462,22665816,2022-01-06T20:13:50Z,COMPLETED,01:21:42,155000,1e-4,1000,0.01,0.127,0.5,1000,0,1,0.001,0.1,4366,[1] ‚Äò0.2.0‚Äô,[1] ‚Äò2.0.1‚Äô,FALSE,200,0.05,simd_omp,  7.36M
b38462,22665817,2022-01-06T20:13:50Z,COMPLETED,01:20:59,155000,1e-5,1000,0.01,0.127,0.5,1000,0,1,0.001,0.1,43149,[1] ‚Äò0.2.0‚Äô,[1] ‚Äò2.0.1‚Äô,FALSE,200,0.05,simd_omp,  7.35M
b38462,22665818,2022-01-06T20:13:50Z,COMPLETED,02:01:48,140000,1,1000,0.01,0.112,0.5,1000,0,1,0.001,0.1,11958,[1] ‚Äò0.2.0‚Äô,[1] ‚Äò2.0.1‚Äô,FALSE,200,0.05,simd_omp,  8.95M
b38462,22665820,2022-01-06T20:13:51Z,COMPLETED,01:31:29,140000,0.01,1000,0.01,0.112,0.5,1000,0,1,0.001,0.1,28385,[1] ‚Äò0.2.0‚Äô,[1] ‚Äò2.0.1‚Äô,FALSE,200,0.05,simd_omp,  7.56M
b38462,22665819,2022-01-06T20:13:51Z,COMPLETED,01:36:25,140000,0.1,1000,0.01,0.112,0.5,1000,0,1,0.001,0.1,20034,[1] ‚Äò0.2.0‚Äô,[1] ‚Äò2.0.1‚Äô,FALSE,200,0.05,simd_omp,  7.93M
b38462,22665821,2022-01-06T20:13:53Z,COMPLETED,01:30:34,140000,0.001,1000,0.01,0.112,0.5,1000,0,1,0.001,0.1,1272,[1] ‚Äò0.2.0‚Äô,[1] ‚Äò2.0.1‚Äô,FALSE,200,0.05,simd_omp,  7.64M
b38462,22665822,2022-01-06T20:13:54Z,COMPLETED,01:28:50,140000,1e-4,1000,0.01,0.112,0.5,1000,0,1,0.001,0.1,473,[1] ‚Äò0.2.0‚Äô,[1] ‚Äò2.0.1‚Äô,FALSE,200,0.05,simd_omp,  7.48M
b38462,22665823,2022-01-06T20:13:55Z,COMPLETED,01:28:09,140000,1e-5,1000,0.01,0.112,0.5,1000,0,1,0.001,0.1,2274,[1] ‚Äò0.2.0‚Äô,[1] ‚Äò2.0.1‚Äô,FALSE,200,0.05,simd_omp,  7.54M
b38462,22665824,2022-01-06T20:13:55Z,COMPLETED,02:05:46,125000,1,1000,0.01,0.1,0.5,1000,0,1,0.001,0.1,41940,[1] ‚Äò0.2.0‚Äô,[1] ‚Äò2.0.1‚Äô,FALSE,200,0.05,simd_omp,  8.85M
b38462,22665825,2022-01-06T20:13:57Z,COMPLETED,01:41:30,125000,0.1,1000,0.01,0.1,0.5,1000,0,1,0.001,0.1,47157,[1] ‚Äò0.2.0‚Äô,[1] ‚Äò2.0.1‚Äô,FALSE,200,0.05,simd_omp,  7.8M
b38462,22665827,2022-01-06T20:13:57Z,COMPLETED,01:35:25,125000,0.001,1000,0.01,0.1,0.5,1000,0,1,0.001,0.1,7797,[1] ‚Äò0.2.0‚Äô,[1] ‚Äò2.0.1‚Äô,FALSE,200,0.05,simd_omp,  7.52M
b38462,22665826,2022-01-06T20:13:57Z,COMPLETED,01:37:18,125000,0.01,1000,0.01,0.1,0.5,1000,0,1,0.001,0.1,21931,[1] ‚Äò0.2.0‚Äô,[1] ‚Äò2.0.1‚Äô,FALSE,200,0.05,simd_omp,  7.62M
b38462,22665828,2022-01-06T20:13:57Z,COMPLETED,01:35:57,125000,1e-4,1000,0.01,0.1,0.5,1000,0,1,0.001,0.1,39769,[1] ‚Äò0.2.0‚Äô,[1] ‚Äò2.0.1‚Äô,FALSE,200,0.05,simd_omp,  7.58M
b38462,22665829,2022-01-06T20:13:59Z,COMPLETED,01:33:51,125000,1e-5,1000,0.01,0.1,0.5,1000,0,1,0.001,0.1,37848,[1] ‚Äò0.2.0‚Äô,[1] ‚Äò2.0.1‚Äô,FALSE,200,0.05,simd_omp,  7.46M
b62566,22665780,2022-01-06T21:51:38Z,COMPLETED,01:40:49,110000,1e-4,1000,0.01,0.091,0.5,1000,0,1,0.001,0.1,15073,[1] ‚Äò0.2.0‚Äô,[1] ‚Äò2.0.1‚Äô,TRUE,NA,0.05,simd_omp,  1.72M
b62566,22665781,2022-01-06T21:53:37Z,COMPLETED,01:40:52,110000,1e-5,1000,0.01,0.091,0.5,1000,0,1,0.001,0.1,3108,[1] ‚Äò0.2.0‚Äô,[1] ‚Äò2.0.1‚Äô,TRUE,NA,0.05,simd_omp,  1.58M
b38462,22665830,2022-01-06T22:00:36Z,COMPLETED,02:08:39,110000,1,1000,0.01,0.091,0.5,1000,0,1,0.001,0.1,37270,[1] ‚Äò0.2.0‚Äô,[1] ‚Äò2.0.1‚Äô,FALSE,200,0.05,simd_omp,  8.45M
b38462,22665831,2022-01-06T22:54:37Z,COMPLETED,01:46:30,110000,0.1,1000,0.01,0.091,0.5,1000,0,1,0.001,0.1,7203,[1] ‚Äò0.2.0‚Äô,[1] ‚Äò2.0.1‚Äô,FALSE,200,0.05,simd_omp,  7.57M
b38462,22665832,2022-01-06T23:32:37Z,COMPLETED,01:41:50,110000,0.01,1000,0.01,0.091,0.5,1000,0,1,0.001,0.1,18928,[1] ‚Äò0.2.0‚Äô,[1] ‚Äò2.0.1‚Äô,FALSE,200,0.05,simd_omp,  7.38M
b38462,22665833,2022-01-06T23:34:36Z,COMPLETED,01:40:21,110000,0.001,1000,0.01,0.091,0.5,1000,0,1,0.001,0.1,2204,[1] ‚Äò0.2.0‚Äô,[1] ‚Äò2.0.1‚Äô,FALSE,200,0.05,simd_omp,  7.39M
b38462,22665834,2022-01-07T00:09:37Z,COMPLETED,01:40:50,110000,1e-4,1000,0.01,0.091,0.5,1000,0,1,0.001,0.1,15073,[1] ‚Äò0.2.0‚Äô,[1] ‚Äò2.0.1‚Äô,FALSE,200,0.05,simd_omp,  7.33M
b38462,22665835,2022-01-07T00:41:36Z,COMPLETED,01:41:15,110000,1e-5,1000,0.01,0.091,0.5,1000,0,1,0.001,0.1,3108,[1] ‚Äò0.2.0‚Äô,[1] ‚Äò2.0.1‚Äô,FALSE,200,0.05,simd_omp,  7.38M
b88382,22667894,2022-01-07T11:29:02Z,"CANCELLED,TIMEOUT",15:00:04,350000,1,1000,0.01,0.369,4,1000,0,1,0.001,0.1,9270,[1] ‘0.2.0’,[1] ‘2.0.1’,FALSE,200,0.05,simd_omp, 35.88M
b88382,22667895,2022-01-07T11:29:03Z,"CANCELLED,TIMEOUT",15:00:01,350000,0.1,1000,0.01,0.369,4,1000,0,1,0.001,0.1,41640,[1] ‘0.2.0’,[1] ‘2.0.1’,FALSE,200,0.05,simd_omp, 36.12M
b88382,22667896,2022-01-07T11:29:04Z,"TIMEOUT,CANCELLED",15:00:31,350000,0.01,1000,0.01,0.369,4,1000,0,1,0.001,0.1,43496,[1] ‘0.2.0’,[1] ‘2.0.1’,FALSE,200,0.05,simd_omp, 36.18M
b88382,22667897,2022-01-07T11:29:06Z,"CANCELLED,TIMEOUT",15:00:29,350000,0.001,1000,0.01,0.369,4,1000,0,1,0.001,0.1,48961,[1] ‘0.2.0’,[1] ‘2.0.1’,FALSE,200,0.05,simd_omp, 36.62M
b88382,22667898,2022-01-07T11:29:10Z,"TIMEOUT,CANCELLED",15:00:26,350000,1e-4,1000,0.01,0.369,4,1000,0,1,0.001,0.1,43304,[1] ‘0.2.0’,[1] ‘2.0.1’,FALSE,200,0.05,simd_omp, 37.43M
b88382,22667899,2022-01-07T11:29:12Z,"TIMEOUT,CANCELLED",15:00:23,350000,1e-5,1000,0.01,0.369,4,1000,0,1,0.001,0.1,12887,[1] ‘0.2.0’,[1] ‘2.0.1’,FALSE,200,0.05,simd_omp, 38.34M
b88382,22667900,2022-01-07T11:29:17Z,"CANCELLED,TIMEOUT",1-01:00:24,275000,1,1000,0.01,0.267,4,1000,0,1,0.001,0.1,29531,[1] ‘0.2.0’,[1] ‘2.0.1’,FALSE,200,0.05,simd_omp, 44.87M
b88382,22667901,2022-01-07T11:29:18Z,"CANCELLED,TIMEOUT",1-01:00:21,275000,0.1,1000,0.01,0.267,4,1000,0,1,0.001,0.1,43528,[1] ‘0.2.0’,[1] ‘2.0.1’,FALSE,200,0.05,simd_omp, 44.96M
b88382,22667902,2022-01-07T11:29:21Z,"TIMEOUT,CANCELLED",1-01:00:18,275000,0.01,1000,0.01,0.267,4,1000,0,1,0.001,0.1,46523,[1] ‘0.2.0’,[1] ‘2.0.1’,FALSE,200,0.05,simd_omp, 44.88M
b88382,22667903,2022-01-07T11:29:24Z,"CANCELLED,TIMEOUT",1-01:00:15,275000,0.001,1000,0.01,0.267,4,1000,0,1,0.001,0.1,21793,[1] ‘0.2.0’,[1] ‘2.0.1’,FALSE,200,0.05,simd_omp, 45.27M
b88382,22667904,2022-01-07T11:29:29Z,COMPLETED,23:52:45,275000,1e-4,1000,0.01,0.267,4,1000,0,1,0.001,0.1,22097,[1] ‘0.2.0’,[1] ‘2.0.1’,FALSE,200,0.05,simd_omp, 44.32M
b88382,22667905,2022-01-07T11:29:31Z,COMPLETED,22:48:33,275000,1e-5,1000,0.01,0.267,4,1000,0,1,0.001,0.1,45192,[1] ‘0.2.0’,[1] ‘2.0.1’,FALSE,200,0.05,simd_omp, 42.99M
b88382,22667906,2022-01-07T11:29:34Z,"CANCELLED,TIMEOUT",1-01:00:08,200000,1,1000,0.01,0.209,4,1000,0,1,0.001,0.1,37413,[1] ‘0.2.0’,[1] ‘2.0.1’,FALSE,200,0.05,simd_omp, 35.64M
b88382,22667907,2022-01-07T11:29:42Z,"CANCELLED,TIMEOUT",1-01:00:06,200000,0.1,1000,0.01,0.209,4,1000,0,1,0.001,0.1,32740,[1] ‘0.2.0’,[1] ‘2.0.1’,FALSE,200,0.05,simd_omp, 35.25M
b88382,22667908,2022-01-07T11:29:43Z,"CANCELLED,TIMEOUT",1-01:00:06,200000,0.01,1000,0.01,0.209,4,1000,0,1,0.001,0.1,48371,[1] ‘0.2.0’,[1] ‘2.0.1’,FALSE,200,0.05,simd_omp, 35.48M
b88382,22667909,2022-01-07T11:29:43Z,"CANCELLED,TIMEOUT",1-01:00:06,200000,0.001,1000,0.01,0.209,4,1000,0,1,0.001,0.1,42563,[1] ‘0.2.0’,[1] ‘2.0.1’,FALSE,200,0.05,simd_omp, 35.93M
b88382,22667910,2022-01-07T11:29:44Z,"CANCELLED,TIMEOUT",1-01:00:06,200000,1e-4,1000,0.01,0.209,4,1000,0,1,0.001,0.1,32782,[1] ‘0.2.0’,[1] ‘2.0.1’,FALSE,200,0.05,simd_omp, 36.78M
b88382,22667911,2022-01-07T11:29:45Z,"TIMEOUT,CANCELLED",1-01:00:06,200000,1e-5,1000,0.01,0.209,4,1000,0,1,0.001,0.1,30021,[1] ‘0.2.0’,[1] ‘2.0.1’,FALSE,200,0.05,simd_omp, 37.5M
b88382,22667912,2022-01-07T11:29:46Z,"TIMEOUT,CANCELLED",1-16:00:09,185000,1,1000,0.01,0.172,4,1000,0,1,0.001,0.1,20103,[1] ‘0.2.0’,[1] ‘2.0.1’,FALSE,200,0.05,simd_omp, 47.22M
b88382,22667913,2022-01-07T11:29:47Z,"CANCELLED,TIMEOUT",1-16:00:09,185000,0.1,1000,0.01,0.172,4,1000,0,1,0.001,0.1,9334,[1] ‘0.2.0’,[1] ‘2.0.1’,FALSE,200,0.05,simd_omp, 47.05M
b88382,22667914,2022-01-07T11:29:47Z,"TIMEOUT,CANCELLED",1-16:00:09,185000,0.01,1000,0.01,0.172,4,1000,0,1,0.001,0.1,3279,[1] ‘0.2.0’,[1] ‘2.0.1’,FALSE,200,0.05,simd_omp, 47.16M
b88382,22667915,2022-01-07T11:29:48Z,"TIMEOUT,CANCELLED",1-16:00:09,185000,0.001,1000,0.01,0.172,4,1000,0,1,0.001,0.1,1320,[1] ‘0.2.0’,[1] ‘2.0.1’,FALSE,200,0.05,simd_omp, 47.64M
b88382,22667916,2022-01-07T11:29:49Z,COMPLETED,1-09:50:37,185000,1e-4,1000,0.01,0.172,4,1000,0,1,0.001,0.1,36434,[1] ‘0.2.0’,[1] ‘2.0.1’,FALSE,200,0.05,simd_omp, 41.72M
b88382,22667917,2022-01-07T11:29:49Z,COMPLETED,1-11:19:08,185000,1e-5,1000,0.01,0.172,4,1000,0,1,0.001,0.1,22468,[1] ‘0.2.0’,[1] ‘2.0.1’,FALSE,200,0.05,simd_omp, 43.89M
b88382,22667918,2022-01-07T11:29:49Z,COMPLETED,2-08:37:12,170000,1,1000,0.01,0.146,4,1000,0,1,0.001,0.1,33452,[1] ‘0.2.0’,[1] ‘2.0.1’,FALSE,200,0.05,simd_omp, 57.08M
b88382,22667919,2022-01-07T11:29:50Z,COMPLETED,2-06:59:22,170000,0.1,1000,0.01,0.146,4,1000,0,1,0.001,0.1,18907,[1] ‘0.2.0’,[1] ‘2.0.1’,FALSE,200,0.05,simd_omp, 55.34M
b88382,22667920,2022-01-07T11:29:50Z,COMPLETED,2-05:40:13,170000,0.01,1000,0.01,0.146,4,1000,0,1,0.001,0.1,6598,[1] ‘0.2.0’,[1] ‘2.0.1’,FALSE,200,0.05,simd_omp, 54.25M
b88382,22667921,2022-01-07T11:29:50Z,COMPLETED,2-04:24:16,170000,0.001,1000,0.01,0.146,4,1000,0,1,0.001,0.1,4963,[1] ‘0.2.0’,[1] ‘2.0.1’,FALSE,200,0.05,simd_omp, 53.3M
b88382,22667922,2022-01-07T11:29:50Z,COMPLETED,1-18:11:37,170000,1e-4,1000,0.01,0.146,4,1000,0,1,0.001,0.1,33869,[1] ‘0.2.0’,[1] ‘2.0.1’,FALSE,200,0.05,simd_omp, 45.05M
b88382,22667923,2022-01-07T11:29:51Z,COMPLETED,1-11:35:55,170000,1e-5,1000,0.01,0.146,4,1000,0,1,0.001,0.1,23540,[1] ‘0.2.0’,[1] ‘2.0.1’,FALSE,200,0.05,simd_omp, 39.05M
b88382,22667924,2022-01-07T11:29:51Z,"TIMEOUT,CANCELLED",2-12:00:33,155000,1,1000,0.01,0.127,4,1000,0,1,0.001,0.1,18613,[1] ‘0.2.0’,[1] ‘2.0.1’,FALSE,200,0.05,simd_omp, 52.81M
b88382,22667925,2022-01-07T11:29:51Z,"CANCELLED,TIMEOUT",2-12:00:33,155000,0.1,1000,0.01,0.127,4,1000,0,1,0.001,0.1,26939,[1] ‘0.2.0’,[1] ‘2.0.1’,FALSE,200,0.05,simd_omp, 52.49M
b88382,22667926,2022-01-07T11:29:51Z,"TIMEOUT,CANCELLED",2-12:00:33,155000,0.01,1000,0.01,0.127,4,1000,0,1,0.001,0.1,19644,[1] ‘0.2.0’,[1] ‘2.0.1’,FALSE,200,0.05,simd_omp, 52.85M
b88382,22667929,2022-01-07T11:29:51Z,COMPLETED,2-10:50:53,155000,1e-5,1000,0.01,0.127,4,1000,0,1,0.001,0.1,49788,[1] ‘0.2.0’,[1] ‘2.0.1’,FALSE,200,0.05,simd_omp, 53.16M
b88382,22667927,2022-01-07T11:29:51Z,"TIMEOUT,CANCELLED",2-12:00:33,155000,0.001,1000,0.01,0.127,4,1000,0,1,0.001,0.1,44091,[1] ‘0.2.0’,[1] ‘2.0.1’,FALSE,200,0.05,simd_omp, 53.54M
b88382,22667928,2022-01-07T11:29:51Z,COMPLETED,2-01:30:49,155000,1e-4,1000,0.01,0.127,4,1000,0,1,0.001,0.1,34652,[1] ‘0.2.0’,[1] ‘2.0.1’,FALSE,200,0.05,simd_omp, 46.78M
b88382,22667930,2022-01-07T11:29:52Z,"TIMEOUT,CANCELLED",2-12:00:33,140000,1,1000,0.01,0.112,4,1000,0,1,0.001,0.1,23644,[1] ‘0.2.0’,[1] ‘2.0.1’,FALSE,200,0.05,simd_omp, 46.49M
b88382,22667931,2022-01-07T11:29:52Z,"TIMEOUT,CANCELLED",2-12:00:33,140000,0.1,1000,0.01,0.112,4,1000,0,1,0.001,0.1,31500,[1] ‘0.2.0’,[1] ‘2.0.1’,FALSE,200,0.05,simd_omp, 46.51M
b88382,22667932,2022-01-07T11:29:52Z,"TIMEOUT,CANCELLED",2-12:00:33,140000,0.01,1000,0.01,0.112,4,1000,0,1,0.001,0.1,4326,[1] ‘0.2.0’,[1] ‘2.0.1’,FALSE,200,0.05,simd_omp, 46.68M
b88382,22667933,2022-01-07T11:29:52Z,"TIMEOUT,CANCELLED",2-12:00:33,140000,0.001,1000,0.01,0.112,4,1000,0,1,0.001,0.1,6354,[1] ‘0.2.0’,[1] ‘2.0.1’,FALSE,200,0.05,simd_omp, 47.25M
b88382,22667934,2022-01-07T11:29:52Z,"CANCELLED,TIMEOUT",2-12:00:33,140000,1e-4,1000,0.01,0.112,4,1000,0,1,0.001,0.1,5981,[1] ‘0.2.0’,[1] ‘2.0.1’,FALSE,200,0.05,simd_omp, 49.11M
b88382,22667935,2022-01-07T11:29:53Z,"CANCELLED,TIMEOUT",2-12:00:33,140000,1e-5,1000,0.01,0.112,4,1000,0,1,0.001,0.1,45494,[1] ‘0.2.0’,[1] ‘2.0.1’,FALSE,200,0.05,simd_omp, 49.64M
b88382,22667936,2022-01-07T11:29:53Z,"CANCELLED,TIMEOUT",2-12:00:33,125000,1,1000,0.01,0.1,4,1000,0,1,0.001,0.1,22504,[1] ‘0.2.0’,[1] ‘2.0.1’,FALSE,200,0.05,simd_omp, 41.63M
b88382,22667937,2022-01-07T11:29:53Z,"CANCELLED,TIMEOUT",2-12:00:33,125000,0.1,1000,0.01,0.1,4,1000,0,1,0.001,0.1,32084,[1] ‘0.2.0’,[1] ‘2.0.1’,FALSE,200,0.05,simd_omp, 41.63M
b88382,22667938,2022-01-07T11:29:54Z,"TIMEOUT,CANCELLED",2-12:00:33,125000,0.01,1000,0.01,0.1,4,1000,0,1,0.001,0.1,3860,[1] ‘0.2.0’,[1] ‘2.0.1’,FALSE,200,0.05,simd_omp, 41.96M
b88382,22667939,2022-01-07T11:29:54Z,"CANCELLED,TIMEOUT",2-12:00:33,125000,0.001,1000,0.01,0.1,4,1000,0,1,0.001,0.1,22120,[1] ‘0.2.0’,[1] ‘2.0.1’,FALSE,200,0.05,simd_omp, 42.18M
b88382,22667942,2022-01-07T11:29:54Z,"CANCELLED,TIMEOUT",3-08:00:03,110000,1,1000,0.01,0.091,4,1000,0,1,0.001,0.1,47008,[1] ‘0.2.0’,[1] ‘2.0.1’,FALSE,200,0.05,simd_omp, 50.95M
b88382,22667940,2022-01-07T11:29:54Z,"TIMEOUT,CANCELLED",2-12:00:33,125000,1e-4,1000,0.01,0.1,4,1000,0,1,0.001,0.1,49117,[1] ‘0.2.0’,[1] ‘2.0.1’,FALSE,200,0.05,simd_omp, 43.79M
b88382,22667944,2022-01-07T11:29:55Z,"TIMEOUT,CANCELLED",3-08:00:02,110000,0.01,1000,0.01,0.091,4,1000,0,1,0.001,0.1,3378,[1] ‘0.2.0’,[1] ‘2.0.1’,FALSE,200,0.05,simd_omp, 51.12M
b88382,22667945,2022-01-07T11:29:55Z,"TIMEOUT,CANCELLED",3-08:00:02,110000,0.001,1000,0.01,0.091,4,1000,0,1,0.001,0.1,39493,[1] ‘0.2.0’,[1] ‘2.0.1’,FALSE,200,0.05,simd_omp, 51.83M
b88382,22667943,2022-01-07T11:29:55Z,"CANCELLED,TIMEOUT",3-08:00:02,110000,0.1,1000,0.01,0.091,4,1000,0,1,0.001,0.1,7328,[1] ‘0.2.0’,[1] ‘2.0.1’,FALSE,200,0.05,simd_omp, 50.81M
b88382,22667941,2022-01-07T11:29:55Z,"CANCELLED,TIMEOUT",2-12:00:33,125000,1e-5,1000,0.01,0.1,4,1000,0,1,0.001,0.1,39000,[1] ‘0.2.0’,[1] ‘2.0.1’,FALSE,200,0.05,simd_omp, 44.7M
b88382,22667946,2022-01-10T19:29:41Z,RUNNING,1-19:09:54,110000,1e-4,1000,0.01,0.091,4,1000,0,1,0.001,0.1,42009,[1] ‘0.2.0’,[1] ‘2.0.1’,FALSE,200,0.05,simd_omp, 24.82M
b88382,22667947,2022-01-10T19:29:41Z,RUNNING,1-19:09:55,110000,1e-5,1000,0.01,0.091,4,1000,0,1,0.001,0.1,23322,[1] ‘0.2.0’,[1] ‘2.0.1’,FALSE,200,0.05,simd_omp, 25.62M
b35244,22748918,2022-01-13T13:26:58Z,COMPLETED,1-00:16:48,185000,0.01,1000,0.01,0.172,3,1000,0,1,0.001,0.1,11896,[1] ‘0.2.0’,[1] ‘2.0.1’,FALSE,200,0.05,simd_omp, 37.84M
b35244,22748915,2022-01-13T13:26:58Z,COMPLETED,1-02:00:04,185000,1,1000,0.01,0.172,3,1000,0,1,0.001,0.1,49123,[1] ‘0.2.0’,[1] ‘2.0.1’,FALSE,200,0.05,simd_omp, 40.43M
b35244,22748920,2022-01-13T13:26:58Z,COMPLETED,23:28:36,185000,5e-4,1000,0.01,0.172,3,1000,0,1,0.001,0.1,3927,[1] ‘0.2.0’,[1] ‘2.0.1’,FALSE,200,0.05,simd_omp, 36.93M
b35244,22748923,2022-01-13T13:26:58Z,FAILED,00:00:16,185000,0,1000,0.01,0.172,3,1000,0,1,0.001,0.1,46462,[1] ‘0.2.0’,[1] ‘2.0.1’,FALSE,200,0.05,simd_omp, 36K
b35244,22748910,2022-01-13T13:26:58Z,COMPLETED,17:24:07,200000,0.001,1000,0.01,0.209,3,1000,0,1,0.001,0.1,21176,[1] ‘0.2.0’,[1] ‘2.0.1’,FALSE,200,0.05,simd_omp, 32.87M
b35244,22748919,2022-01-13T13:26:58Z,COMPLETED,23:34:39,185000,0.001,1000,0.01,0.172,3,1000,0,1,0.001,0.1,35380,[1] ‘0.2.0’,[1] ‘2.0.1’,FALSE,200,0.05,simd_omp, 36.99M
b35244,22748909,2022-01-13T13:26:58Z,COMPLETED,17:54:07,200000,0.01,1000,0.01,0.209,3,1000,0,1,0.001,0.1,18828,[1] ‘0.2.0’,[1] ‘2.0.1’,FALSE,200,0.05,simd_omp, 33.46M
b35244,22748914,2022-01-13T13:26:58Z,FAILED,00:00:16,200000,0,1000,0.01,0.209,3,1000,0,1,0.001,0.1,3631,[1] ‘0.2.0’,[1] ‘2.0.1’,FALSE,200,0.05,simd_omp, 36K
b35244,22748917,2022-01-13T13:26:58Z,COMPLETED,1-00:46:03,185000,0.1,1000,0.01,0.172,3,1000,0,1,0.001,0.1,29858,[1] ‘0.2.0’,[1] ‘2.0.1’,FALSE,200,0.05,simd_omp, 38.45M
b35244,22748921,2022-01-13T13:26:58Z,COMPLETED,22:10:27,185000,1e-4,1000,0.01,0.172,3,1000,0,1,0.001,0.1,41340,[1] ‘0.2.0’,[1] ‘2.0.1’,FALSE,200,0.05,simd_omp, 35.12M
b35244,22748912,2022-01-13T13:26:58Z,COMPLETED,16:43:33,200000,5e-4,1000,0.01,0.209,3,1000,0,1,0.001,0.1,49868,[1] ‘0.2.0’,[1] ‘2.0.1’,FALSE,200,0.05,simd_omp, 31.88M
b35244,22748913,2022-01-13T13:26:58Z,COMPLETED,16:03:07,200000,1e-4,1000,0.01,0.209,3,1000,0,1,0.001,0.1,21326,[1] ‘0.2.0’,[1] ‘2.0.1’,FALSE,200,0.05,simd_omp, 30.42M
b35244,22748900,2022-01-13T13:27:03Z,COMPLETED,15:20:12,275000,0.01,1000,0.01,0.267,3,1000,0,1,0.001,0.1,18779,[1] ‘0.2.0’,[1] ‘2.0.1’,FALSE,200,0.05,simd_omp, 35.95M
b35244,22748902,2022-01-13T13:27:03Z,COMPLETED,14:57:08,275000,0.001,1000,0.01,0.267,3,1000,0,1,0.001,0.1,42117,[1] ‘0.2.0’,[1] ‘2.0.1’,FALSE,200,0.05,simd_omp, 35.3M
b35244,22748908,2022-01-13T13:27:03Z,COMPLETED,18:28:47,200000,0.1,1000,0.01,0.209,3,1000,0,1,0.001,0.1,2368,[1] ‘0.2.0’,[1] ‘2.0.1’,FALSE,200,0.05,simd_omp, 34.29M
b35244,22748905,2022-01-13T13:27:03Z,FAILED,00:00:17,275000,0,1000,0.01,0.267,3,1000,0,1,0.001,0.1,5954,[1] ‘0.2.0’,[1] ‘2.0.1’,FALSE,200,0.05,simd_omp, 36K
b35244,22748897,2022-01-13T13:27:03Z,FAILED,00:00:17,350000,0,1000,0.01,0.369,3,1000,0,1,0.001,0.1,12258,[1] ‘0.2.0’,[1] ‘2.0.1’,FALSE,200,0.05,simd_omp, 36K
b35244,22748899,2022-01-13T13:27:03Z,COMPLETED,15:52:11,275000,0.1,1000,0.01,0.267,3,1000,0,1,0.001,0.1,3525,[1] ‘0.2.0’,[1] ‘2.0.1’,FALSE,200,0.05,simd_omp, 37.18M
b35244,22748895,2022-01-13T13:27:03Z,COMPLETED,09:28:47,350000,1e-4,1000,0.01,0.369,3,1000,0,1,0.001,0.1,7952,[1] ‘0.2.0’,[1] ‘2.0.1’,FALSE,200,0.05,simd_omp, 30.47M
b35244,22748889,2022-01-13T13:27:03Z,COMPLETED,12:38:53,350000,1,1000,0.01,0.369,3,1000,0,1,0.001,0.1,41007,[1] ‘0.2.0’,[1] ‘2.0.1’,FALSE,200,0.05,simd_omp, 37.91M
b35244,22748890,2022-01-13T13:27:03Z,COMPLETED,11:01:59,350000,0.1,1000,0.01,0.369,3,1000,0,1,0.001,0.1,28055,[1] ‘0.2.0’,[1] ‘2.0.1’,FALSE,200,0.05,simd_omp, 34.45M
b35244,22748892,2022-01-13T13:27:03Z,COMPLETED,10:44:52,350000,0.01,1000,0.01,0.369,3,1000,0,1,0.001,0.1,2111,[1] ‘0.2.0’,[1] ‘2.0.1’,FALSE,200,0.05,simd_omp, 33.71M
b35244,22748894,2022-01-13T13:27:03Z,COMPLETED,10:07:47,350000,5e-4,1000,0.01,0.369,3,1000,0,1,0.001,0.1,19001,[1] ‘0.2.0’,[1] ‘2.0.1’,FALSE,200,0.05,simd_omp, 32.13M
b35244,22748903,2022-01-13T13:27:03Z,COMPLETED,14:46:56,275000,5e-4,1000,0.01,0.267,3,1000,0,1,0.001,0.1,41085,[1] ‘0.2.0’,[1] ‘2.0.1’,FALSE,200,0.05,simd_omp, 34.96M
b35244,22748898,2022-01-13T13:27:03Z,COMPLETED,17:17:22,275000,1,1000,0.01,0.267,3,1000,0,1,0.001,0.1,16828,[1] ‘0.2.0’,[1] ‘2.0.1’,FALSE,200,0.05,simd_omp, 40.2M
b35244,22748907,2022-01-13T13:27:03Z,COMPLETED,19:37:03,200000,1,1000,0.01,0.209,3,1000,0,1,0.001,0.1,2180,[1] ‘0.2.0’,[1] ‘2.0.1’,FALSE,200,0.05,simd_omp, 36.54M
b35244,22748904,2022-01-13T13:27:03Z,COMPLETED,13:19:26,275000,1e-4,1000,0.01,0.267,3,1000,0,1,0.001,0.1,35721,[1] ‘0.2.0’,[1] ‘2.0.1’,FALSE,200,0.05,simd_omp, 31.68M
b35244,22748893,2022-01-13T13:27:03Z,COMPLETED,10:16:22,350000,0.001,1000,0.01,0.369,3,1000,0,1,0.001,0.1,44997,[1] ‘0.2.0’,[1] ‘2.0.1’,FALSE,200,0.05,simd_omp, 32.38M
b35244,22748952,2022-01-13T13:27:04Z,COMPLETED,2-01:55:48,125000,1,1000,0.01,0.1,3,1000,0,1,0.001,0.1,24806,[1] ‘0.2.0’,[1] ‘2.0.1’,FALSE,200,0.05,simd_omp, 46.41M
b35244,22748947,2022-01-13T13:27:04Z,COMPLETED,1-16:09:20,140000,0.001,1000,0.01,0.112,3,1000,0,1,0.001,0.1,47831,[1] ‘0.2.0’,[1] ‘2.0.1’,FALSE,200,0.05,simd_omp, 42.05M
b35244,22748950,2022-01-13T13:27:04Z,COMPLETED,1-14:39:27,140000,1e-4,1000,0.01,0.112,3,1000,0,1,0.001,0.1,21021,[1] ‘0.2.0’,[1] ‘2.0.1’,FALSE,200,0.05,simd_omp, 41.39M
b35244,22748948,2022-01-13T13:27:04Z,COMPLETED,1-15:57:30,140000,5e-4,1000,0.01,0.112,3,1000,0,1,0.001,0.1,20282,[1] ‘0.2.0’,[1] ‘2.0.1’,FALSE,200,0.05,simd_omp, 42.21M
b35244,22748946,2022-01-13T13:27:04Z,COMPLETED,1-18:38:13,140000,0.01,1000,0.01,0.112,3,1000,0,1,0.001,0.1,34422,[1] ‘0.2.0’,[1] ‘2.0.1’,FALSE,200,0.05,simd_omp, 44.02M
b35244,22748951,2022-01-13T13:27:04Z,FAILED,00:00:23,140000,0,1000,0.01,0.112,3,1000,0,1,0.001,0.1,30402,[1] ‘0.2.0’,[1] ‘2.0.1’,FALSE,200,0.05,simd_omp, 36K
b35244,22748942,2022-01-13T13:27:04Z,FAILED,00:00:23,155000,0,1000,0.01,0.127,3,1000,0,1,0.001,0.1,43327,[1] ‘0.2.0’,[1] ‘2.0.1’,FALSE,200,0.05,simd_omp, 36K
b35244,22748938,2022-01-13T13:27:04Z,COMPLETED,1-11:48:13,155000,0.001,1000,0.01,0.127,3,1000,0,1,0.001,0.1,30913,[1] ‘0.2.0’,[1] ‘2.0.1’,FALSE,200,0.05,simd_omp, 42.37M
b35244,22748941,2022-01-13T13:27:04Z,COMPLETED,1-10:05:46,155000,1e-4,1000,0.01,0.127,3,1000,0,1,0.001,0.1,38906,[1] ‘0.2.0’,[1] ‘2.0.1’,FALSE,200,0.05,simd_omp, 40.89M
b35244,22748940,2022-01-13T13:27:04Z,COMPLETED,1-10:55:16,155000,5e-4,1000,0.01,0.127,3,1000,0,1,0.001,0.1,38838,[1] ‘0.2.0’,[1] ‘2.0.1’,FALSE,200,0.05,simd_omp, 41.41M
b35244,22748945,2022-01-13T13:27:04Z,COMPLETED,1-19:35:45,140000,0.1,1000,0.01,0.112,3,1000,0,1,0.001,0.1,29780,[1] ‘0.2.0’,[1] ‘2.0.1’,FALSE,200,0.05,simd_omp, 45.22M
b35244,22748943,2022-01-13T13:27:04Z,COMPLETED,1-20:53:14,140000,1,1000,0.01,0.112,3,1000,0,1,0.001,0.1,39118,[1] ‘0.2.0’,[1] ‘2.0.1’,FALSE,200,0.05,simd_omp, 46.66M
b35244,22748937,2022-01-13T13:27:04Z,COMPLETED,1-13:07:11,155000,0.01,1000,0.01,0.127,3,1000,0,1,0.001,0.1,37385,[1] ‘0.2.0’,[1] ‘2.0.1’,FALSE,200,0.05,simd_omp, 43.43M
b35244,22748930,2022-01-13T13:27:04Z,COMPLETED,1-04:05:53,170000,1e-4,1000,0.01,0.146,3,1000,0,1,0.001,0.1,48402,[1] ‘0.2.0’,[1] ‘2.0.1’,FALSE,200,0.05,simd_omp, 38.76M
b35244,22748935,2022-01-13T13:27:04Z,COMPLETED,1-14:56:33,155000,1,1000,0.01,0.127,3,1000,0,1,0.001,0.1,48137,[1] ‘0.2.0’,[1] ‘2.0.1’,FALSE,200,0.05,simd_omp, 45.19M
b35244,22748928,2022-01-13T13:27:04Z,COMPLETED,1-04:54:34,170000,0.001,1000,0.01,0.146,3,1000,0,1,0.001,0.1,22606,[1] ‘0.2.0’,[1] ‘2.0.1’,FALSE,200,0.05,simd_omp, 39.07M
b35244,22748925,2022-01-13T13:27:04Z,COMPLETED,1-07:28:03,170000,0.1,1000,0.01,0.146,3,1000,0,1,0.001,0.1,33400,[1] ‘0.2.0’,[1] ‘2.0.1’,FALSE,200,0.05,simd_omp, 41.87M
b35244,22748926,2022-01-13T13:27:04Z,COMPLETED,1-06:48:23,170000,0.01,1000,0.01,0.146,3,1000,0,1,0.001,0.1,43700,[1] ‘0.2.0’,[1] ‘2.0.1’,FALSE,200,0.05,simd_omp, 41.26M
b35244,22748929,2022-01-13T13:27:04Z,COMPLETED,1-04:28:46,170000,5e-4,1000,0.01,0.146,3,1000,0,1,0.001,0.1,30584,[1] ‘0.2.0’,[1] ‘2.0.1’,FALSE,200,0.05,simd_omp, 38.71M
b35244,22748936,2022-01-13T13:27:04Z,COMPLETED,1-13:32:48,155000,0.1,1000,0.01,0.127,3,1000,0,1,0.001,0.1,38147,[1] ‘0.2.0’,[1] ‘2.0.1’,FALSE,200,0.05,simd_omp, 43.71M
b35244,22748931,2022-01-13T13:27:04Z,FAILED,00:00:22,170000,0,1000,0.01,0.146,3,1000,0,1,0.001,0.1,10774,[1] ‘0.2.0’,[1] ‘2.0.1’,FALSE,200,0.05,simd_omp, 36K
b35244,22748924,2022-01-13T13:27:04Z,COMPLETED,1-08:45:57,170000,1,1000,0.01,0.146,3,1000,0,1,0.001,0.1,21988,[1] ‘0.2.0’,[1] ‘2.0.1’,FALSE,200,0.05,simd_omp, 43.64M
b35244,22748953,2022-01-13T13:27:09Z,COMPLETED,2-00:41:25,125000,0.1,1000,0.01,0.1,3,1000,0,1,0.001,0.1,24443,[1] ‘0.2.0’,[1] ‘2.0.1’,FALSE,200,0.05,simd_omp, 45.18M
b35244,22748955,2022-01-13T13:27:58Z,COMPLETED,1-23:52:32,125000,0.01,1000,0.01,0.1,3,1000,0,1,0.001,0.1,35079,[1] ‘0.2.0’,[1] ‘2.0.1’,FALSE,200,0.05,simd_omp, 44.58M
b35244,22748956,2022-01-13T15:22:11Z,COMPLETED,1-21:56:55,125000,0.001,1000,0.01,0.1,3,1000,0,1,0.001,0.1,12830,[1] ‘0.2.0’,[1] ‘2.0.1’,FALSE,200,0.05,simd_omp, 43.53M
b35244,22748957,2022-01-13T16:14:57Z,COMPLETED,1-21:38:03,125000,5e-4,1000,0.01,0.1,3,1000,0,1,0.001,0.1,24948,[1] ‘0.2.0’,[1] ‘2.0.1’,FALSE,200,0.05,simd_omp, 43.09M
b35244,22748959,2022-01-13T16:24:01Z,COMPLETED,1-19:24:41,125000,1e-4,1000,0.01,0.1,3,1000,0,1,0.001,0.1,25524,[1] ‘0.2.0’,[1] ‘2.0.1’,FALSE,200,0.05,simd_omp, 41.66M
b35244,22748960,2022-01-13T19:59:26Z,FAILED,00:00:15,125000,0,1000,0.01,0.1,3,1000,0,1,0.001,0.1,32220,[1] ‘0.2.0’,[1] ‘2.0.1’,FALSE,200,0.05,simd_omp, 36K
b35244,22748961,2022-01-13T20:00:13Z,RUNNING,2-03:00:50,110000,1,1000,0.01,0.091,3,1000,0,1,0.001,0.1,30446,[1] ‘0.2.0’,[1] ‘2.0.1’,FALSE,200,0.05,simd_omp, 43.2M
b35244,22748962,2022-01-13T21:50:27Z,RUNNING,2-01:10:39,110000,0.1,1000,0.01,0.091,3,1000,0,1,0.001,0.1,9806,[1] ‘0.2.0’,[1] ‘2.0.1’,FALSE,200,0.05,simd_omp, 41.53M
b35244,22748964,2022-01-14T02:49:34Z,RUNNING,1-20:11:33,110000,0.01,1000,0.01,0.091,3,1000,0,1,0.001,0.1,3194,[1] ‘0.2.0’,[1] ‘2.0.1’,FALSE,200,0.05,simd_omp, 37.5M
b35244,22748965,2022-01-14T03:41:26Z,RUNNING,1-19:19:40,110000,0.001,1000,0.01,0.091,3,1000,0,1,0.001,0.1,23003,[1] ‘0.2.0’,[1] ‘2.0.1’,FALSE,200,0.05,simd_omp, 37.36M
b35244,22748966,2022-01-14T04:34:08Z,RUNNING,1-18:26:58,110000,5e-4,1000,0.01,0.091,3,1000,0,1,0.001,0.1,17834,[1] ‘0.2.0’,[1] ‘2.0.1’,FALSE,200,0.05,simd_omp, 37.3M
b35244,22748967,2022-01-14T05:19:24Z,COMPLETED,1-16:51:36,110000,1e-4,1000,0.01,0.091,3,1000,0,1,0.001,0.1,8636,[1] ‘0.2.0’,[1] ‘2.0.1’,FALSE,200,0.05,simd_omp, 36.2M
b35244,22748969,2022-01-14T19:10:41Z,FAILED,00:00:23,110000,0,1000,0.01,0.091,3,1000,0,1,0.001,0.1,27564,[1] ‘0.2.0’,[1] ‘2.0.1’,FALSE,200,0.05,simd_omp, 36K
